000000000
000000000
000000000
000000000
000000000
000000000
000000000
000000000
000000000
000000000
000000000
000000000
000000000
000000000
000000000
000000000
000000000
000000000
000000000
000000000
000000000
000000000
000000000
000000000
000000000
000000000
000000000
000000000
000000000
000000000
000000000
00010007c
000100000
0000ffff0
2000ffff0
000000000
2000ffff4
000000000
2000ffff8
000000000
2000ffffc
000000000
01000008e
010000000
000000053
210000000
000000053
000000054
210000000
000000054
000000041
210000000
000000041
000000052
210000000
000000052
000000054
210000000
000000054
00000000a
210000000
00000000a
000000000
000000000
0000000ce
0000000e0
100000be2
0000fffb0
2000fffe8
000000000
2000fffe4
000000000
2000fffd8
000000000
2000fffd4
000000000
2000fffc8
000000000
2000fffc4
000000000
2000fffc0
000000000
2000fffbc
000000000
2000fffec
0000000e0
2000fffe0
000000000
2000fffdc
000000000
2000fffd0
000000000
2000fffcc
000000000
000000000
000001000
000001000
000001000
000001000
030000000
000002000
000000001
000001048
0fffffc1c
100000162
200001048
00000002d
000000176
010000000
000001049
210000000
00000002d
200001049
00000002d
10000016c
00000104a
210000000
00000002d
20000104a
00000002d
10000016c
00000104b
210000000
00000002d
20000104b
000000020
10000016c
00000104c
210000000
000000020
20000104c
000000053
10000016c
00000104d
210000000
000000053
20000104d
000000074
10000016c
00000104e
210000000
000000074
20000104e
000000061
10000016c
00000104f
210000000
000000061
20000104f
000000072
10000016c
000001050
210000000
000000072
200001050
000000074
10000016c
000001051
210000000
000000074
200001051
000000069
10000016c
000001052
210000000
000000069
200001052
00000006e
10000016c
000001053
210000000
00000006e
200001053
000000067
10000016c
000001054
210000000
000000067
200001054
000000020
10000016c
000001055
210000000
000000020
200001055
000000054
10000016c
000001056
210000000
000000054
200001056
000000065
10000016c
000001057
210000000
000000065
200001057
000000073
10000016c
000001058
210000000
000000073
200001058
000000074
10000016c
000001059
210000000
000000074
200001059
000000020
10000016c
00000105a
210000000
000000020
20000105a
000000000
00000016c
100000c24
000000000
0fffffc26
100000178
0000fffa0
0000fffa4
0000fffa4
00000000a
000000186
000000196
000000000
0000fffa5
000000000
2000fffa4
000000000
100000180
000000186
100000196
010000000
2000fffa4
000000000
0000fffa4
000000030
210000000
000000030
00000019a
0000fffb0
100000c2e
00000105c
0fffffc32
100000162
20000105c
000000020
000000176
010000000
00000105d
210000000
000000020
20000105d
00000002d
10000016c
00000105e
210000000
00000002d
20000105e
00000002d
10000016c
00000105f
210000000
00000002d
20000105f
00000002d
10000016c
000001060
210000000
00000002d
200001060
00000000a
10000016c
000001061
210000000
00000000a
200001061
000000000
00000016c
100000c3a
230000000
000000000
200002000
000000002
200002004
000000003
200002008
000000003
20000200c
000000008
200002010
000000001
000001064
0fffffc54
100000162
200001064
000000050
000000176
010000000
000001065
210000000
000000050
200001065
000000061
10000016c
000001066
210000000
000000061
200001066
000000072
10000016c
000001067
210000000
000000072
200001067
000000073
10000016c
000001068
210000000
000000073
200001068
000000065
10000016c
000001069
210000000
000000065
200001069
000000064
10000016c
00000106a
210000000
000000064
20000106a
000000020
10000016c
00000106b
210000000
000000020
20000106b
000000043
10000016c
00000106c
210000000
000000043
20000106c
00000006f
10000016c
00000106d
210000000
00000006f
20000106d
00000006e
10000016c
00000106e
210000000
00000006e
20000106e
000000066
10000016c
00000106f
210000000
000000066
20000106f
000000069
10000016c
000001070
210000000
000000069
200001070
000000067
10000016c
000001071
210000000
000000067
200001071
000000020
10000016c
000001072
210000000
000000020
200001072
00000002d
10000016c
000001073
210000000
00000002d
200001073
00000003e
10000016c
000001074
210000000
00000003e
200001074
000000020
10000016c
000001075
210000000
000000020
200001075
00000004e
10000016c
000001076
210000000
00000004e
200001076
00000003a
10000016c
000001077
210000000
00000003a
200001077
000000000
00000016c
100000c5c
000000002
0fffffc5e
100000178
0000fffa0
0000fffa4
0000fffa4
00000000a
100000186
000000002
0000fffa5
000000000
2000fffa4
000000002
100000180
000000186
100000196
010000000
2000fffa4
000000002
0000fffa4
000000032
210000000
000000032
00000019a
0000fffb0
100000c66
000001078
0fffffc6a
100000162
200001078
000000020
000000176
010000000
000001079
210000000
000000020
200001079
000000048
10000016c
00000107a
210000000
000000048
20000107a
00000003a
10000016c
00000107b
210000000
00000003a
20000107b
000000000
00000016c
100000c72
000000003
0fffffc74
100000178
0000fffa0
0000fffa4
0000fffa4
00000000a
100000186
000000003
0000fffa5
000000000
2000fffa4
000000003
100000180
000000186
100000196
010000000
2000fffa4
000000003
0000fffa4
000000033
210000000
000000033
00000019a
0000fffb0
100000c7c
000001000
00000107c
0fffffc84
100000162
20000107c
000000020
000000176
010000000
00000107d
210000000
000000020
20000107d
000000057
10000016c
00000107e
210000000
000000057
20000107e
00000003a
10000016c
00000107f
210000000
00000003a
20000107f
000000000
00000016c
100000c8c
000000003
0fffffc8e
100000178
0000fffa0
0000fffa4
0000fffa4
00000000a
100000186
000000003
0000fffa5
000000000
2000fffa4
000000003
100000180
000000186
100000196
010000000
2000fffa4
000000003
0000fffa4
000000033
210000000
000000033
00000019a
0000fffb0
100000c96
000001000
000001080
0fffffc9e
100000162
200001080
000000020
000000176
010000000
000001081
210000000
000000020
200001081
000000043
10000016c
000001082
210000000
000000043
200001082
00000003a
10000016c
000001083
210000000
00000003a
200001083
000000000
00000016c
100000ca6
000000008
0fffffca8
100000178
0000fffa0
0000fffa4
0000fffa4
00000000a
100000186
000000008
0000fffa5
000000000
2000fffa4
000000008
100000180
000000186
100000196
010000000
2000fffa4
000000008
0000fffa4
000000038
210000000
000000038
00000019a
0000fffb0
100000cb0
000001000
0000010a4
0fffffcb8
100000162
2000010a4
00000000a
000000176
010000000
0000010a5
210000000
00000000a
2000010a5
000000000
00000016c
100000cc0
000001000
000001084
0fffffcc8
100000162
200001084
00000004c
000000176
010000000
000001085
210000000
00000004c
200001085
00000006f
10000016c
000001086
210000000
00000006f
200001086
000000061
10000016c
000001087
210000000
000000061
200001087
000000064
10000016c
000001088
210000000
000000064
200001088
000000069
10000016c
000001089
210000000
000000069
200001089
00000006e
10000016c
00000108a
210000000
00000006e
20000108a
000000067
10000016c
00000108b
210000000
000000067
20000108b
000000020
10000016c
00000108c
210000000
000000020
20000108c
000000074
10000016c
00000108d
210000000
000000074
20000108d
000000069
10000016c
00000108e
210000000
000000069
20000108e
00000006c
10000016c
00000108f
210000000
00000006c
20000108f
000000065
10000016c
000001090
210000000
000000065
200001090
000000021
10000016c
000001091
210000000
000000021
200001091
00000000a
10000016c
000001092
210000000
00000000a
200001092
000000000
00000016c
100000cd0
000000003
000080000
000000008
000000002
000000002
000000cdc
10000073e
000001000
2000010e0
010001000
210001014
000000002
210001018
000000002
21000101c
000000008
210001020
000080000
210001024
000000003
000000002
210001000
000000002
100000ce4
000000ce4
1000007ee
000001000
2000010e0
010001000
210001050
000000004
000000001
000000001
100000cec
000000ce4
000001000
000001094
230000008
000000001
0fffffcfa
100000162
200001094
00000004c
000000176
010000000
000001095
210000000
00000004c
200001095
00000006f
10000016c
000001096
210000000
00000006f
200001096
000000061
10000016c
000001097
210000000
000000061
200001097
000000064
10000016c
000001098
210000000
000000064
200001098
000000069
10000016c
000001099
210000000
000000069
200001099
00000006e
10000016c
00000109a
210000000
00000006e
20000109a
000000067
10000016c
00000109b
210000000
000000067
20000109b
000000020
10000016c
00000109c
210000000
000000020
20000109c
000000077
10000016c
00000109d
210000000
000000077
20000109d
000000065
10000016c
00000109e
210000000
000000065
20000109e
000000069
10000016c
00000109f
210000000
000000069
20000109f
000000067
10000016c
0000010a0
210000000
000000067
2000010a0
000000068
10000016c
0000010a1
210000000
000000068
2000010a1
000000074
10000016c
0000010a2
210000000
000000074
2000010a2
000000073
10000016c
0000010a3
210000000
000000073
2000010a3
000000021
10000016c
0000010a4
210000000
000000021
2000010a4
00000000a
10000016c
0000010a5
210000000
00000000a
2000010a5
000000000
00000016c
100000d02
000040000
000000008
000000003
000000003
000000002
000000d0e
10000076e
000001000
2000010e0
010001000
21000103c
000000002
210001040
000000003
210001044
000000003
210001048
000000008
21000104c
000040000
000000004
210001000
000000004
100000d16
000000d16
10000080e
000001000
2000010e0
010001000
210001050
000000014
000000001
000000001
100000d1e
000000d16
000001000
0000010a8
230000004
000000001
0fffffd2c
100000162
2000010a8
000000053
000000176
010000000
0000010a9
210000000
000000053
2000010a9
000000074
10000016c
0000010aa
210000000
000000074
2000010aa
00000006f
10000016c
0000010ab
210000000
00000006f
2000010ab
000000072
10000016c
0000010ac
210000000
000000072
2000010ac
000000069
10000016c
0000010ad
210000000
000000069
2000010ad
00000006e
10000016c
0000010ae
210000000
00000006e
2000010ae
000000067
10000016c
0000010af
210000000
000000067
2000010af
000000020
10000016c
0000010b0
210000000
000000020
2000010b0
000000074
10000016c
0000010b1
210000000
000000074
2000010b1
000000069
10000016c
0000010b2
210000000
000000069
2000010b2
00000006c
10000016c
0000010b3
210000000
00000006c
2000010b3
000000065
10000016c
0000010b4
210000000
000000065
2000010b4
000000021
10000016c
0000010b5
210000000
000000021
2000010b5
00000000a
10000016c
0000010b6
210000000
00000000a
2000010b6
000000000
00000016c
100000d34
000000003
0000c0000
000000008
000000002
000000002
000000d40
100000756
000001000
2000010e0
010001000
210001028
000000002
21000102c
000000002
210001030
000000008
210001034
0000c0000
210001038
000000003
000000003
210001000
000000003
100000d48
000000d48
1000007fe
000001000
2000010e0
010001000
210001050
00000001c
000000003
000000001
100000d50
000000d48
000001000
0000010b8
23000000c
000000001
0fffffd5e
100000162
2000010b8
000000052
000000176
010000000
0000010b9
210000000
000000052
2000010b9
000000065
10000016c
0000010ba
210000000
000000065
2000010ba
000000067
10000016c
0000010bb
210000000
000000067
2000010bb
000000020
10000016c
0000010bc
210000000
000000020
2000010bc
000000056
10000016c
0000010bd
210000000
000000056
2000010bd
000000061
10000016c
0000010be
210000000
000000061
2000010be
00000006c
10000016c
0000010bf
210000000
00000006c
2000010bf
000000073
10000016c
0000010c0
210000000
000000073
2000010c0
000000021
10000016c
0000010c1
210000000
000000021
2000010c1
00000000a
10000016c
0000010c2
210000000
00000000a
2000010c2
000000000
00000016c
100000d66
000000d66
10000082e
000001000
0000fffa0
000000e50
2000fffac
000000d6e
2000fffa8
000002000
2000fffa4
000000000
000001000
000000842
100000162
200000e50
000000063
000000176
010000000
000000e51
210000000
000000063
200000e51
00000006f
10000016c
000000e52
210000000
00000006f
200000e52
00000006d
10000016c
000000e53
210000000
00000006d
200000e53
00000006d
10000016c
000000e54
210000000
00000006d
200000e54
000000061
10000016c
000000e55
210000000
000000061
200000e55
00000006e
10000016c
000000e56
210000000
00000006e
200000e56
000000064
10000016c
000000e57
210000000
000000064
200000e57
00000005f
10000016c
000000e58
210000000
00000005f
200000e58
000000072
10000016c
000000e59
210000000
000000072
200000e59
000000065
10000016c
000000e5a
210000000
000000065
200000e5a
000000067
10000016c
000000e5b
210000000
000000067
200000e5b
00000003a
10000016c
000000e5c
210000000
00000003a
200000e5c
000000020
10000016c
000000e5d
210000000
000000020
200000e5d
000000020
10000016c
000000e5e
210000000
000000020
200000e5e
000000020
10000016c
000000e5f
210000000
000000020
200000e5f
000000020
10000016c
000000e60
210000000
000000020
200000e60
000000020
10000016c
000000e61
210000000
000000020
200000e61
000000020
10000016c
000000e62
210000000
000000020
200000e62
000000020
10000016c
000000e63
210000000
000000020
200000e63
000000020
10000016c
000000e64
210000000
000000020
200000e64
000000020
10000016c
000000e65
210000000
000000020
200000e65
000000020
10000016c
000000e66
210000000
000000020
200000e66
000000000
00000016c
10000084a
2000010e0
010001000
000000004
000001000
210001000
000000003
000000856
1000001ae
000000003
00000000c
00000000c
0000001de
000001000
0fffffffc
000000e00
010000000
000000000
000000000
000000e00
200000e00
000000030
000000008
210000000
000000030
1000001ca
000000000
000000000
000000e00
200000e00
000000030
000000004
210000000
000000030
1000001ca
000000000
000000000
000000e00
200000e00
000000030
000000000
210000000
000000030
1000001ca
000000003
000000003
000000e03
200000e03
000000033
0fffffffc
210000000
000000033
0000001ca
10000085e
0000010a4
000000862
100000162
2000010a4
00000000a
000000176
010000000
0000010a5
210000000
00000000a
2000010a5
000000000
00000016c
10000086a
000001000
000000e68
000000872
100000162
200000e68
000000063
000000176
010000000
000000e69
210000000
000000063
200000e69
00000006f
10000016c
000000e6a
210000000
00000006f
200000e6a
00000006d
10000016c
000000e6b
210000000
00000006d
200000e6b
000000070
10000016c
000000e6c
210000000
000000070
200000e6c
00000005f
10000016c
000000e6d
210000000
00000005f
200000e6d
000000063
10000016c
000000e6e
210000000
000000063
200000e6e
000000066
10000016c
000000e6f
210000000
000000066
200000e6f
000000067
10000016c
000000e70
210000000
000000067
200000e70
00000005f
10000016c
000000e71
210000000
00000005f
200000e71
000000072
10000016c
000000e72
210000000
000000072
200000e72
000000065
10000016c
000000e73
210000000
000000065
200000e73
000000067
10000016c
000000e74
210000000
000000067
200000e74
00000003a
10000016c
000000e75
210000000
00000003a
200000e75
000000020
10000016c
000000e76
210000000
000000020
200000e76
000000020
10000016c
000000e77
210000000
000000020
200000e77
000000020
10000016c
000000e78
210000000
000000020
200000e78
000000020
10000016c
000000e79
210000000
000000020
200000e79
000000020
10000016c
000000e7a
210000000
000000020
200000e7a
000000020
10000016c
000000e7b
210000000
000000020
200000e7b
000000020
10000016c
000000e7c
210000000
000000020
200000e7c
000000020
10000016c
000000e7d
210000000
000000020
200000e7d
000000020
10000016c
000000e7e
210000000
000000020
200000e7e
000000000
00000016c
10000087a
2000010e0
010001000
000000004
210001004
000000000
000000882
1000001ae
000000003
00000000c
00000000c
0000001de
000001000
0fffffffc
000000e00
010000000
000000000
000000000
000000e00
200000e00
000000030
000000008
210000000
000000030
1000001ca
000000000
000000000
000000e00
200000e00
000000030
000000004
210000000
000000030
1000001ca
000000000
000000000
000000e00
200000e00
000000030
000000000
210000000
000000030
1000001ca
000000000
000000000
000000e00
200000e00
000000030
0fffffffc
210000000
000000030
0000001ca
10000088a
0000010a4
00000088e
100000162
2000010a4
00000000a
000000176
010000000
0000010a5
210000000
00000000a
2000010a5
000000000
00000016c
100000896
000001000
000000e80
00000089e
100000162
200000e80
000000063
000000176
010000000
000000e81
210000000
000000063
200000e81
00000006f
10000016c
000000e82
210000000
00000006f
200000e82
00000006d
10000016c
000000e83
210000000
00000006d
200000e83
000000070
10000016c
000000e84
210000000
000000070
200000e84
00000005f
10000016c
000000e85
210000000
00000005f
200000e85
000000063
10000016c
000000e86
210000000
000000063
200000e86
000000066
10000016c
000000e87
210000000
000000066
200000e87
000000067
10000016c
000000e88
210000000
000000067
200000e88
00000005f
10000016c
000000e89
210000000
00000005f
200000e89
000000048
10000016c
000000e8a
210000000
000000048
200000e8a
00000005f
10000016c
000000e8b
210000000
00000005f
200000e8b
000000072
10000016c
000000e8c
210000000
000000072
200000e8c
000000065
10000016c
000000e8d
210000000
000000065
200000e8d
000000067
10000016c
000000e8e
210000000
000000067
200000e8e
00000003a
10000016c
000000e8f
210000000
00000003a
200000e8f
000000020
10000016c
000000e90
210000000
000000020
200000e90
000000020
10000016c
000000e91
210000000
000000020
200000e91
000000020
10000016c
000000e92
210000000
000000020
200000e92
000000020
10000016c
000000e93
210000000
000000020
200000e93
000000020
10000016c
000000e94
210000000
000000020
200000e94
000000020
10000016c
000000e95
210000000
000000020
200000e95
000000020
10000016c
000000e96
210000000
000000020
200000e96
000000000
00000016c
1000008a6
2000010e0
010001000
000000004
210001008
000000000
0000008ae
1000001ae
000000003
00000000c
00000000c
0000001de
000001000
0fffffffc
000000e00
010000000
000000000
000000000
000000e00
200000e00
000000030
000000008
210000000
000000030
1000001ca
000000000
000000000
000000e00
200000e00
000000030
000000004
210000000
000000030
1000001ca
000000000
000000000
000000e00
200000e00
000000030
000000000
210000000
000000030
1000001ca
000000000
000000000
000000e00
200000e00
000000030
0fffffffc
210000000
000000030
0000001ca
1000008b6
0000010a4
0000008ba
100000162
2000010a4
00000000a
000000176
010000000
0000010a5
210000000
00000000a
2000010a5
000000000
00000016c
1000008c2
000001000
000000e98
0000008ca
100000162
200000e98
000000063
000000176
010000000
000000e99
210000000
000000063
200000e99
00000006f
10000016c
000000e9a
210000000
00000006f
200000e9a
00000006d
10000016c
000000e9b
210000000
00000006d
200000e9b
000000070
10000016c
000000e9c
210000000
000000070
200000e9c
00000005f
10000016c
000000e9d
210000000
00000005f
200000e9d
000000063
10000016c
000000e9e
210000000
000000063
200000e9e
000000066
10000016c
000000e9f
210000000
000000066
200000e9f
000000067
10000016c
000000ea0
210000000
000000067
200000ea0
00000005f
10000016c
000000ea1
210000000
00000005f
200000ea1
000000057
10000016c
000000ea2
210000000
000000057
200000ea2
00000005f
10000016c
000000ea3
210000000
00000005f
200000ea3
000000072
10000016c
000000ea4
210000000
000000072
200000ea4
000000065
10000016c
000000ea5
210000000
000000065
200000ea5
000000067
10000016c
000000ea6
210000000
000000067
200000ea6
00000003a
10000016c
000000ea7
210000000
00000003a
200000ea7
000000020
10000016c
000000ea8
210000000
000000020
200000ea8
000000020
10000016c
000000ea9
210000000
000000020
200000ea9
000000020
10000016c
000000eaa
210000000
000000020
200000eaa
000000020
10000016c
000000eab
210000000
000000020
200000eab
000000020
10000016c
000000eac
210000000
000000020
200000eac
000000020
10000016c
000000ead
210000000
000000020
200000ead
000000020
10000016c
000000eae
210000000
000000020
200000eae
000000000
00000016c
1000008d2
2000010e0
010001000
000000004
21000100c
000000000
0000008da
1000001ae
000000003
00000000c
00000000c
0000001de
000001000
0fffffffc
000000e00
010000000
000000000
000000000
000000e00
200000e00
000000030
000000008
210000000
000000030
1000001ca
000000000
000000000
000000e00
200000e00
000000030
000000004
210000000
000000030
1000001ca
000000000
000000000
000000e00
200000e00
000000030
000000000
210000000
000000030
1000001ca
000000000
000000000
000000e00
200000e00
000000030
0fffffffc
210000000
000000030
0000001ca
1000008e2
0000010a4
0000008e6
100000162
2000010a4
00000000a
000000176
010000000
0000010a5
210000000
00000000a
2000010a5
000000000
00000016c
1000008ee
000001000
000000eb0
0000008f6
100000162
200000eb0
000000063
000000176
010000000
000000eb1
210000000
000000063
200000eb1
00000006f
10000016c
000000eb2
210000000
00000006f
200000eb2
00000006d
10000016c
000000eb3
210000000
00000006d
200000eb3
000000070
10000016c
000000eb4
210000000
000000070
200000eb4
00000005f
10000016c
000000eb5
210000000
00000005f
200000eb5
000000063
10000016c
000000eb6
210000000
000000063
200000eb6
000000066
10000016c
000000eb7
210000000
000000066
200000eb7
000000067
10000016c
000000eb8
210000000
000000067
200000eb8
00000005f
10000016c
000000eb9
210000000
00000005f
200000eb9
000000043
10000016c
000000eba
210000000
000000043
200000eba
00000005f
10000016c
000000ebb
210000000
00000005f
200000ebb
000000072
10000016c
000000ebc
210000000
000000072
200000ebc
000000065
10000016c
000000ebd
210000000
000000065
200000ebd
000000067
10000016c
000000ebe
210000000
000000067
200000ebe
00000003a
10000016c
000000ebf
210000000
00000003a
200000ebf
000000020
10000016c
000000ec0
210000000
000000020
200000ec0
000000020
10000016c
000000ec1
210000000
000000020
200000ec1
000000020
10000016c
000000ec2
210000000
000000020
200000ec2
000000020
10000016c
000000ec3
210000000
000000020
200000ec3
000000020
10000016c
000000ec4
210000000
000000020
200000ec4
000000020
10000016c
000000ec5
210000000
000000020
200000ec5
000000020
10000016c
000000ec6
210000000
000000020
200000ec6
000000000
00000016c
1000008fe
2000010e0
010001000
000000004
210001010
000000000
000000906
1000001ae
000000003
00000000c
00000000c
0000001de
000001000
0fffffffc
000000e00
010000000
000000000
000000000
000000e00
200000e00
000000030
000000008
210000000
000000030
1000001ca
000000000
000000000
000000e00
200000e00
000000030
000000004
210000000
000000030
1000001ca
000000000
000000000
000000e00
200000e00
000000030
000000000
210000000
000000030
1000001ca
000000000
000000000
000000e00
200000e00
000000030
0fffffffc
210000000
000000030
0000001ca
10000090e
0000010a4
000000912
100000162
2000010a4
00000000a
000000176
010000000
0000010a5
210000000
00000000a
2000010a5
000000000
00000016c
10000091a
000001000
000000ec8
000000922
100000162
200000ec8
000000069
000000176
010000000
000000ec9
210000000
000000069
200000ec9
00000006e
10000016c
000000eca
210000000
00000006e
200000eca
000000070
10000016c
000000ecb
210000000
000000070
200000ecb
000000075
10000016c
000000ecc
210000000
000000075
200000ecc
000000074
10000016c
000000ecd
210000000
000000074
200000ecd
00000005f
10000016c
000000ece
210000000
00000005f
200000ece
000000074
10000016c
000000ecf
210000000
000000074
200000ecf
000000069
10000016c
000000ed0
210000000
000000069
200000ed0
00000006c
10000016c
000000ed1
210000000
00000006c
200000ed1
000000065
10000016c
000000ed2
210000000
000000065
200000ed2
00000005f
10000016c
000000ed3
210000000
00000005f
200000ed3
000000063
10000016c
000000ed4
210000000
000000063
200000ed4
000000066
10000016c
000000ed5
210000000
000000066
200000ed5
000000067
10000016c
000000ed6
210000000
000000067
200000ed6
00000005f
10000016c
000000ed7
210000000
00000005f
200000ed7
000000048
10000016c
000000ed8
210000000
000000048
200000ed8
00000005f
10000016c
000000ed9
210000000
00000005f
200000ed9
000000072
10000016c
000000eda
210000000
000000072
200000eda
000000065
10000016c
000000edb
210000000
000000065
200000edb
000000067
10000016c
000000edc
210000000
000000067
200000edc
00000003a
10000016c
000000edd
210000000
00000003a
200000edd
000000020
10000016c
000000ede
210000000
000000020
200000ede
000000000
00000016c
10000092a
2000010e0
010001000
000000004
210001014
000000002
000000932
1000001ae
000000003
00000000c
00000000c
0000001de
000001000
0fffffffc
000000e00
010000000
000000000
000000000
000000e00
200000e00
000000030
000000008
210000000
000000030
1000001ca
000000000
000000000
000000e00
200000e00
000000030
000000004
210000000
000000030
1000001ca
000000000
000000000
000000e00
200000e00
000000030
000000000
210000000
000000030
1000001ca
000000002
000000002
000000e02
200000e02
000000032
0fffffffc
210000000
000000032
0000001ca
10000093a
0000010a4
00000093e
100000162
2000010a4
00000000a
000000176
010000000
0000010a5
210000000
00000000a
2000010a5
000000000
00000016c
100000946
000001000
000000ee0
00000094e
100000162
200000ee0
000000069
000000176
010000000
000000ee1
210000000
000000069
200000ee1
00000006e
10000016c
000000ee2
210000000
00000006e
200000ee2
000000070
10000016c
000000ee3
210000000
000000070
200000ee3
000000075
10000016c
000000ee4
210000000
000000075
200000ee4
000000074
10000016c
000000ee5
210000000
000000074
200000ee5
00000005f
10000016c
000000ee6
210000000
00000005f
200000ee6
000000074
10000016c
000000ee7
210000000
000000074
200000ee7
000000069
10000016c
000000ee8
210000000
000000069
200000ee8
00000006c
10000016c
000000ee9
210000000
00000006c
200000ee9
000000065
10000016c
000000eea
210000000
000000065
200000eea
00000005f
10000016c
000000eeb
210000000
00000005f
200000eeb
000000063
10000016c
000000eec
210000000
000000063
200000eec
000000066
10000016c
000000eed
210000000
000000066
200000eed
000000067
10000016c
000000eee
210000000
000000067
200000eee
00000005f
10000016c
000000eef
210000000
00000005f
200000eef
000000057
10000016c
000000ef0
210000000
000000057
200000ef0
00000005f
10000016c
000000ef1
210000000
00000005f
200000ef1
000000072
10000016c
000000ef2
210000000
000000072
200000ef2
000000065
10000016c
000000ef3
210000000
000000065
200000ef3
000000067
10000016c
000000ef4
210000000
000000067
200000ef4
00000003a
10000016c
000000ef5
210000000
00000003a
200000ef5
000000020
10000016c
000000ef6
210000000
000000020
200000ef6
000000000
00000016c
100000956
2000010e0
010001000
000000004
210001018
000000002
00000095e
1000001ae
000000003
00000000c
00000000c
0000001de
000001000
0fffffffc
000000e00
010000000
000000000
000000000
000000e00
200000e00
000000030
000000008
210000000
000000030
1000001ca
000000000
000000000
000000e00
200000e00
000000030
000000004
210000000
000000030
1000001ca
000000000
000000000
000000e00
200000e00
000000030
000000000
210000000
000000030
1000001ca
000000002
000000002
000000e02
200000e02
000000032
0fffffffc
210000000
000000032
0000001ca
100000966
0000010a4
0fffff96a
100000162
2000010a4
00000000a
000000176
010000000
0000010a5
210000000
00000000a
2000010a5
000000000
00000016c
100000972
000001000
000000ef8
0fffff97a
100000162
200000ef8
000000069
000000176
010000000
000000ef9
210000000
000000069
200000ef9
00000006e
10000016c
000000efa
210000000
00000006e
200000efa
000000070
10000016c
000000efb
210000000
000000070
200000efb
000000075
10000016c
000000efc
210000000
000000075
200000efc
000000074
10000016c
000000efd
210000000
000000074
200000efd
00000005f
10000016c
000000efe
210000000
00000005f
200000efe
000000074
10000016c
000000eff
210000000
000000074
200000eff
000000069
10000016c
000000f00
210000000
000000069
200000f00
00000006c
10000016c
000000f01
210000000
00000006c
200000f01
000000065
10000016c
000000f02
210000000
000000065
200000f02
00000005f
10000016c
000000f03
210000000
00000005f
200000f03
000000063
10000016c
000000f04
210000000
000000063
200000f04
000000066
10000016c
000000f05
210000000
000000066
200000f05
000000067
10000016c
000000f06
210000000
000000067
200000f06
00000005f
10000016c
000000f07
210000000
00000005f
200000f07
000000043
10000016c
000000f08
210000000
000000043
200000f08
00000005f
10000016c
000000f09
210000000
00000005f
200000f09
000000072
10000016c
000000f0a
210000000
000000072
200000f0a
000000065
10000016c
000000f0b
210000000
000000065
200000f0b
000000067
10000016c
000000f0c
210000000
000000067
200000f0c
00000003a
10000016c
000000f0d
210000000
00000003a
200000f0d
000000020
10000016c
000000f0e
210000000
000000020
200000f0e
000000000
00000016c
100000982
2000010e0
010001000
000000004
21000101c
000000008
00000098a
1000001ae
000000003
00000000c
00000000c
0000001de
000001000
0fffffffc
000000e00
010000000
000000000
000000000
000000e00
200000e00
000000030
000000008
210000000
000000030
1000001ca
000000000
000000000
000000e00
200000e00
000000030
000000004
210000000
000000030
1000001ca
000000000
000000000
000000e00
200000e00
000000030
000000000
210000000
000000030
1000001ca
000000008
000000008
000000e08
200000e08
000000038
0fffffffc
210000000
000000038
0000001ca
100000992
0000010a4
0fffff996
100000162
2000010a4
00000000a
000000176
010000000
0000010a5
210000000
00000000a
2000010a5
000000000
00000016c
10000099e
000001000
000000f10
0fffff9a6
100000162
200000f10
000000069
000000176
010000000
000000f11
210000000
000000069
200000f11
00000006e
10000016c
000000f12
210000000
00000006e
200000f12
000000070
10000016c
000000f13
210000000
000000070
200000f13
000000075
10000016c
000000f14
210000000
000000075
200000f14
000000074
10000016c
000000f15
210000000
000000074
200000f15
00000005f
10000016c
000000f16
210000000
00000005f
200000f16
000000074
10000016c
000000f17
210000000
000000074
200000f17
000000069
10000016c
000000f18
210000000
000000069
200000f18
00000006c
10000016c
000000f19
210000000
00000006c
200000f19
000000065
10000016c
000000f1a
210000000
000000065
200000f1a
00000005f
10000016c
000000f1b
210000000
00000005f
200000f1b
000000061
10000016c
000000f1c
210000000
000000061
200000f1c
000000064
10000016c
000000f1d
210000000
000000064
200000f1d
000000064
10000016c
000000f1e
210000000
000000064
200000f1e
000000072
10000016c
000000f1f
210000000
000000072
200000f1f
00000005f
10000016c
000000f20
210000000
00000005f
200000f20
000000072
10000016c
000000f21
210000000
000000072
200000f21
000000065
10000016c
000000f22
210000000
000000065
200000f22
000000067
10000016c
000000f23
210000000
000000067
200000f23
00000003a
10000016c
000000f24
210000000
00000003a
200000f24
000000020
10000016c
000000f25
210000000
000000020
200000f25
000000020
10000016c
000000f26
210000000
000000020
200000f26
000000000
00000016c
1000009ae
2000010e0
010001000
000000008
210001020
000080000
0fffff9b6
1000001ae
000000007
00000001c
00000001c
0000001de
000001000
0fffffffc
000000e00
010000000
000000000
000000000
000000e00
200000e00
000000030
000000018
210000000
000000030
1000001ca
000000000
000000000
000000e00
200000e00
000000030
000000014
210000000
000000030
1000001ca
000000000
000000000
000000e00
200000e00
000000030
000000010
210000000
000000030
1000001ca
000000008
000000008
000000e08
200000e08
000000038
00000000c
210000000
000000038
1000001ca
000000080
000000000
000000e00
200000e00
000000030
000000008
210000000
000000030
1000001ca
000000800
000000000
000000e00
200000e00
000000030
000000004
210000000
000000030
1000001ca
000008000
000000000
000000e00
200000e00
000000030
000000000
210000000
000000030
1000001ca
000080000
000000000
000000e00
200000e00
000000030
0fffffffc
210000000
000000030
0000001ca
1000009be
0000010a4
0fffff9c2
100000162
2000010a4
00000000a
000000176
010000000
0000010a5
210000000
00000000a
2000010a5
000000000
00000016c
1000009ca
000001000
000000f28
0fffff9d2
100000162
200000f28
000000069
000000176
010000000
000000f29
210000000
000000069
200000f29
00000006e
10000016c
000000f2a
210000000
00000006e
200000f2a
000000070
10000016c
000000f2b
210000000
000000070
200000f2b
000000075
10000016c
000000f2c
210000000
000000075
200000f2c
000000074
10000016c
000000f2d
210000000
000000074
200000f2d
00000005f
10000016c
000000f2e
210000000
00000005f
200000f2e
000000074
10000016c
000000f2f
210000000
000000074
200000f2f
000000069
10000016c
000000f30
210000000
000000069
200000f30
00000006c
10000016c
000000f31
210000000
00000006c
200000f31
000000065
10000016c
000000f32
210000000
000000065
200000f32
00000005f
10000016c
000000f33
210000000
00000005f
200000f33
00000006d
10000016c
000000f34
210000000
00000006d
200000f34
000000061
10000016c
000000f35
210000000
000000061
200000f35
000000074
10000016c
000000f36
210000000
000000074
200000f36
00000005f
10000016c
000000f37
210000000
00000005f
200000f37
000000057
10000016c
000000f38
210000000
000000057
200000f38
00000005f
10000016c
000000f39
210000000
00000005f
200000f39
000000072
10000016c
000000f3a
210000000
000000072
200000f3a
000000065
10000016c
000000f3b
210000000
000000065
200000f3b
000000067
10000016c
000000f3c
210000000
000000067
200000f3c
00000003a
10000016c
000000f3d
210000000
00000003a
200000f3d
000000020
10000016c
000000f3e
210000000
000000020
200000f3e
000000000
00000016c
1000009da
2000010e0
010001000
000000004
210001024
000000003
0fffff9e2
1000001ae
000000003
00000000c
00000000c
0000001de
000001000
0fffffffc
000000e00
010000000
000000000
000000000
000000e00
200000e00
000000030
000000008
210000000
000000030
1000001ca
000000000
000000000
000000e00
200000e00
000000030
000000004
210000000
000000030
1000001ca
000000000
000000000
000000e00
200000e00
000000030
000000000
210000000
000000030
1000001ca
000000003
000000003
000000e03
200000e03
000000033
0fffffffc
210000000
000000033
0000001ca
1000009ea
0000010a4
0fffff9ee
100000162
2000010a4
00000000a
000000176
010000000
0000010a5
210000000
00000000a
2000010a5
000000000
00000016c
1000009f6
000001000
000000f40
0fffff9fe
100000162
200000f40
00000006f
000000176
010000000
000000f41
210000000
00000006f
200000f41
000000075
10000016c
000000f42
210000000
000000075
200000f42
000000074
10000016c
000000f43
210000000
000000074
200000f43
000000070
10000016c
000000f44
210000000
000000070
200000f44
000000075
10000016c
000000f45
210000000
000000075
200000f45
000000074
10000016c
000000f46
210000000
000000074
200000f46
00000005f
10000016c
000000f47
210000000
00000005f
200000f47
000000074
10000016c
000000f48
210000000
000000074
200000f48
000000069
10000016c
000000f49
210000000
000000069
200000f49
00000006c
10000016c
000000f4a
210000000
00000006c
200000f4a
000000065
10000016c
000000f4b
210000000
000000065
200000f4b
00000005f
10000016c
000000f4c
210000000
00000005f
200000f4c
000000063
10000016c
000000f4d
210000000
000000063
200000f4d
000000066
10000016c
000000f4e
210000000
000000066
200000f4e
000000067
10000016c
000000f4f
210000000
000000067
200000f4f
00000005f
10000016c
000000f50
210000000
00000005f
200000f50
000000048
10000016c
000000f51
210000000
000000048
200000f51
00000005f
10000016c
000000f52
210000000
00000005f
200000f52
000000072
10000016c
000000f53
210000000
000000072
200000f53
000000065
10000016c
000000f54
210000000
000000065
200000f54
000000067
10000016c
000000f55
210000000
000000067
200000f55
00000003a
10000016c
000000f56
210000000
00000003a
200000f56
000000000
00000016c
100000a06
2000010e0
010001000
000000004
210001028
000000002
0fffffa0e
1000001ae
000000003
00000000c
00000000c
0000001de
000001000
0fffffffc
000000e00
010000000
000000000
000000000
000000e00
200000e00
000000030
000000008
210000000
000000030
1000001ca
000000000
000000000
000000e00
200000e00
000000030
000000004
210000000
000000030
1000001ca
000000000
000000000
000000e00
200000e00
000000030
000000000
210000000
000000030
1000001ca
000000002
000000002
000000e02
200000e02
000000032
0fffffffc
210000000
000000032
0000001ca
100000a16
0000010a4
0fffffa1a
100000162
2000010a4
00000000a
000000176
010000000
0000010a5
210000000
00000000a
2000010a5
000000000
00000016c
100000a22
000001000
000000f58
0fffffa2a
100000162
200000f58
00000006f
000000176
010000000
000000f59
210000000
00000006f
200000f59
000000075
10000016c
000000f5a
210000000
000000075
200000f5a
000000074
10000016c
000000f5b
210000000
000000074
200000f5b
000000070
10000016c
000000f5c
210000000
000000070
200000f5c
000000075
10000016c
000000f5d
210000000
000000075
200000f5d
000000074
10000016c
000000f5e
210000000
000000074
200000f5e
00000005f
10000016c
000000f5f
210000000
00000005f
200000f5f
000000074
10000016c
000000f60
210000000
000000074
200000f60
000000069
10000016c
000000f61
210000000
000000069
200000f61
00000006c
10000016c
000000f62
210000000
00000006c
200000f62
000000065
10000016c
000000f63
210000000
000000065
200000f63
00000005f
10000016c
000000f64
210000000
00000005f
200000f64
000000063
10000016c
000000f65
210000000
000000063
200000f65
000000066
10000016c
000000f66
210000000
000000066
200000f66
000000067
10000016c
000000f67
210000000
000000067
200000f67
00000005f
10000016c
000000f68
210000000
00000005f
200000f68
000000057
10000016c
000000f69
210000000
000000057
200000f69
00000005f
10000016c
000000f6a
210000000
00000005f
200000f6a
000000072
10000016c
000000f6b
210000000
000000072
200000f6b
000000065
10000016c
000000f6c
210000000
000000065
200000f6c
000000067
10000016c
000000f6d
210000000
000000067
200000f6d
00000003a
10000016c
000000f6e
210000000
00000003a
200000f6e
000000000
00000016c
100000a32
2000010e0
010001000
000000004
21000102c
000000002
0fffffa3a
1000001ae
000000003
00000000c
00000000c
0000001de
000001000
0fffffffc
000000e00
010000000
000000000
000000000
000000e00
200000e00
000000030
000000008
210000000
000000030
1000001ca
000000000
000000000
000000e00
200000e00
000000030
000000004
210000000
000000030
1000001ca
000000000
000000000
000000e00
200000e00
000000030
000000000
210000000
000000030
1000001ca
000000002
000000002
000000e02
200000e02
000000032
0fffffffc
210000000
000000032
0000001ca
100000a42
0000010a4
0fffffa46
100000162
2000010a4
00000000a
000000176
010000000
0000010a5
210000000
00000000a
2000010a5
000000000
00000016c
100000a4e
000001000
000000f70
0fffffa56
100000162
200000f70
00000006f
000000176
010000000
000000f71
210000000
00000006f
200000f71
000000075
10000016c
000000f72
210000000
000000075
200000f72
000000074
10000016c
000000f73
210000000
000000074
200000f73
000000070
10000016c
000000f74
210000000
000000070
200000f74
000000075
10000016c
000000f75
210000000
000000075
200000f75
000000074
10000016c
000000f76
210000000
000000074
200000f76
00000005f
10000016c
000000f77
210000000
00000005f
200000f77
000000074
10000016c
000000f78
210000000
000000074
200000f78
000000069
10000016c
000000f79
210000000
000000069
200000f79
00000006c
10000016c
000000f7a
210000000
00000006c
200000f7a
000000065
10000016c
000000f7b
210000000
000000065
200000f7b
00000005f
10000016c
000000f7c
210000000
00000005f
200000f7c
000000063
10000016c
000000f7d
210000000
000000063
200000f7d
000000066
10000016c
000000f7e
210000000
000000066
200000f7e
000000067
10000016c
000000f7f
210000000
000000067
200000f7f
00000005f
10000016c
000000f80
210000000
00000005f
200000f80
000000043
10000016c
000000f81
210000000
000000043
200000f81
00000005f
10000016c
000000f82
210000000
00000005f
200000f82
000000072
10000016c
000000f83
210000000
000000072
200000f83
000000065
10000016c
000000f84
210000000
000000065
200000f84
000000067
10000016c
000000f85
210000000
000000067
200000f85
00000003a
10000016c
000000f86
210000000
00000003a
200000f86
000000000
00000016c
100000a5e
2000010e0
010001000
000000004
210001030
000000008
0fffffa66
1000001ae
000000003
00000000c
00000000c
0000001de
000001000
0fffffffc
000000e00
010000000
000000000
000000000
000000e00
200000e00
000000030
000000008
210000000
000000030
1000001ca
000000000
000000000
000000e00
200000e00
000000030
000000004
210000000
000000030
1000001ca
000000000
000000000
000000e00
200000e00
000000030
000000000
210000000
000000030
1000001ca
000000008
000000008
000000e08
200000e08
000000038
0fffffffc
210000000
000000038
0000001ca
100000a6e
0000010a4
0fffffa72
100000162
2000010a4
00000000a
000000176
010000000
0000010a5
210000000
00000000a
2000010a5
000000000
00000016c
100000a7a
000001000
000000f88
0fffffa82
100000162
200000f88
00000006f
000000176
010000000
000000f89
210000000
00000006f
200000f89
000000075
10000016c
000000f8a
210000000
000000075
200000f8a
000000074
10000016c
000000f8b
210000000
000000074
200000f8b
000000070
10000016c
000000f8c
210000000
000000070
200000f8c
000000075
10000016c
000000f8d
210000000
000000075
200000f8d
000000074
10000016c
000000f8e
210000000
000000074
200000f8e
00000005f
10000016c
000000f8f
210000000
00000005f
200000f8f
000000074
10000016c
000000f90
210000000
000000074
200000f90
000000069
10000016c
000000f91
210000000
000000069
200000f91
00000006c
10000016c
000000f92
210000000
00000006c
200000f92
000000065
10000016c
000000f93
210000000
000000065
200000f93
00000005f
10000016c
000000f94
210000000
00000005f
200000f94
000000061
10000016c
000000f95
210000000
000000061
200000f95
000000064
10000016c
000000f96
210000000
000000064
200000f96
000000064
10000016c
000000f97
210000000
000000064
200000f97
000000072
10000016c
000000f98
210000000
000000072
200000f98
00000005f
10000016c
000000f99
210000000
00000005f
200000f99
000000072
10000016c
000000f9a
210000000
000000072
200000f9a
000000065
10000016c
000000f9b
210000000
000000065
200000f9b
000000067
10000016c
000000f9c
210000000
000000067
200000f9c
00000003a
10000016c
000000f9d
210000000
00000003a
200000f9d
000000020
10000016c
000000f9e
210000000
000000020
200000f9e
000000000
00000016c
100000a8a
2000010e0
010001000
000000008
210001034
0000c0000
0fffffa92
1000001ae
000000007
00000001c
00000001c
0000001de
000001000
0fffffffc
000000e00
010000000
000000000
000000000
000000e00
200000e00
000000030
000000018
210000000
000000030
1000001ca
000000000
000000000
000000e00
200000e00
000000030
000000014
210000000
000000030
1000001ca
000000000
000000000
000000e00
200000e00
000000030
000000010
210000000
000000030
1000001ca
00000000c
00000000c
000000e0c
200000e0c
000000043
00000000c
210000000
000000043
1000001ca
0000000c0
000000000
000000e00
200000e00
000000030
000000008
210000000
000000030
1000001ca
000000c00
000000000
000000e00
200000e00
000000030
000000004
210000000
000000030
1000001ca
00000c000
000000000
000000e00
200000e00
000000030
000000000
210000000
000000030
1000001ca
0000c0000
000000000
000000e00
200000e00
000000030
0fffffffc
210000000
000000030
0000001ca
100000a9a
0000010a4
0fffffa9e
100000162
2000010a4
00000000a
000000176
010000000
0000010a5
210000000
00000000a
2000010a5
000000000
00000016c
100000aa6
000001000
000000fa0
0fffffaae
100000162
200000fa0
00000006f
000000176
010000000
000000fa1
210000000
00000006f
200000fa1
000000075
10000016c
000000fa2
210000000
000000075
200000fa2
000000074
10000016c
000000fa3
210000000
000000074
200000fa3
000000070
10000016c
000000fa4
210000000
000000070
200000fa4
000000075
10000016c
000000fa5
210000000
000000075
200000fa5
000000074
10000016c
000000fa6
210000000
000000074
200000fa6
00000005f
10000016c
000000fa7
210000000
00000005f
200000fa7
000000074
10000016c
000000fa8
210000000
000000074
200000fa8
000000069
10000016c
000000fa9
210000000
000000069
200000fa9
00000006c
10000016c
000000faa
210000000
00000006c
200000faa
000000065
10000016c
000000fab
210000000
000000065
200000fab
00000005f
10000016c
000000fac
210000000
00000005f
200000fac
00000006d
10000016c
000000fad
210000000
00000006d
200000fad
000000061
10000016c
000000fae
210000000
000000061
200000fae
000000074
10000016c
000000faf
210000000
000000074
200000faf
00000005f
10000016c
000000fb0
210000000
00000005f
200000fb0
000000057
10000016c
000000fb1
210000000
000000057
200000fb1
00000005f
10000016c
000000fb2
210000000
00000005f
200000fb2
000000072
10000016c
000000fb3
210000000
000000072
200000fb3
000000065
10000016c
000000fb4
210000000
000000065
200000fb4
000000067
10000016c
000000fb5
210000000
000000067
200000fb5
00000003a
10000016c
000000fb6
210000000
00000003a
200000fb6
000000000
00000016c
100000ab6
2000010e0
010001000
000000004
210001038
000000003
0fffffabe
1000001ae
000000003
00000000c
00000000c
0000001de
000001000
0fffffffc
000000e00
010000000
000000000
000000000
000000e00
200000e00
000000030
000000008
210000000
000000030
1000001ca
000000000
000000000
000000e00
200000e00
000000030
000000004
210000000
000000030
1000001ca
000000000
000000000
000000e00
200000e00
000000030
000000000
210000000
000000030
1000001ca
000000003
000000003
000000e03
200000e03
000000033
0fffffffc
210000000
000000033
0000001ca
100000ac6
0000010a4
0fffffaca
100000162
2000010a4
00000000a
000000176
010000000
0000010a5
210000000
00000000a
2000010a5
000000000
00000016c
100000ad2
000001000
000000fb8
0fffffada
100000162
200000fb8
000000077
000000176
010000000
000000fb9
210000000
000000077
200000fb9
000000065
10000016c
000000fba
210000000
000000065
200000fba
000000069
10000016c
000000fbb
210000000
000000069
200000fbb
000000067
10000016c
000000fbc
210000000
000000067
200000fbc
000000068
10000016c
000000fbd
210000000
000000068
200000fbd
000000074
10000016c
000000fbe
210000000
000000074
200000fbe
00000005f
10000016c
000000fbf
210000000
00000005f
200000fbf
000000063
10000016c
000000fc0
210000000
000000063
200000fc0
000000066
10000016c
000000fc1
210000000
000000066
200000fc1
000000067
10000016c
000000fc2
210000000
000000067
200000fc2
00000005f
10000016c
000000fc3
210000000
00000005f
200000fc3
00000004e
10000016c
000000fc4
210000000
00000004e
200000fc4
00000005f
10000016c
000000fc5
210000000
00000005f
200000fc5
000000072
10000016c
000000fc6
210000000
000000072
200000fc6
000000065
10000016c
000000fc7
210000000
000000065
200000fc7
000000067
10000016c
000000fc8
210000000
000000067
200000fc8
00000003a
10000016c
000000fc9
210000000
00000003a
200000fc9
000000020
10000016c
000000fca
210000000
000000020
200000fca
000000020
10000016c
000000fcb
210000000
000000020
200000fcb
000000020
10000016c
000000fcc
210000000
000000020
200000fcc
000000020
10000016c
000000fcd
210000000
000000020
200000fcd
000000020
10000016c
000000fce
210000000
000000020
200000fce
000000000
00000016c
100000ae2
2000010e0
010001000
000000004
21000103c
000000002
0fffffaea
1000001ae
000000003
00000000c
00000000c
0000001de
000001000
0fffffffc
000000e00
010000000
000000000
000000000
000000e00
200000e00
000000030
000000008
210000000
000000030
1000001ca
000000000
000000000
000000e00
200000e00
000000030
000000004
210000000
000000030
1000001ca
000000000
000000000
000000e00
200000e00
000000030
000000000
210000000
000000030
1000001ca
000000002
000000002
000000e02
200000e02
000000032
0fffffffc
210000000
000000032
0000001ca
100000af2
0000010a4
0fffffaf6
100000162
2000010a4
00000000a
000000176
010000000
0000010a5
210000000
00000000a
2000010a5
000000000
00000016c
100000afe
000001000
000000fd0
0fffffb06
100000162
200000fd0
000000077
000000176
010000000
000000fd1
210000000
000000077
200000fd1
000000065
10000016c
000000fd2
210000000
000000065
200000fd2
000000069
10000016c
000000fd3
210000000
000000069
200000fd3
000000067
10000016c
000000fd4
210000000
000000067
200000fd4
000000068
10000016c
000000fd5
210000000
000000068
200000fd5
000000074
10000016c
000000fd6
210000000
000000074
200000fd6
00000005f
10000016c
000000fd7
210000000
00000005f
200000fd7
000000063
10000016c
000000fd8
210000000
000000063
200000fd8
000000066
10000016c
000000fd9
210000000
000000066
200000fd9
000000067
10000016c
000000fda
210000000
000000067
200000fda
00000005f
10000016c
000000fdb
210000000
00000005f
200000fdb
000000048
10000016c
000000fdc
210000000
000000048
200000fdc
00000005f
10000016c
000000fdd
210000000
00000005f
200000fdd
000000072
10000016c
000000fde
210000000
000000072
200000fde
000000065
10000016c
000000fdf
210000000
000000065
200000fdf
000000067
10000016c
000000fe0
210000000
000000067
200000fe0
00000003a
10000016c
000000fe1
210000000
00000003a
200000fe1
000000020
10000016c
000000fe2
210000000
000000020
200000fe2
000000020
10000016c
000000fe3
210000000
000000020
200000fe3
000000020
10000016c
000000fe4
210000000
000000020
200000fe4
000000020
10000016c
000000fe5
210000000
000000020
200000fe5
000000020
10000016c
000000fe6
210000000
000000020
200000fe6
000000000
00000016c
100000b0e
2000010e0
010001000
000000004
210001040
000000003
0fffffb16
1000001ae
000000003
00000000c
00000000c
0000001de
000001000
0fffffffc
000000e00
010000000
000000000
000000000
000000e00
200000e00
000000030
000000008
210000000
000000030
1000001ca
000000000
000000000
000000e00
200000e00
000000030
000000004
210000000
000000030
1000001ca
000000000
000000000
000000e00
200000e00
000000030
000000000
210000000
000000030
1000001ca
000000003
000000003
000000e03
200000e03
000000033
0fffffffc
210000000
000000033
0000001ca
100000b1e
0000010a4
0fffffb22
100000162
2000010a4
00000000a
000000176
010000000
0000010a5
210000000
00000000a
2000010a5
000000000
00000016c
100000b2a
000001000
000000fe8
0fffffb32
100000162
200000fe8
000000077
000000176
010000000
000000fe9
210000000
000000077
200000fe9
000000065
10000016c
000000fea
210000000
000000065
200000fea
000000069
10000016c
000000feb
210000000
000000069
200000feb
000000067
10000016c
000000fec
210000000
000000067
200000fec
000000068
10000016c
000000fed
210000000
000000068
200000fed
000000074
10000016c
000000fee
210000000
000000074
200000fee
00000005f
10000016c
000000fef
210000000
00000005f
200000fef
000000063
10000016c
000000ff0
210000000
000000063
200000ff0
000000066
10000016c
000000ff1
210000000
000000066
200000ff1
000000067
10000016c
000000ff2
210000000
000000067
200000ff2
00000005f
10000016c
000000ff3
210000000
00000005f
200000ff3
000000057
10000016c
000000ff4
210000000
000000057
200000ff4
00000005f
10000016c
000000ff5
210000000
00000005f
200000ff5
000000072
10000016c
000000ff6
210000000
000000072
200000ff6
000000065
10000016c
000000ff7
210000000
000000065
200000ff7
000000067
10000016c
000000ff8
210000000
000000067
200000ff8
00000003a
10000016c
000000ff9
210000000
00000003a
200000ff9
000000020
10000016c
000000ffa
210000000
000000020
200000ffa
000000020
10000016c
000000ffb
210000000
000000020
200000ffb
000000020
10000016c
000000ffc
210000000
000000020
200000ffc
000000020
10000016c
000000ffd
210000000
000000020
200000ffd
000000020
10000016c
000000ffe
210000000
000000020
200000ffe
000000000
00000016c
100000b3a
2000010e0
010001000
000000004
210001044
000000003
0fffffb42
1000001ae
000000003
00000000c
00000000c
0000001de
000001000
0fffffffc
000000e00
010000000
000000000
000000000
000000e00
200000e00
000000030
000000008
210000000
000000030
1000001ca
000000000
000000000
000000e00
200000e00
000000030
000000004
210000000
000000030
1000001ca
000000000
000000000
000000e00
200000e00
000000030
000000000
210000000
000000030
1000001ca
000000003
000000003
000000e03
200000e03
000000033
0fffffffc
210000000
000000033
0000001ca
100000b4a
0000010a4
0fffffb4e
100000162
2000010a4
00000000a
000000176
010000000
0000010a5
210000000
00000000a
2000010a5
000000000
00000016c
100000b56
000001000
000001000
0fffffb5e
100000162
200001000
000000077
000000176
010000000
000001001
210000000
000000077
200001001
000000065
10000016c
000001002
210000000
000000065
200001002
000000069
10000016c
000001003
210000000
000000069
200001003
000000067
10000016c
000001004
210000000
000000067
200001004
000000068
10000016c
000001005
210000000
000000068
200001005
000000074
10000016c
000001006
210000000
000000074
200001006
00000005f
10000016c
000001007
210000000
00000005f
200001007
000000063
10000016c
000001008
210000000
000000063
200001008
000000066
10000016c
000001009
210000000
000000066
200001009
000000067
10000016c
00000100a
210000000
000000067
20000100a
00000005f
10000016c
00000100b
210000000
00000005f
20000100b
000000043
10000016c
00000100c
210000000
000000043
20000100c
00000005f
10000016c
00000100d
210000000
00000005f
20000100d
000000072
10000016c
00000100e
210000000
000000072
20000100e
000000065
10000016c
00000100f
210000000
000000065
20000100f
000000067
10000016c
000001010
210000000
000000067
200001010
00000003a
10000016c
000001011
210000000
00000003a
200001011
000000020
10000016c
000001012
210000000
000000020
200001012
000000020
10000016c
000001013
210000000
000000020
200001013
000000020
10000016c
000001014
210000000
000000020
200001014
000000020
10000016c
000001015
210000000
000000020
200001015
000000020
10000016c
000001016
210000000
000000020
200001016
000000000
00000016c
100000b66
2000010e0
010001000
000000004
210001048
000000008
0fffffb6e
1000001ae
000000003
00000000c
00000000c
0000001de
000001000
0fffffffc
000000e00
010000000
000000000
000000000
000000e00
200000e00
000000030
000000008
210000000
000000030
1000001ca
000000000
000000000
000000e00
200000e00
000000030
000000004
210000000
000000030
1000001ca
000000000
000000000
000000e00
200000e00
000000030
000000000
210000000
000000030
1000001ca
000000008
000000008
000000e08
200000e08
000000038
0fffffffc
210000000
000000038
0000001ca
100000b76
0000010a4
0fffffb7a
100000162
2000010a4
00000000a
000000176
010000000
0000010a5
210000000
00000000a
2000010a5
000000000
00000016c
100000b82
000001000
000001018
0fffffb8a
100000162
200001018
000000077
000000176
010000000
000001019
210000000
000000077
200001019
000000065
10000016c
00000101a
210000000
000000065
20000101a
000000069
10000016c
00000101b
210000000
000000069
20000101b
000000067
10000016c
00000101c
210000000
000000067
20000101c
000000068
10000016c
00000101d
210000000
000000068
20000101d
000000074
10000016c
00000101e
210000000
000000074
20000101e
00000005f
10000016c
00000101f
210000000
00000005f
20000101f
000000061
10000016c
000001020
210000000
000000061
200001020
000000064
10000016c
000001021
210000000
000000064
200001021
000000064
10000016c
000001022
210000000
000000064
200001022
000000072
10000016c
000001023
210000000
000000072
200001023
000000065
10000016c
000001024
210000000
000000065
200001024
000000073
10000016c
000001025
210000000
000000073
200001025
000000073
10000016c
000001026
210000000
000000073
200001026
00000005f
10000016c
000001027
210000000
00000005f
200001027
000000072
10000016c
000001028
210000000
000000072
200001028
000000065
10000016c
000001029
210000000
000000065
200001029
000000067
10000016c
00000102a
210000000
000000067
20000102a
00000003a
10000016c
00000102b
210000000
00000003a
20000102b
000000020
10000016c
00000102c
210000000
000000020
20000102c
000000020
10000016c
00000102d
210000000
000000020
20000102d
000000020
10000016c
00000102e
210000000
000000020
20000102e
000000000
00000016c
100000b92
2000010e0
010001000
000000008
21000104c
000040000
0fffffb9a
1000001ae
000000007
00000001c
00000001c
0000001de
000001000
0fffffffc
000000e00
010000000
000000000
000000000
000000e00
200000e00
000000030
000000018
210000000
000000030
1000001ca
000000000
000000000
000000e00
200000e00
000000030
000000014
210000000
000000030
1000001ca
000000000
000000000
000000e00
200000e00
000000030
000000010
210000000
000000030
1000001ca
000000004
000000004
000000e04
200000e04
000000034
00000000c
210000000
000000034
1000001ca
000000040
000000000
000000e00
200000e00
000000030
000000008
210000000
000000030
1000001ca
000000400
000000000
000000e00
200000e00
000000030
000000004
210000000
000000030
1000001ca
000004000
000000000
000000e00
200000e00
000000030
000000000
210000000
000000030
1000001ca
000040000
000000000
000000e00
200000e00
000000030
0fffffffc
210000000
000000030
0000001ca
100000ba2
0000010a4
0fffffba6
100000162
2000010a4
00000000a
000000176
010000000
0000010a5
210000000
00000000a
2000010a5
000000000
00000016c
100000bae
000001000
000001030
0fffffbb6
100000162
200001030
000000073
000000176
010000000
000001031
210000000
000000073
200001031
000000074
10000016c
000001032
210000000
000000074
200001032
000000061
10000016c
000001033
210000000
000000061
200001033
000000074
10000016c
000001034
210000000
000000074
200001034
000000075
10000016c
000001035
210000000
000000075
200001035
000000073
10000016c
000001036
210000000
000000073
200001036
00000005f
10000016c
000001037
210000000
00000005f
200001037
000000072
10000016c
000001038
210000000
000000072
200001038
000000065
10000016c
000001039
210000000
000000065
200001039
000000067
10000016c
00000103a
210000000
000000067
20000103a
00000003a
10000016c
00000103b
210000000
00000003a
20000103b
000000020
10000016c
00000103c
210000000
000000020
20000103c
000000020
10000016c
00000103d
210000000
000000020
20000103d
000000020
10000016c
00000103e
210000000
000000020
20000103e
000000020
10000016c
00000103f
210000000
000000020
20000103f
000000020
10000016c
000001040
210000000
000000020
200001040
000000020
10000016c
000001041
210000000
000000020
200001041
000000020
10000016c
000001042
210000000
000000020
200001042
000000020
10000016c
000001043
210000000
000000020
200001043
000000020
10000016c
000001044
210000000
000000020
200001044
000000020
10000016c
000001045
210000000
000000020
200001045
000000020
10000016c
000001046
210000000
000000020
200001046
000000000
00000016c
100000bbe
2000010e0
010001000
000000004
210001050
00000001c
0fffffbc6
1000001ae
000000003
00000000c
00000000c
0000001de
000001000
0fffffffc
000000e00
010000000
000000000
000000000
000000e00
200000e00
000000030
000000008
210000000
000000030
1000001ca
000000000
000000000
000000e00
200000e00
000000030
000000004
210000000
000000030
1000001ca
000000001
000000001
000000e01
200000e01
000000031
000000000
210000000
000000031
1000001ca
00000001c
00000000c
000000e0c
200000e0c
000000043
0fffffffc
210000000
000000043
0000001ca
100000bce
0000010a4
2000fffa8
000002000
2000fffac
000000d6e
2000fffa4
000000000
0000fffb0
0fffffbda
100000162
2000010a4
00000000a
000000176
010000000
0000010a5
210000000
00000000a
2000010a5
000000000
00000016c
100000d6e
000000001
000000008
100000c18
000001048
0fffffc1c
100000162
200001048
00000002d
000000176
010000000
000001049
210000000
00000002d
200001049
00000002d
10000016c
00000104a
210000000
00000002d
20000104a
00000002d
10000016c
00000104b
210000000
00000002d
20000104b
000000020
10000016c
00000104c
210000000
000000020
20000104c
000000053
10000016c
00000104d
210000000
000000053
20000104d
000000074
10000016c
00000104e
210000000
000000074
20000104e
000000061
10000016c
00000104f
210000000
000000061
20000104f
000000072
10000016c
000001050
210000000
000000072
200001050
000000074
10000016c
000001051
210000000
000000074
200001051
000000069
10000016c
000001052
210000000
000000069
200001052
00000006e
10000016c
000001053
210000000
00000006e
200001053
000000067
10000016c
000001054
210000000
000000067
200001054
000000020
10000016c
000001055
210000000
000000020
200001055
000000054
10000016c
000001056
210000000
000000054
200001056
000000065
10000016c
000001057
210000000
000000065
200001057
000000073
10000016c
000001058
210000000
000000073
200001058
000000074
10000016c
000001059
210000000
000000074
200001059
000000020
10000016c
00000105a
210000000
000000020
20000105a
000000000
00000016c
100000c24
000000001
0fffffc26
100000178
0000fffa0
0000fffa4
0000fffa4
00000000a
100000186
000000001
0000fffa5
000000000
2000fffa4
000000001
100000180
000000186
100000196
010000000
2000fffa4
000000001
0000fffa4
000000031
210000000
000000031
00000019a
0000fffb0
100000c2e
00000105c
0fffffc32
100000162
20000105c
000000020
000000176
010000000
00000105d
210000000
000000020
20000105d
00000002d
10000016c
00000105e
210000000
00000002d
20000105e
00000002d
10000016c
00000105f
210000000
00000002d
20000105f
00000002d
10000016c
000001060
210000000
00000002d
200001060
00000000a
10000016c
000001061
210000000
00000000a
200001061
000000000
00000016c
100000c3a
230000000
000000001
200002000
000000002
200002004
000000003
200002008
000000003
20000200c
000000009
200002010
000000002
000001064
0fffffc54
100000162
200001064
000000050
000000176
010000000
000001065
210000000
000000050
200001065
000000061
10000016c
000001066
210000000
000000061
200001066
000000072
10000016c
000001067
210000000
000000072
200001067
000000073
10000016c
000001068
210000000
000000073
200001068
000000065
10000016c
000001069
210000000
000000065
200001069
000000064
10000016c
00000106a
210000000
000000064
20000106a
000000020
10000016c
00000106b
210000000
000000020
20000106b
000000043
10000016c
00000106c
210000000
000000043
20000106c
00000006f
10000016c
00000106d
210000000
00000006f
20000106d
00000006e
10000016c
00000106e
210000000
00000006e
20000106e
000000066
10000016c
00000106f
210000000
000000066
20000106f
000000069
10000016c
000001070
210000000
000000069
200001070
000000067
10000016c
000001071
210000000
000000067
200001071
000000020
10000016c
000001072
210000000
000000020
200001072
00000002d
10000016c
000001073
210000000
00000002d
200001073
00000003e
10000016c
000001074
210000000
00000003e
200001074
000000020
10000016c
000001075
210000000
000000020
200001075
00000004e
10000016c
000001076
210000000
00000004e
200001076
00000003a
10000016c
000001077
210000000
00000003a
200001077
000000000
00000016c
100000c5c
000000002
0fffffc5e
100000178
0000fffa0
0000fffa4
0000fffa4
00000000a
100000186
000000002
0000fffa5
000000000
2000fffa4
000000002
100000180
000000186
100000196
010000000
2000fffa4
000000002
0000fffa4
000000032
210000000
000000032
00000019a
0000fffb0
100000c66
000001078
0fffffc6a
100000162
200001078
000000020
000000176
010000000
000001079
210000000
000000020
200001079
000000048
10000016c
00000107a
210000000
000000048
20000107a
00000003a
10000016c
00000107b
210000000
00000003a
20000107b
000000000
00000016c
100000c72
000000003
0fffffc74
100000178
0000fffa0
0000fffa4
0000fffa4
00000000a
100000186
000000003
0000fffa5
000000000
2000fffa4
000000003
100000180
000000186
100000196
010000000
2000fffa4
000000003
0000fffa4
000000033
210000000
000000033
00000019a
0000fffb0
100000c7c
000001000
00000107c
0fffffc84
100000162
20000107c
000000020
000000176
010000000
00000107d
210000000
000000020
20000107d
000000057
10000016c
00000107e
210000000
000000057
20000107e
00000003a
10000016c
00000107f
210000000
00000003a
20000107f
000000000
00000016c
100000c8c
000000003
0fffffc8e
100000178
0000fffa0
0000fffa4
0000fffa4
00000000a
100000186
000000003
0000fffa5
000000000
2000fffa4
000000003
100000180
000000186
100000196
010000000
2000fffa4
000000003
0000fffa4
000000033
210000000
000000033
00000019a
0000fffb0
100000c96
000001000
000001080
0fffffc9e
100000162
200001080
000000020
000000176
010000000
000001081
210000000
000000020
200001081
000000043
10000016c
000001082
210000000
000000043
200001082
00000003a
10000016c
000001083
210000000
00000003a
200001083
000000000
00000016c
100000ca6
000000009
0fffffca8
100000178
0000fffa0
0000fffa4
0000fffa4
00000000a
100000186
000000009
0000fffa5
000000000
2000fffa4
000000009
100000180
000000186
100000196
010000000
2000fffa4
000000009
0000fffa4
000000039
210000000
000000039
00000019a
0000fffb0
100000cb0
000001000
0000010a4
0fffffcb8
100000162
2000010a4
00000000a
000000176
010000000
0000010a5
210000000
00000000a
2000010a5
000000000
00000016c
100000cc0
000001000
000001084
0fffffcc8
100000162
200001084
00000004c
000000176
010000000
000001085
210000000
00000004c
200001085
00000006f
10000016c
000001086
210000000
00000006f
200001086
000000061
10000016c
000001087
210000000
000000061
200001087
000000064
10000016c
000001088
210000000
000000064
200001088
000000069
10000016c
000001089
210000000
000000069
200001089
00000006e
10000016c
00000108a
210000000
00000006e
20000108a
000000067
10000016c
00000108b
210000000
000000067
20000108b
000000020
10000016c
00000108c
210000000
000000020
20000108c
000000074
10000016c
00000108d
210000000
000000074
20000108d
000000069
10000016c
00000108e
210000000
000000069
20000108e
00000006c
10000016c
00000108f
210000000
00000006c
20000108f
000000065
10000016c
000001090
210000000
000000065
200001090
000000021
10000016c
000001091
210000000
000000021
200001091
00000000a
10000016c
000001092
210000000
00000000a
200001092
000000000
00000016c
100000cd0
000000003
000080000
000000009
000000002
000000002
000000cdc
10000073e
000001000
2000010e0
010001000
210001014
000000002
210001018
000000002
21000101c
000000009
210001020
000080000
210001024
000000003
000000002
210001000
000000002
100000ce4
000000ce4
1000007ee
000001000
2000010e0
010001000
210001050
00000001c
000000007
000000001
100000cec
000000ce4
000001000
000001094
230000008
000000001
0fffffcfa
100000162
200001094
00000004c
000000176
010000000
000001095
210000000
00000004c
200001095
00000006f
10000016c
000001096
210000000
00000006f
200001096
000000061
10000016c
000001097
210000000
000000061
200001097
000000064
10000016c
000001098
210000000
000000064
200001098
000000069
10000016c
000001099
210000000
000000069
200001099
00000006e
10000016c
00000109a
210000000
00000006e
20000109a
000000067
10000016c
00000109b
210000000
000000067
20000109b
000000020
10000016c
00000109c
210000000
000000020
20000109c
000000077
10000016c
00000109d
210000000
000000077
20000109d
000000065
10000016c
00000109e
210000000
000000065
20000109e
000000069
10000016c
00000109f
210000000
000000069
20000109f
000000067
10000016c
0000010a0
210000000
000000067
2000010a0
000000068
10000016c
0000010a1
210000000
000000068
2000010a1
000000074
10000016c
0000010a2
210000000
000000074
2000010a2
000000073
10000016c
0000010a3
210000000
000000073
2000010a3
000000021
10000016c
0000010a4
210000000
000000021
2000010a4
00000000a
10000016c
0000010a5
210000000
00000000a
2000010a5
000000000
00000016c
100000d02
000040000
000000009
000000003
000000003
000000002
000000d0e
10000076e
000001000
2000010e0
010001000
21000103c
000000002
210001040
000000003
210001044
000000003
210001048
000000009
21000104c
000040000
000000004
210001000
000000004
100000d16
000000d16
10000080e
000001000
2000010e0
010001000
210001050
00000001c
000000001
000000001
100000d1e
000000d16
000001000
0000010a8
230000004
000000001
0fffffd2c
100000162
2000010a8
000000053
000000176
010000000
0000010a9
210000000
000000053
2000010a9
000000074
10000016c
0000010aa
210000000
000000074
2000010aa
00000006f
10000016c
0000010ab
210000000
00000006f
2000010ab
000000072
10000016c
0000010ac
210000000
000000072
2000010ac
000000069
10000016c
0000010ad
210000000
000000069
2000010ad
00000006e
10000016c
0000010ae
210000000
00000006e
2000010ae
000000067
10000016c
0000010af
210000000
000000067
2000010af
000000020
10000016c
0000010b0
210000000
000000020
2000010b0
000000074
10000016c
0000010b1
210000000
000000074
2000010b1
000000069
10000016c
0000010b2
210000000
000000069
2000010b2
00000006c
10000016c
0000010b3
210000000
00000006c
2000010b3
000000065
10000016c
0000010b4
210000000
000000065
2000010b4
000000021
10000016c
0000010b5
210000000
000000021
2000010b5
00000000a
10000016c
0000010b6
210000000
00000000a
2000010b6
000000000
00000016c
100000d34
000000003
0000c0000
000000009
000000002
000000002
000000d40
100000756
000001000
2000010e0
010001000
210001028
000000002
21000102c
000000002
210001030
000000009
210001034
0000c0000
210001038
000000003
000000003
210001000
000000003
100000d48
000000d48
1000007fe
000001000
2000010e0
010001000
210001050
00000001c
000000003
000000001
100000d50
000000d48
000001000
0000010b8
23000000c
000000001
0fffffd5e
100000162
2000010b8
000000052
000000176
010000000
0000010b9
210000000
000000052
2000010b9
000000065
10000016c
0000010ba
210000000
000000065
2000010ba
000000067
10000016c
0000010bb
210000000
000000067
2000010bb
000000020
10000016c
0000010bc
210000000
000000020
2000010bc
000000056
10000016c
0000010bd
210000000
000000056
2000010bd
000000061
10000016c
0000010be
210000000
000000061
2000010be
00000006c
10000016c
0000010bf
210000000
00000006c
2000010bf
000000073
10000016c
0000010c0
210000000
000000073
2000010c0
000000021
10000016c
0000010c1
210000000
000000021
2000010c1
00000000a
10000016c
0000010c2
210000000
00000000a
2000010c2
000000000
00000016c
100000d66
000000d66
10000082e
000001000
0000fffa0
000000e50
2000fffac
000000d6e
2000fffa8
000002000
2000fffa4
000000001
000001000
000000842
100000162
200000e50
000000063
000000176
010000000
000000e51
210000000
000000063
200000e51
00000006f
10000016c
000000e52
210000000
00000006f
200000e52
00000006d
10000016c
000000e53
210000000
00000006d
200000e53
00000006d
10000016c
000000e54
210000000
00000006d
200000e54
000000061
10000016c
000000e55
210000000
000000061
200000e55
00000006e
10000016c
000000e56
210000000
00000006e
200000e56
000000064
10000016c
000000e57
210000000
000000064
200000e57
00000005f
10000016c
000000e58
210000000
00000005f
200000e58
000000072
10000016c
000000e59
210000000
000000072
200000e59
000000065
10000016c
000000e5a
210000000
000000065
200000e5a
000000067
10000016c
000000e5b
210000000
000000067
200000e5b
00000003a
10000016c
000000e5c
210000000
00000003a
200000e5c
000000020
10000016c
000000e5d
210000000
000000020
200000e5d
000000020
10000016c
000000e5e
210000000
000000020
200000e5e
000000020
10000016c
000000e5f
210000000
000000020
200000e5f
000000020
10000016c
000000e60
210000000
000000020
200000e60
000000020
10000016c
000000e61
210000000
000000020
200000e61
000000020
10000016c
000000e62
210000000
000000020
200000e62
000000020
10000016c
000000e63
210000000
000000020
200000e63
000000020
10000016c
000000e64
210000000
000000020
200000e64
000000020
10000016c
000000e65
210000000
000000020
200000e65
000000020
10000016c
000000e66
210000000
000000020
200000e66
000000000
00000016c
10000084a
2000010e0
010001000
000000004
000001000
210001000
000000003
000000856
1000001ae
000000003
00000000c
00000000c
0000001de
000001000
0fffffffc
000000e00
010000000
000000000
000000000
000000e00
200000e00
000000030
000000008
210000000
000000030
1000001ca
000000000
000000000
000000e00
200000e00
000000030
000000004
210000000
000000030
1000001ca
000000000
000000000
000000e00
200000e00
000000030
000000000
210000000
000000030
1000001ca
000000003
000000003
000000e03
200000e03
000000033
0fffffffc
210000000
000000033
0000001ca
10000085e
0000010a4
000000862
100000162
2000010a4
00000000a
000000176
010000000
0000010a5
210000000
00000000a
2000010a5
000000000
00000016c
10000086a
000001000
000000e68
000000872
100000162
200000e68
000000063
000000176
010000000
000000e69
210000000
000000063
200000e69
00000006f
10000016c
000000e6a
210000000
00000006f
200000e6a
00000006d
10000016c
000000e6b
210000000
00000006d
200000e6b
000000070
10000016c
000000e6c
210000000
000000070
200000e6c
00000005f
10000016c
000000e6d
210000000
00000005f
200000e6d
000000063
10000016c
000000e6e
210000000
000000063
200000e6e
000000066
10000016c
000000e6f
210000000
000000066
200000e6f
000000067
10000016c
000000e70
210000000
000000067
200000e70
00000005f
10000016c
000000e71
210000000
00000005f
200000e71
000000072
10000016c
000000e72
210000000
000000072
200000e72
000000065
10000016c
000000e73
210000000
000000065
200000e73
000000067
10000016c
000000e74
210000000
000000067
200000e74
00000003a
10000016c
000000e75
210000000
00000003a
200000e75
000000020
10000016c
000000e76
210000000
000000020
200000e76
000000020
10000016c
000000e77
210000000
000000020
200000e77
000000020
10000016c
000000e78
210000000
000000020
200000e78
000000020
10000016c
000000e79
210000000
000000020
200000e79
000000020
10000016c
000000e7a
210000000
000000020
200000e7a
000000020
10000016c
000000e7b
210000000
000000020
200000e7b
000000020
10000016c
000000e7c
210000000
000000020
200000e7c
000000020
10000016c
000000e7d
210000000
000000020
200000e7d
000000020
10000016c
000000e7e
210000000
000000020
200000e7e
000000000
00000016c
10000087a
2000010e0
010001000
000000004
210001004
000000000
000000882
1000001ae
000000003
00000000c
00000000c
0000001de
000001000
0fffffffc
000000e00
010000000
000000000
000000000
000000e00
200000e00
000000030
000000008
210000000
000000030
1000001ca
000000000
000000000
000000e00
200000e00
000000030
000000004
210000000
000000030
1000001ca
000000000
000000000
000000e00
200000e00
000000030
000000000
210000000
000000030
1000001ca
000000000
000000000
000000e00
200000e00
000000030
0fffffffc
210000000
000000030
0000001ca
10000088a
0000010a4
00000088e
100000162
2000010a4
00000000a
000000176
010000000
0000010a5
210000000
00000000a
2000010a5
000000000
00000016c
100000896
000001000
000000e80
00000089e
100000162
200000e80
000000063
000000176
010000000
000000e81
210000000
000000063
200000e81
00000006f
10000016c
000000e82
210000000
00000006f
200000e82
00000006d
10000016c
000000e83
210000000
00000006d
200000e83
000000070
10000016c
000000e84
210000000
000000070
200000e84
00000005f
10000016c
000000e85
210000000
00000005f
200000e85
000000063
10000016c
000000e86
210000000
000000063
200000e86
000000066
10000016c
000000e87
210000000
000000066
200000e87
000000067
10000016c
000000e88
210000000
000000067
200000e88
00000005f
10000016c
000000e89
210000000
00000005f
200000e89
000000048
10000016c
000000e8a
210000000
000000048
200000e8a
00000005f
10000016c
000000e8b
210000000
00000005f
200000e8b
000000072
10000016c
000000e8c
210000000
000000072
200000e8c
000000065
10000016c
000000e8d
210000000
000000065
200000e8d
000000067
10000016c
000000e8e
210000000
000000067
200000e8e
00000003a
10000016c
000000e8f
210000000
00000003a
200000e8f
000000020
10000016c
000000e90
210000000
000000020
200000e90
000000020
10000016c
000000e91
210000000
000000020
200000e91
000000020
10000016c
000000e92
210000000
000000020
200000e92
000000020
10000016c
000000e93
210000000
000000020
200000e93
000000020
10000016c
000000e94
210000000
000000020
200000e94
000000020
10000016c
000000e95
210000000
000000020
200000e95
000000020
10000016c
000000e96
210000000
000000020
200000e96
000000000
00000016c
1000008a6
2000010e0
010001000
000000004
210001008
000000000
0000008ae
1000001ae
000000003
00000000c
00000000c
0000001de
000001000
0fffffffc
000000e00
010000000
000000000
000000000
000000e00
200000e00
000000030
000000008
210000000
000000030
1000001ca
000000000
000000000
000000e00
200000e00
000000030
000000004
210000000
000000030
1000001ca
000000000
000000000
000000e00
200000e00
000000030
000000000
210000000
000000030
1000001ca
000000000
000000000
000000e00
200000e00
000000030
0fffffffc
210000000
000000030
0000001ca
1000008b6
0000010a4
0000008ba
100000162
2000010a4
00000000a
000000176
010000000
0000010a5
210000000
00000000a
2000010a5
000000000
00000016c
1000008c2
000001000
000000e98
0000008ca
100000162
200000e98
000000063
000000176
010000000
000000e99
210000000
000000063
200000e99
00000006f
10000016c
000000e9a
210000000
00000006f
200000e9a
00000006d
10000016c
000000e9b
210000000
00000006d
200000e9b
000000070
10000016c
000000e9c
210000000
000000070
200000e9c
00000005f
10000016c
000000e9d
210000000
00000005f
200000e9d
000000063
10000016c
000000e9e
210000000
000000063
200000e9e
000000066
10000016c
000000e9f
210000000
000000066
200000e9f
000000067
10000016c
000000ea0
210000000
000000067
200000ea0
00000005f
10000016c
000000ea1
210000000
00000005f
200000ea1
000000057
10000016c
000000ea2
210000000
000000057
200000ea2
00000005f
10000016c
000000ea3
210000000
00000005f
200000ea3
000000072
10000016c
000000ea4
210000000
000000072
200000ea4
000000065
10000016c
000000ea5
210000000
000000065
200000ea5
000000067
10000016c
000000ea6
210000000
000000067
200000ea6
00000003a
10000016c
000000ea7
210000000
00000003a
200000ea7
000000020
10000016c
000000ea8
210000000
000000020
200000ea8
000000020
10000016c
000000ea9
210000000
000000020
200000ea9
000000020
10000016c
000000eaa
210000000
000000020
200000eaa
000000020
10000016c
000000eab
210000000
000000020
200000eab
000000020
10000016c
000000eac
210000000
000000020
200000eac
000000020
10000016c
000000ead
210000000
000000020
200000ead
000000020
10000016c
000000eae
210000000
000000020
200000eae
000000000
00000016c
1000008d2
2000010e0
010001000
000000004
21000100c
000000000
0000008da
1000001ae
000000003
00000000c
00000000c
0000001de
000001000
0fffffffc
000000e00
010000000
000000000
000000000
000000e00
200000e00
000000030
000000008
210000000
000000030
1000001ca
000000000
000000000
000000e00
200000e00
000000030
000000004
210000000
000000030
1000001ca
000000000
000000000
000000e00
200000e00
000000030
000000000
210000000
000000030
1000001ca
000000000
000000000
000000e00
200000e00
000000030
0fffffffc
210000000
000000030
0000001ca
1000008e2
0000010a4
0000008e6
100000162
2000010a4
00000000a
000000176
010000000
0000010a5
210000000
00000000a
2000010a5
000000000
00000016c
1000008ee
000001000
000000eb0
0000008f6
100000162
200000eb0
000000063
000000176
010000000
000000eb1
210000000
000000063
200000eb1
00000006f
10000016c
000000eb2
210000000
00000006f
200000eb2
00000006d
10000016c
000000eb3
210000000
00000006d
200000eb3
000000070
10000016c
000000eb4
210000000
000000070
200000eb4
00000005f
10000016c
000000eb5
210000000
00000005f
200000eb5
000000063
10000016c
000000eb6
210000000
000000063
200000eb6
000000066
10000016c
000000eb7
210000000
000000066
200000eb7
000000067
10000016c
000000eb8
210000000
000000067
200000eb8
00000005f
10000016c
000000eb9
210000000
00000005f
200000eb9
000000043
10000016c
000000eba
210000000
000000043
200000eba
00000005f
10000016c
000000ebb
210000000
00000005f
200000ebb
000000072
10000016c
000000ebc
210000000
000000072
200000ebc
000000065
10000016c
000000ebd
210000000
000000065
200000ebd
000000067
10000016c
000000ebe
210000000
000000067
200000ebe
00000003a
10000016c
000000ebf
210000000
00000003a
200000ebf
000000020
10000016c
000000ec0
210000000
000000020
200000ec0
000000020
10000016c
000000ec1
210000000
000000020
200000ec1
000000020
10000016c
000000ec2
210000000
000000020
200000ec2
000000020
10000016c
000000ec3
210000000
000000020
200000ec3
000000020
10000016c
000000ec4
210000000
000000020
200000ec4
000000020
10000016c
000000ec5
210000000
000000020
200000ec5
000000020
10000016c
000000ec6
210000000
000000020
200000ec6
000000000
00000016c
1000008fe
2000010e0
010001000
000000004
210001010
000000000
000000906
1000001ae
000000003
00000000c
00000000c
0000001de
000001000
0fffffffc
000000e00
010000000
000000000
000000000
000000e00
200000e00
000000030
000000008
210000000
000000030
1000001ca
000000000
000000000
000000e00
200000e00
000000030
000000004
210000000
000000030
1000001ca
000000000
000000000
000000e00
200000e00
000000030
000000000
210000000
000000030
1000001ca
000000000
000000000
000000e00
200000e00
000000030
0fffffffc
210000000
000000030
0000001ca
10000090e
0000010a4
000000912
100000162
2000010a4
00000000a
000000176
010000000
0000010a5
210000000
00000000a
2000010a5
000000000
00000016c
10000091a
000001000
000000ec8
000000922
100000162
200000ec8
000000069
000000176
010000000
000000ec9
210000000
000000069
200000ec9
00000006e
10000016c
000000eca
210000000
00000006e
200000eca
000000070
10000016c
000000ecb
210000000
000000070
200000ecb
000000075
10000016c
000000ecc
210000000
000000075
200000ecc
000000074
10000016c
000000ecd
210000000
000000074
200000ecd
00000005f
10000016c
000000ece
210000000
00000005f
200000ece
000000074
10000016c
000000ecf
210000000
000000074
200000ecf
000000069
10000016c
000000ed0
210000000
000000069
200000ed0
00000006c
10000016c
000000ed1
210000000
00000006c
200000ed1
000000065
10000016c
000000ed2
210000000
000000065
200000ed2
00000005f
10000016c
000000ed3
210000000
00000005f
200000ed3
000000063
10000016c
000000ed4
210000000
000000063
200000ed4
000000066
10000016c
000000ed5
210000000
000000066
200000ed5
000000067
10000016c
000000ed6
210000000
000000067
200000ed6
00000005f
10000016c
000000ed7
210000000
00000005f
200000ed7
000000048
10000016c
000000ed8
210000000
000000048
200000ed8
00000005f
10000016c
000000ed9
210000000
00000005f
200000ed9
000000072
10000016c
000000eda
210000000
000000072
200000eda
000000065
10000016c
000000edb
210000000
000000065
200000edb
000000067
10000016c
000000edc
210000000
000000067
200000edc
00000003a
10000016c
000000edd
210000000
00000003a
200000edd
000000020
10000016c
000000ede
210000000
000000020
200000ede
000000000
00000016c
10000092a
2000010e0
010001000
000000004
210001014
000000002
000000932
1000001ae
000000003
00000000c
00000000c
0000001de
000001000
0fffffffc
000000e00
010000000
000000000
000000000
000000e00
200000e00
000000030
000000008
210000000
000000030
1000001ca
000000000
000000000
000000e00
200000e00
000000030
000000004
210000000
000000030
1000001ca
000000000
000000000
000000e00
200000e00
000000030
000000000
210000000
000000030
1000001ca
000000002
000000002
000000e02
200000e02
000000032
0fffffffc
210000000
000000032
0000001ca
10000093a
0000010a4
00000093e
100000162
2000010a4
00000000a
000000176
010000000
0000010a5
210000000
00000000a
2000010a5
000000000
00000016c
100000946
000001000
000000ee0
00000094e
100000162
200000ee0
000000069
000000176
010000000
000000ee1
210000000
000000069
200000ee1
00000006e
10000016c
000000ee2
210000000
00000006e
200000ee2
000000070
10000016c
000000ee3
210000000
000000070
200000ee3
000000075
10000016c
000000ee4
210000000
000000075
200000ee4
000000074
10000016c
000000ee5
210000000
000000074
200000ee5
00000005f
10000016c
000000ee6
210000000
00000005f
200000ee6
000000074
10000016c
000000ee7
210000000
000000074
200000ee7
000000069
10000016c
000000ee8
210000000
000000069
200000ee8
00000006c
10000016c
000000ee9
210000000
00000006c
200000ee9
000000065
10000016c
000000eea
210000000
000000065
200000eea
00000005f
10000016c
000000eeb
210000000
00000005f
200000eeb
000000063
10000016c
000000eec
210000000
000000063
200000eec
000000066
10000016c
000000eed
210000000
000000066
200000eed
000000067
10000016c
000000eee
210000000
000000067
200000eee
00000005f
10000016c
000000eef
210000000
00000005f
200000eef
000000057
10000016c
000000ef0
210000000
000000057
200000ef0
00000005f
10000016c
000000ef1
210000000
00000005f
200000ef1
000000072
10000016c
000000ef2
210000000
000000072
200000ef2
000000065
10000016c
000000ef3
210000000
000000065
200000ef3
000000067
10000016c
000000ef4
210000000
000000067
200000ef4
00000003a
10000016c
000000ef5
210000000
00000003a
200000ef5
000000020
10000016c
000000ef6
210000000
000000020
200000ef6
000000000
00000016c
100000956
2000010e0
010001000
000000004
210001018
000000002
00000095e
1000001ae
000000003
00000000c
00000000c
0000001de
000001000
0fffffffc
000000e00
010000000
000000000
000000000
000000e00
200000e00
000000030
000000008
210000000
000000030
1000001ca
000000000
000000000
000000e00
200000e00
000000030
000000004
210000000
000000030
1000001ca
000000000
000000000
000000e00
200000e00
000000030
000000000
210000000
000000030
1000001ca
000000002
000000002
000000e02
200000e02
000000032
0fffffffc
210000000
000000032
0000001ca
100000966
0000010a4
0fffff96a
100000162
2000010a4
00000000a
000000176
010000000
0000010a5
210000000
00000000a
2000010a5
000000000
00000016c
100000972
000001000
000000ef8
0fffff97a
100000162
200000ef8
000000069
000000176
010000000
000000ef9
210000000
000000069
200000ef9
00000006e
10000016c
000000efa
210000000
00000006e
200000efa
000000070
10000016c
000000efb
210000000
000000070
200000efb
000000075
10000016c
000000efc
210000000
000000075
200000efc
000000074
10000016c
000000efd
210000000
000000074
200000efd
00000005f
10000016c
000000efe
210000000
00000005f
200000efe
000000074
10000016c
000000eff
210000000
000000074
200000eff
000000069
10000016c
000000f00
210000000
000000069
200000f00
00000006c
10000016c
000000f01
210000000
00000006c
200000f01
000000065
10000016c
000000f02
210000000
000000065
200000f02
00000005f
10000016c
000000f03
210000000
00000005f
200000f03
000000063
10000016c
000000f04
210000000
000000063
200000f04
000000066
10000016c
000000f05
210000000
000000066
200000f05
000000067
10000016c
000000f06
210000000
000000067
200000f06
00000005f
10000016c
000000f07
210000000
00000005f
200000f07
000000043
10000016c
000000f08
210000000
000000043
200000f08
00000005f
10000016c
000000f09
210000000
00000005f
200000f09
000000072
10000016c
000000f0a
210000000
000000072
200000f0a
000000065
10000016c
000000f0b
210000000
000000065
200000f0b
000000067
10000016c
000000f0c
210000000
000000067
200000f0c
00000003a
10000016c
000000f0d
210000000
00000003a
200000f0d
000000020
10000016c
000000f0e
210000000
000000020
200000f0e
000000000
00000016c
100000982
2000010e0
010001000
000000004
21000101c
000000009
00000098a
1000001ae
000000003
00000000c
00000000c
0000001de
000001000
0fffffffc
000000e00
010000000
000000000
000000000
000000e00
200000e00
000000030
000000008
210000000
000000030
1000001ca
000000000
000000000
000000e00
200000e00
000000030
000000004
210000000
000000030
1000001ca
000000000
000000000
000000e00
200000e00
000000030
000000000
210000000
000000030
1000001ca
000000009
000000009
000000e09
200000e09
000000039
0fffffffc
210000000
000000039
0000001ca
100000992
0000010a4
0fffff996
100000162
2000010a4
00000000a
000000176
010000000
0000010a5
210000000
00000000a
2000010a5
000000000
00000016c
10000099e
000001000
000000f10
0fffff9a6
100000162
200000f10
000000069
000000176
010000000
000000f11
210000000
000000069
200000f11
00000006e
10000016c
000000f12
210000000
00000006e
200000f12
000000070
10000016c
000000f13
210000000
000000070
200000f13
000000075
10000016c
000000f14
210000000
000000075
200000f14
000000074
10000016c
000000f15
210000000
000000074
200000f15
00000005f
10000016c
000000f16
210000000
00000005f
200000f16
000000074
10000016c
000000f17
210000000
000000074
200000f17
000000069
10000016c
000000f18
210000000
000000069
200000f18
00000006c
10000016c
000000f19
210000000
00000006c
200000f19
000000065
10000016c
000000f1a
210000000
000000065
200000f1a
00000005f
10000016c
000000f1b
210000000
00000005f
200000f1b
000000061
10000016c
000000f1c
210000000
000000061
200000f1c
000000064
10000016c
000000f1d
210000000
000000064
200000f1d
000000064
10000016c
000000f1e
210000000
000000064
200000f1e
000000072
10000016c
000000f1f
210000000
000000072
200000f1f
00000005f
10000016c
000000f20
210000000
00000005f
200000f20
000000072
10000016c
000000f21
210000000
000000072
200000f21
000000065
10000016c
000000f22
210000000
000000065
200000f22
000000067
10000016c
000000f23
210000000
000000067
200000f23
00000003a
10000016c
000000f24
210000000
00000003a
200000f24
000000020
10000016c
000000f25
210000000
000000020
200000f25
000000020
10000016c
000000f26
210000000
000000020
200000f26
000000000
00000016c
1000009ae
2000010e0
010001000
000000008
210001020
000080000
0fffff9b6
1000001ae
000000007
00000001c
00000001c
0000001de
000001000
0fffffffc
000000e00
010000000
000000000
000000000
000000e00
200000e00
000000030
000000018
210000000
000000030
1000001ca
000000000
000000000
000000e00
200000e00
000000030
000000014
210000000
000000030
1000001ca
000000000
000000000
000000e00
200000e00
000000030
000000010
210000000
000000030
1000001ca
000000008
000000008
000000e08
200000e08
000000038
00000000c
210000000
000000038
1000001ca
000000080
000000000
000000e00
200000e00
000000030
000000008
210000000
000000030
1000001ca
000000800
000000000
000000e00
200000e00
000000030
000000004
210000000
000000030
1000001ca
000008000
000000000
000000e00
200000e00
000000030
000000000
210000000
000000030
1000001ca
000080000
000000000
000000e00
200000e00
000000030
0fffffffc
210000000
000000030
0000001ca
1000009be
0000010a4
0fffff9c2
100000162
2000010a4
00000000a
000000176
010000000
0000010a5
210000000
00000000a
2000010a5
000000000
00000016c
1000009ca
000001000
000000f28
0fffff9d2
100000162
200000f28
000000069
000000176
010000000
000000f29
210000000
000000069
200000f29
00000006e
10000016c
000000f2a
210000000
00000006e
200000f2a
000000070
10000016c
000000f2b
210000000
000000070
200000f2b
000000075
10000016c
000000f2c
210000000
000000075
200000f2c
000000074
10000016c
000000f2d
210000000
000000074
200000f2d
00000005f
10000016c
000000f2e
210000000
00000005f
200000f2e
000000074
10000016c
000000f2f
210000000
000000074
200000f2f
000000069
10000016c
000000f30
210000000
000000069
200000f30
00000006c
10000016c
000000f31
210000000
00000006c
200000f31
000000065
10000016c
000000f32
210000000
000000065
200000f32
00000005f
10000016c
000000f33
210000000
00000005f
200000f33
00000006d
10000016c
000000f34
210000000
00000006d
200000f34
000000061
10000016c
000000f35
210000000
000000061
200000f35
000000074
10000016c
000000f36
210000000
000000074
200000f36
00000005f
10000016c
000000f37
210000000
00000005f
200000f37
000000057
10000016c
000000f38
210000000
000000057
200000f38
00000005f
10000016c
000000f39
210000000
00000005f
200000f39
000000072
10000016c
000000f3a
210000000
000000072
200000f3a
000000065
10000016c
000000f3b
210000000
000000065
200000f3b
000000067
10000016c
000000f3c
210000000
000000067
200000f3c
00000003a
10000016c
000000f3d
210000000
00000003a
200000f3d
000000020
10000016c
000000f3e
210000000
000000020
200000f3e
000000000
00000016c
1000009da
2000010e0
010001000
000000004
210001024
000000003
0fffff9e2
1000001ae
000000003
00000000c
00000000c
0000001de
000001000
0fffffffc
000000e00
010000000
000000000
000000000
000000e00
200000e00
000000030
000000008
210000000
000000030
1000001ca
000000000
000000000
000000e00
200000e00
000000030
000000004
210000000
000000030
1000001ca
000000000
000000000
000000e00
200000e00
000000030
000000000
210000000
000000030
1000001ca
000000003
000000003
000000e03
200000e03
000000033
0fffffffc
210000000
000000033
0000001ca
1000009ea
0000010a4
0fffff9ee
100000162
2000010a4
00000000a
000000176
010000000
0000010a5
210000000
00000000a
2000010a5
000000000
00000016c
1000009f6
000001000
000000f40
0fffff9fe
100000162
200000f40
00000006f
000000176
010000000
000000f41
210000000
00000006f
200000f41
000000075
10000016c
000000f42
210000000
000000075
200000f42
000000074
10000016c
000000f43
210000000
000000074
200000f43
000000070
10000016c
000000f44
210000000
000000070
200000f44
000000075
10000016c
000000f45
210000000
000000075
200000f45
000000074
10000016c
000000f46
210000000
000000074
200000f46
00000005f
10000016c
000000f47
210000000
00000005f
200000f47
000000074
10000016c
000000f48
210000000
000000074
200000f48
000000069
10000016c
000000f49
210000000
000000069
200000f49
00000006c
10000016c
000000f4a
210000000
00000006c
200000f4a
000000065
10000016c
000000f4b
210000000
000000065
200000f4b
00000005f
10000016c
000000f4c
210000000
00000005f
200000f4c
000000063
10000016c
000000f4d
210000000
000000063
200000f4d
000000066
10000016c
000000f4e
210000000
000000066
200000f4e
000000067
10000016c
000000f4f
210000000
000000067
200000f4f
00000005f
10000016c
000000f50
210000000
00000005f
200000f50
000000048
10000016c
000000f51
210000000
000000048
200000f51
00000005f
10000016c
000000f52
210000000
00000005f
200000f52
000000072
10000016c
000000f53
210000000
000000072
200000f53
000000065
10000016c
000000f54
210000000
000000065
200000f54
000000067
10000016c
000000f55
210000000
000000067
200000f55
00000003a
10000016c
000000f56
210000000
00000003a
200000f56
000000000
00000016c
100000a06
2000010e0
010001000
000000004
210001028
000000002
0fffffa0e
1000001ae
000000003
00000000c
00000000c
0000001de
000001000
0fffffffc
000000e00
010000000
000000000
000000000
000000e00
200000e00
000000030
000000008
210000000
000000030
1000001ca
000000000
000000000
000000e00
200000e00
000000030
000000004
210000000
000000030
1000001ca
000000000
000000000
000000e00
200000e00
000000030
000000000
210000000
000000030
1000001ca
000000002
000000002
000000e02
200000e02
000000032
0fffffffc
210000000
000000032
0000001ca
100000a16
0000010a4
0fffffa1a
100000162
2000010a4
00000000a
000000176
010000000
0000010a5
210000000
00000000a
2000010a5
000000000
00000016c
100000a22
000001000
000000f58
0fffffa2a
100000162
200000f58
00000006f
000000176
010000000
000000f59
210000000
00000006f
200000f59
000000075
10000016c
000000f5a
210000000
000000075
200000f5a
000000074
10000016c
000000f5b
210000000
000000074
200000f5b
000000070
10000016c
000000f5c
210000000
000000070
200000f5c
000000075
10000016c
000000f5d
210000000
000000075
200000f5d
000000074
10000016c
000000f5e
210000000
000000074
200000f5e
00000005f
10000016c
000000f5f
210000000
00000005f
200000f5f
000000074
10000016c
000000f60
210000000
000000074
200000f60
000000069
10000016c
000000f61
210000000
000000069
200000f61
00000006c
10000016c
000000f62
210000000
00000006c
200000f62
000000065
10000016c
000000f63
210000000
000000065
200000f63
00000005f
10000016c
000000f64
210000000
00000005f
200000f64
000000063
10000016c
000000f65
210000000
000000063
200000f65
000000066
10000016c
000000f66
210000000
000000066
200000f66
000000067
10000016c
000000f67
210000000
000000067
200000f67
00000005f
10000016c
000000f68
210000000
00000005f
200000f68
000000057
10000016c
000000f69
210000000
000000057
200000f69
00000005f
10000016c
000000f6a
210000000
00000005f
200000f6a
000000072
10000016c
000000f6b
210000000
000000072
200000f6b
000000065
10000016c
000000f6c
210000000
000000065
200000f6c
000000067
10000016c
000000f6d
210000000
000000067
200000f6d
00000003a
10000016c
000000f6e
210000000
00000003a
200000f6e
000000000
00000016c
100000a32
2000010e0
010001000
000000004
21000102c
000000002
0fffffa3a
1000001ae
000000003
00000000c
00000000c
0000001de
000001000
0fffffffc
000000e00
010000000
000000000
000000000
000000e00
200000e00
000000030
000000008
210000000
000000030
1000001ca
000000000
000000000
000000e00
200000e00
000000030
000000004
210000000
000000030
1000001ca
000000000
000000000
000000e00
200000e00
000000030
000000000
210000000
000000030
1000001ca
000000002
000000002
000000e02
200000e02
000000032
0fffffffc
210000000
000000032
0000001ca
100000a42
0000010a4
0fffffa46
100000162
2000010a4
00000000a
000000176
010000000
0000010a5
210000000
00000000a
2000010a5
000000000
00000016c
100000a4e
000001000
000000f70
0fffffa56
100000162
200000f70
00000006f
000000176
010000000
000000f71
210000000
00000006f
200000f71
000000075
10000016c
000000f72
210000000
000000075
200000f72
000000074
10000016c
000000f73
210000000
000000074
200000f73
000000070
10000016c
000000f74
210000000
000000070
200000f74
000000075
10000016c
000000f75
210000000
000000075
200000f75
000000074
10000016c
000000f76
210000000
000000074
200000f76
00000005f
10000016c
000000f77
210000000
00000005f
200000f77
000000074
10000016c
000000f78
210000000
000000074
200000f78
000000069
10000016c
000000f79
210000000
000000069
200000f79
00000006c
10000016c
000000f7a
210000000
00000006c
200000f7a
000000065
10000016c
000000f7b
210000000
000000065
200000f7b
00000005f
10000016c
000000f7c
210000000
00000005f
200000f7c
000000063
10000016c
000000f7d
210000000
000000063
200000f7d
000000066
10000016c
000000f7e
210000000
000000066
200000f7e
000000067
10000016c
000000f7f
210000000
000000067
200000f7f
00000005f
10000016c
000000f80
210000000
00000005f
200000f80
000000043
10000016c
000000f81
210000000
000000043
200000f81
00000005f
10000016c
000000f82
210000000
00000005f
200000f82
000000072
10000016c
000000f83
210000000
000000072
200000f83
000000065
10000016c
000000f84
210000000
000000065
200000f84
000000067
10000016c
000000f85
210000000
000000067
200000f85
00000003a
10000016c
000000f86
210000000
00000003a
200000f86
000000000
00000016c
100000a5e
2000010e0
010001000
000000004
210001030
000000009
0fffffa66
1000001ae
000000003
00000000c
00000000c
0000001de
000001000
0fffffffc
000000e00
010000000
000000000
000000000
000000e00
200000e00
000000030
000000008
210000000
000000030
1000001ca
000000000
000000000
000000e00
200000e00
000000030
000000004
210000000
000000030
1000001ca
000000000
000000000
000000e00
200000e00
000000030
000000000
210000000
000000030
1000001ca
000000009
000000009
000000e09
200000e09
000000039
0fffffffc
210000000
000000039
0000001ca
100000a6e
0000010a4
0fffffa72
100000162
2000010a4
00000000a
000000176
010000000
0000010a5
210000000
00000000a
2000010a5
000000000
00000016c
100000a7a
000001000
000000f88
0fffffa82
100000162
200000f88
00000006f
000000176
010000000
000000f89
210000000
00000006f
200000f89
000000075
10000016c
000000f8a
210000000
000000075
200000f8a
000000074
10000016c
000000f8b
210000000
000000074
200000f8b
000000070
10000016c
000000f8c
210000000
000000070
200000f8c
000000075
10000016c
000000f8d
210000000
000000075
200000f8d
000000074
10000016c
000000f8e
210000000
000000074
200000f8e
00000005f
10000016c
000000f8f
210000000
00000005f
200000f8f
000000074
10000016c
000000f90
210000000
000000074
200000f90
000000069
10000016c
000000f91
210000000
000000069
200000f91
00000006c
10000016c
000000f92
210000000
00000006c
200000f92
000000065
10000016c
000000f93
210000000
000000065
200000f93
00000005f
10000016c
000000f94
210000000
00000005f
200000f94
000000061
10000016c
000000f95
210000000
000000061
200000f95
000000064
10000016c
000000f96
210000000
000000064
200000f96
000000064
10000016c
000000f97
210000000
000000064
200000f97
000000072
10000016c
000000f98
210000000
000000072
200000f98
00000005f
10000016c
000000f99
210000000
00000005f
200000f99
000000072
10000016c
000000f9a
210000000
000000072
200000f9a
000000065
10000016c
000000f9b
210000000
000000065
200000f9b
000000067
10000016c
000000f9c
210000000
000000067
200000f9c
00000003a
10000016c
000000f9d
210000000
00000003a
200000f9d
000000020
10000016c
000000f9e
210000000
000000020
200000f9e
000000000
00000016c
100000a8a
2000010e0
010001000
000000008
210001034
0000c0000
0fffffa92
1000001ae
000000007
00000001c
00000001c
0000001de
000001000
0fffffffc
000000e00
010000000
000000000
000000000
000000e00
200000e00
000000030
000000018
210000000
000000030
1000001ca
000000000
000000000
000000e00
200000e00
000000030
000000014
210000000
000000030
1000001ca
000000000
000000000
000000e00
200000e00
000000030
000000010
210000000
000000030
1000001ca
00000000c
00000000c
000000e0c
200000e0c
000000043
00000000c
210000000
000000043
1000001ca
0000000c0
000000000
000000e00
200000e00
000000030
000000008
210000000
000000030
1000001ca
000000c00
000000000
000000e00
200000e00
000000030
000000004
210000000
000000030
1000001ca
00000c000
000000000
000000e00
200000e00
000000030
000000000
210000000
000000030
1000001ca
0000c0000
000000000
000000e00
200000e00
000000030
0fffffffc
210000000
000000030
0000001ca
100000a9a
0000010a4
0fffffa9e
100000162
2000010a4
00000000a
000000176
010000000
0000010a5
210000000
00000000a
2000010a5
000000000
00000016c
100000aa6
000001000
000000fa0
0fffffaae
100000162
200000fa0
00000006f
000000176
010000000
000000fa1
210000000
00000006f
200000fa1
000000075
10000016c
000000fa2
210000000
000000075
200000fa2
000000074
10000016c
000000fa3
210000000
000000074
200000fa3
000000070
10000016c
000000fa4
210000000
000000070
200000fa4
000000075
10000016c
000000fa5
210000000
000000075
200000fa5
000000074
10000016c
000000fa6
210000000
000000074
200000fa6
00000005f
10000016c
000000fa7
210000000
00000005f
200000fa7
000000074
10000016c
000000fa8
210000000
000000074
200000fa8
000000069
10000016c
000000fa9
210000000
000000069
200000fa9
00000006c
10000016c
000000faa
210000000
00000006c
200000faa
000000065
10000016c
000000fab
210000000
000000065
200000fab
00000005f
10000016c
000000fac
210000000
00000005f
200000fac
00000006d
10000016c
000000fad
210000000
00000006d
200000fad
000000061
10000016c
000000fae
210000000
000000061
200000fae
000000074
10000016c
000000faf
210000000
000000074
200000faf
00000005f
10000016c
000000fb0
210000000
00000005f
200000fb0
000000057
10000016c
000000fb1
210000000
000000057
200000fb1
00000005f
10000016c
000000fb2
210000000
00000005f
200000fb2
000000072
10000016c
000000fb3
210000000
000000072
200000fb3
000000065
10000016c
000000fb4
210000000
000000065
200000fb4
000000067
10000016c
000000fb5
210000000
000000067
200000fb5
00000003a
10000016c
000000fb6
210000000
00000003a
200000fb6
000000000
00000016c
100000ab6
2000010e0
010001000
000000004
210001038
000000003
0fffffabe
1000001ae
000000003
00000000c
00000000c
0000001de
000001000
0fffffffc
000000e00
010000000
000000000
000000000
000000e00
200000e00
000000030
000000008
210000000
000000030
1000001ca
000000000
000000000
000000e00
200000e00
000000030
000000004
210000000
000000030
1000001ca
000000000
000000000
000000e00
200000e00
000000030
000000000
210000000
000000030
1000001ca
000000003
000000003
000000e03
200000e03
000000033
0fffffffc
210000000
000000033
0000001ca
100000ac6
0000010a4
0fffffaca
100000162
2000010a4
00000000a
000000176
010000000
0000010a5
210000000
00000000a
2000010a5
000000000
00000016c
100000ad2
000001000
000000fb8
0fffffada
100000162
200000fb8
000000077
000000176
010000000
000000fb9
210000000
000000077
200000fb9
000000065
10000016c
000000fba
210000000
000000065
200000fba
000000069
10000016c
000000fbb
210000000
000000069
200000fbb
000000067
10000016c
000000fbc
210000000
000000067
200000fbc
000000068
10000016c
000000fbd
210000000
000000068
200000fbd
000000074
10000016c
000000fbe
210000000
000000074
200000fbe
00000005f
10000016c
000000fbf
210000000
00000005f
200000fbf
000000063
10000016c
000000fc0
210000000
000000063
200000fc0
000000066
10000016c
000000fc1
210000000
000000066
200000fc1
000000067
10000016c
000000fc2
210000000
000000067
200000fc2
00000005f
10000016c
000000fc3
210000000
00000005f
200000fc3
00000004e
10000016c
000000fc4
210000000
00000004e
200000fc4
00000005f
10000016c
000000fc5
210000000
00000005f
200000fc5
000000072
10000016c
000000fc6
210000000
000000072
200000fc6
000000065
10000016c
000000fc7
210000000
000000065
200000fc7
000000067
10000016c
000000fc8
210000000
000000067
200000fc8
00000003a
10000016c
000000fc9
210000000
00000003a
200000fc9
000000020
10000016c
000000fca
210000000
000000020
200000fca
000000020
10000016c
000000fcb
210000000
000000020
200000fcb
000000020
10000016c
000000fcc
210000000
000000020
200000fcc
000000020
10000016c
000000fcd
210000000
000000020
200000fcd
000000020
10000016c
000000fce
210000000
000000020
200000fce
000000000
00000016c
100000ae2
2000010e0
010001000
000000004
21000103c
000000002
0fffffaea
1000001ae
000000003
00000000c
00000000c
0000001de
000001000
0fffffffc
000000e00
010000000
000000000
000000000
000000e00
200000e00
000000030
000000008
210000000
000000030
1000001ca
000000000
000000000
000000e00
200000e00
000000030
000000004
210000000
000000030
1000001ca
000000000
000000000
000000e00
200000e00
000000030
000000000
210000000
000000030
1000001ca
000000002
000000002
000000e02
200000e02
000000032
0fffffffc
210000000
000000032
0000001ca
100000af2
0000010a4
0fffffaf6
100000162
2000010a4
00000000a
000000176
010000000
0000010a5
210000000
00000000a
2000010a5
000000000
00000016c
100000afe
000001000
000000fd0
0fffffb06
100000162
200000fd0
000000077
000000176
010000000
000000fd1
210000000
000000077
200000fd1
000000065
10000016c
000000fd2
210000000
000000065
200000fd2
000000069
10000016c
000000fd3
210000000
000000069
200000fd3
000000067
10000016c
000000fd4
210000000
000000067
200000fd4
000000068
10000016c
000000fd5
210000000
000000068
200000fd5
000000074
10000016c
000000fd6
210000000
000000074
200000fd6
00000005f
10000016c
000000fd7
210000000
00000005f
200000fd7
000000063
10000016c
000000fd8
210000000
000000063
200000fd8
000000066
10000016c
000000fd9
210000000
000000066
200000fd9
000000067
10000016c
000000fda
210000000
000000067
200000fda
00000005f
10000016c
000000fdb
210000000
00000005f
200000fdb
000000048
10000016c
000000fdc
210000000
000000048
200000fdc
00000005f
10000016c
000000fdd
210000000
00000005f
200000fdd
000000072
10000016c
000000fde
210000000
000000072
200000fde
000000065
10000016c
000000fdf
210000000
000000065
200000fdf
000000067
10000016c
000000fe0
210000000
000000067
200000fe0
00000003a
10000016c
000000fe1
210000000
00000003a
200000fe1
000000020
10000016c
000000fe2
210000000
000000020
200000fe2
000000020
10000016c
000000fe3
210000000
000000020
200000fe3
000000020
10000016c
000000fe4
210000000
000000020
200000fe4
000000020
10000016c
000000fe5
210000000
000000020
200000fe5
000000020
10000016c
000000fe6
210000000
000000020
200000fe6
000000000
00000016c
100000b0e
2000010e0
010001000
000000004
210001040
000000003
0fffffb16
1000001ae
000000003
00000000c
00000000c
0000001de
000001000
0fffffffc
000000e00
010000000
000000000
000000000
000000e00
200000e00
000000030
000000008
210000000
000000030
1000001ca
000000000
000000000
000000e00
200000e00
000000030
000000004
210000000
000000030
1000001ca
000000000
000000000
000000e00
200000e00
000000030
000000000
210000000
000000030
1000001ca
000000003
000000003
000000e03
200000e03
000000033
0fffffffc
210000000
000000033
0000001ca
100000b1e
0000010a4
0fffffb22
100000162
2000010a4
00000000a
000000176
010000000
0000010a5
210000000
00000000a
2000010a5
000000000
00000016c
100000b2a
000001000
000000fe8
0fffffb32
100000162
200000fe8
000000077
000000176
010000000
000000fe9
210000000
000000077
200000fe9
000000065
10000016c
000000fea
210000000
000000065
200000fea
000000069
10000016c
000000feb
210000000
000000069
200000feb
000000067
10000016c
000000fec
210000000
000000067
200000fec
000000068
10000016c
000000fed
210000000
000000068
200000fed
000000074
10000016c
000000fee
210000000
000000074
200000fee
00000005f
10000016c
000000fef
210000000
00000005f
200000fef
000000063
10000016c
000000ff0
210000000
000000063
200000ff0
000000066
10000016c
000000ff1
210000000
000000066
200000ff1
000000067
10000016c
000000ff2
210000000
000000067
200000ff2
00000005f
10000016c
000000ff3
210000000
00000005f
200000ff3
000000057
10000016c
000000ff4
210000000
000000057
200000ff4
00000005f
10000016c
000000ff5
210000000
00000005f
200000ff5
000000072
10000016c
000000ff6
210000000
000000072
200000ff6
000000065
10000016c
000000ff7
210000000
000000065
200000ff7
000000067
10000016c
000000ff8
210000000
000000067
200000ff8
00000003a
10000016c
000000ff9
210000000
00000003a
200000ff9
000000020
10000016c
000000ffa
210000000
000000020
200000ffa
000000020
10000016c
000000ffb
210000000
000000020
200000ffb
000000020
10000016c
000000ffc
210000000
000000020
200000ffc
000000020
10000016c
000000ffd
210000000
000000020
200000ffd
000000020
10000016c
000000ffe
210000000
000000020
200000ffe
000000000
00000016c
100000b3a
2000010e0
010001000
000000004
210001044
000000003
0fffffb42
1000001ae
000000003
00000000c
00000000c
0000001de
000001000
0fffffffc
000000e00
010000000
000000000
000000000
000000e00
200000e00
000000030
000000008
210000000
000000030
1000001ca
000000000
000000000
000000e00
200000e00
000000030
000000004
210000000
000000030
1000001ca
000000000
000000000
000000e00
200000e00
000000030
000000000
210000000
000000030
1000001ca
000000003
000000003
000000e03
200000e03
000000033
0fffffffc
210000000
000000033
0000001ca
100000b4a
0000010a4
0fffffb4e
100000162
2000010a4
00000000a
000000176
010000000
0000010a5
210000000
00000000a
2000010a5
000000000
00000016c
100000b56
000001000
000001000
0fffffb5e
100000162
200001000
000000077
000000176
010000000
000001001
210000000
000000077
200001001
000000065
10000016c
000001002
210000000
000000065
200001002
000000069
10000016c
000001003
210000000
000000069
200001003
000000067
10000016c
000001004
210000000
000000067
200001004
000000068
10000016c
000001005
210000000
000000068
200001005
000000074
10000016c
000001006
210000000
000000074
200001006
00000005f
10000016c
000001007
210000000
00000005f
200001007
000000063
10000016c
000001008
210000000
000000063
200001008
000000066
10000016c
000001009
210000000
000000066
200001009
000000067
10000016c
00000100a
210000000
000000067
20000100a
00000005f
10000016c
00000100b
210000000
00000005f
20000100b
000000043
10000016c
00000100c
210000000
000000043
20000100c
00000005f
10000016c
00000100d
210000000
00000005f
20000100d
000000072
10000016c
00000100e
210000000
000000072
20000100e
000000065
10000016c
00000100f
210000000
000000065
20000100f
000000067
10000016c
000001010
210000000
000000067
200001010
00000003a
10000016c
000001011
210000000
00000003a
200001011
000000020
10000016c
000001012
210000000
000000020
200001012
000000020
10000016c
000001013
210000000
000000020
200001013
000000020
10000016c
000001014
210000000
000000020
200001014
000000020
10000016c
000001015
210000000
000000020
200001015
000000020
10000016c
000001016
210000000
000000020
200001016
000000000
00000016c
100000b66
2000010e0
010001000
000000004
210001048
000000009
0fffffb6e
1000001ae
000000003
00000000c
00000000c
0000001de
000001000
0fffffffc
000000e00
010000000
000000000
000000000
000000e00
200000e00
000000030
000000008
210000000
000000030
1000001ca
000000000
000000000
000000e00
200000e00
000000030
000000004
210000000
000000030
1000001ca
000000000
000000000
000000e00
200000e00
000000030
000000000
210000000
000000030
1000001ca
000000009
000000009
000000e09
200000e09
000000039
0fffffffc
210000000
000000039
0000001ca
100000b76
0000010a4
0fffffb7a
100000162
2000010a4
00000000a
000000176
010000000
0000010a5
210000000
00000000a
2000010a5
000000000
00000016c
100000b82
000001000
000001018
0fffffb8a
100000162
200001018
000000077
000000176
010000000
000001019
210000000
000000077
200001019
000000065
10000016c
00000101a
210000000
000000065
20000101a
000000069
10000016c
00000101b
210000000
000000069
20000101b
000000067
10000016c
00000101c
210000000
000000067
20000101c
000000068
10000016c
00000101d
210000000
000000068
20000101d
000000074
10000016c
00000101e
210000000
000000074
20000101e
00000005f
10000016c
00000101f
210000000
00000005f
20000101f
000000061
10000016c
000001020
210000000
000000061
200001020
000000064
10000016c
000001021
210000000
000000064
200001021
000000064
10000016c
000001022
210000000
000000064
200001022
000000072
10000016c
000001023
210000000
000000072
200001023
000000065
10000016c
000001024
210000000
000000065
200001024
000000073
10000016c
000001025
210000000
000000073
200001025
000000073
10000016c
000001026
210000000
000000073
200001026
00000005f
10000016c
000001027
210000000
00000005f
200001027
000000072
10000016c
000001028
210000000
000000072
200001028
000000065
10000016c
000001029
210000000
000000065
200001029
000000067
10000016c
00000102a
210000000
000000067
20000102a
00000003a
10000016c
00000102b
210000000
00000003a
20000102b
000000020
10000016c
00000102c
210000000
000000020
20000102c
000000020
10000016c
00000102d
210000000
000000020
20000102d
000000020
10000016c
00000102e
210000000
000000020
20000102e
000000000
00000016c
100000b92
2000010e0
010001000
000000008
21000104c
000040000
0fffffb9a
1000001ae
000000007
00000001c
00000001c
0000001de
000001000
0fffffffc
000000e00
010000000
000000000
000000000
000000e00
200000e00
000000030
000000018
210000000
000000030
1000001ca
000000000
000000000
000000e00
200000e00
000000030
000000014
210000000
000000030
1000001ca
000000000
000000000
000000e00
200000e00
000000030
000000010
210000000
000000030
1000001ca
000000004
000000004
000000e04
200000e04
000000034
00000000c
210000000
000000034
1000001ca
000000040
000000000
000000e00
200000e00
000000030
000000008
210000000
000000030
1000001ca
000000400
000000000
000000e00
200000e00
000000030
000000004
210000000
000000030
1000001ca
000004000
000000000
000000e00
200000e00
000000030
000000000
210000000
000000030
1000001ca
000040000
000000000
000000e00
200000e00
000000030
0fffffffc
210000000
000000030
0000001ca
100000ba2
0000010a4
0fffffba6
100000162
2000010a4
00000000a
000000176
010000000
0000010a5
210000000
00000000a
2000010a5
000000000
00000016c
100000bae
000001000
000001030
0fffffbb6
100000162
200001030
000000073
000000176
010000000
000001031
210000000
000000073
200001031
000000074
10000016c
000001032
210000000
000000074
200001032
000000061
10000016c
000001033
210000000
000000061
200001033
000000074
10000016c
000001034
210000000
000000074
200001034
000000075
10000016c
000001035
210000000
000000075
200001035
000000073
10000016c
000001036
210000000
000000073
200001036
00000005f
10000016c
000001037
210000000
00000005f
200001037
000000072
10000016c
000001038
210000000
000000072
200001038
000000065
10000016c
000001039
210000000
000000065
200001039
000000067
10000016c
00000103a
210000000
000000067
20000103a
00000003a
10000016c
00000103b
210000000
00000003a
20000103b
000000020
10000016c
00000103c
210000000
000000020
20000103c
000000020
10000016c
00000103d
210000000
000000020
20000103d
000000020
10000016c
00000103e
210000000
000000020
20000103e
000000020
10000016c
00000103f
210000000
000000020
20000103f
000000020
10000016c
000001040
210000000
000000020
200001040
000000020
10000016c
000001041
210000000
000000020
200001041
000000020
10000016c
000001042
210000000
000000020
200001042
000000020
10000016c
000001043
210000000
000000020
200001043
000000020
10000016c
000001044
210000000
000000020
200001044
000000020
10000016c
000001045
210000000
000000020
200001045
000000020
10000016c
000001046
210000000
000000020
200001046
000000000
00000016c
100000bbe
2000010e0
010001000
000000004
210001050
00000001c
0fffffbc6
1000001ae
000000003
00000000c
00000000c
0000001de
000001000
0fffffffc
000000e00
010000000
000000000
000000000
000000e00
200000e00
000000030
000000008
210000000
000000030
1000001ca
000000000
000000000
000000e00
200000e00
000000030
000000004
210000000
000000030
1000001ca
000000001
000000001
000000e01
200000e01
000000031
000000000
210000000
000000031
1000001ca
00000001c
00000000c
000000e0c
200000e0c
000000043
0fffffffc
210000000
000000043
0000001ca
100000bce
0000010a4
2000fffa8
000002000
2000fffac
000000d6e
2000fffa4
000000001
0000fffb0
0fffffbda
100000162
2000010a4
00000000a
000000176
010000000
0000010a5
210000000
00000000a
2000010a5
000000000
00000016c
100000d6e
000000002
000000008
100000c18
000001048
0fffffc1c
100000162
200001048
00000002d
000000176
010000000
000001049
210000000
00000002d
200001049
00000002d
10000016c
00000104a
210000000
00000002d
20000104a
00000002d
10000016c
00000104b
210000000
00000002d
20000104b
000000020
10000016c
00000104c
210000000
000000020
20000104c
000000053
10000016c
00000104d
210000000
000000053
20000104d
000000074
10000016c
00000104e
210000000
000000074
20000104e
000000061
10000016c
00000104f
210000000
000000061
20000104f
000000072
10000016c
000001050
210000000
000000072
200001050
000000074
10000016c
000001051
210000000
000000074
200001051
000000069
10000016c
000001052
210000000
000000069
200001052
00000006e
10000016c
000001053
210000000
00000006e
200001053
000000067
10000016c
000001054
210000000
000000067
200001054
000000020
10000016c
000001055
210000000
000000020
200001055
000000054
10000016c
000001056
210000000
000000054
200001056
000000065
10000016c
000001057
210000000
000000065
200001057
000000073
10000016c
000001058
210000000
000000073
200001058
000000074
10000016c
000001059
210000000
000000074
200001059
000000020
10000016c
00000105a
210000000
000000020
20000105a
000000000
00000016c
100000c24
000000002
0fffffc26
100000178
0000fffa0
0000fffa4
0000fffa4
00000000a
100000186
000000002
0000fffa5
000000000
2000fffa4
000000002
100000180
000000186
100000196
010000000
2000fffa4
000000002
0000fffa4
000000032
210000000
000000032
00000019a
0000fffb0
100000c2e
00000105c
0fffffc32
100000162
20000105c
000000020
000000176
010000000
00000105d
210000000
000000020
20000105d
00000002d
10000016c
00000105e
210000000
00000002d
20000105e
00000002d
10000016c
00000105f
210000000
00000002d
20000105f
00000002d
10000016c
000001060
210000000
00000002d
200001060
00000000a
10000016c
000001061
210000000
00000000a
200001061
000000000
00000016c
100000c3a
230000000
000000002
200002000
000000002
200002004
000000003
200002008
000000010
20000200c
000000040
200002010
000000008
000001064
0fffffc54
100000162
200001064
000000050
000000176
010000000
000001065
210000000
000000050
200001065
000000061
10000016c
000001066
210000000
000000061
200001066
000000072
10000016c
000001067
210000000
000000072
200001067
000000073
10000016c
000001068
210000000
000000073
200001068
000000065
10000016c
000001069
210000000
000000065
200001069
000000064
10000016c
00000106a
210000000
000000064
20000106a
000000020
10000016c
00000106b
210000000
000000020
20000106b
000000043
10000016c
00000106c
210000000
000000043
20000106c
00000006f
10000016c
00000106d
210000000
00000006f
20000106d
00000006e
10000016c
00000106e
210000000
00000006e
20000106e
000000066
10000016c
00000106f
210000000
000000066
20000106f
000000069
10000016c
000001070
210000000
000000069
200001070
000000067
10000016c
000001071
210000000
000000067
200001071
000000020
10000016c
000001072
210000000
000000020
200001072
00000002d
10000016c
000001073
210000000
00000002d
200001073
00000003e
10000016c
000001074
210000000
00000003e
200001074
000000020
10000016c
000001075
210000000
000000020
200001075
00000004e
10000016c
000001076
210000000
00000004e
200001076
00000003a
10000016c
000001077
210000000
00000003a
200001077
000000000
00000016c
100000c5c
000000002
0fffffc5e
100000178
0000fffa0
0000fffa4
0000fffa4
00000000a
100000186
000000002
0000fffa5
000000000
2000fffa4
000000002
100000180
000000186
100000196
010000000
2000fffa4
000000002
0000fffa4
000000032
210000000
000000032
00000019a
0000fffb0
100000c66
000001078
0fffffc6a
100000162
200001078
000000020
000000176
010000000
000001079
210000000
000000020
200001079
000000048
10000016c
00000107a
210000000
000000048
20000107a
00000003a
10000016c
00000107b
210000000
00000003a
20000107b
000000000
00000016c
100000c72
000000003
0fffffc74
100000178
0000fffa0
0000fffa4
0000fffa4
00000000a
100000186
000000003
0000fffa5
000000000
2000fffa4
000000003
100000180
000000186
100000196
010000000
2000fffa4
000000003
0000fffa4
000000033
210000000
000000033
00000019a
0000fffb0
100000c7c
000001000
00000107c
0fffffc84
100000162
20000107c
000000020
000000176
010000000
00000107d
210000000
000000020
20000107d
000000057
10000016c
00000107e
210000000
000000057
20000107e
00000003a
10000016c
00000107f
210000000
00000003a
20000107f
000000000
00000016c
100000c8c
000000010
0fffffc8e
100000178
0000fffa0
0000fffa4
0000fffa4
00000000a
100000186
000000006
0000fffa5
000000001
2000fffa4
000000006
100000180
100000186
000000001
0000fffa6
000000000
2000fffa5
000000001
100000180
000000186
100000196
010000000
2000fffa5
000000001
0000fffa5
000000031
210000000
000000031
10000019a
2000fffa4
000000006
0000fffa4
000000036
210000000
000000036
00000019a
0000fffb0
100000c96
000001000
000001080
0fffffc9e
100000162
200001080
000000020
000000176
010000000
000001081
210000000
000000020
200001081
000000043
10000016c
000001082
210000000
000000043
200001082
00000003a
10000016c
000001083
210000000
00000003a
200001083
000000000
00000016c
100000ca6
000000040
0fffffca8
100000178
0000fffa0
0000fffa4
0000fffa4
00000000a
100000186
000000004
0000fffa5
000000006
2000fffa4
000000004
100000180
100000186
000000006
0000fffa6
000000000
2000fffa5
000000006
100000180
000000186
100000196
010000000
2000fffa5
000000006
0000fffa5
000000036
210000000
000000036
10000019a
2000fffa4
000000004
0000fffa4
000000034
210000000
000000034
00000019a
0000fffb0
100000cb0
000001000
0000010a4
0fffffcb8
100000162
2000010a4
00000000a
000000176
010000000
0000010a5
210000000
00000000a
2000010a5
000000000
00000016c
100000cc0
000001000
000001084
0fffffcc8
100000162
200001084
00000004c
000000176
010000000
000001085
210000000
00000004c
200001085
00000006f
10000016c
000001086
210000000
00000006f
200001086
000000061
10000016c
000001087
210000000
000000061
200001087
000000064
10000016c
000001088
210000000
000000064
200001088
000000069
10000016c
000001089
210000000
000000069
200001089
00000006e
10000016c
00000108a
210000000
00000006e
20000108a
000000067
10000016c
00000108b
210000000
000000067
20000108b
000000020
10000016c
00000108c
210000000
000000020
20000108c
000000074
10000016c
00000108d
210000000
000000074
20000108d
000000069
10000016c
00000108e
210000000
000000069
20000108e
00000006c
10000016c
00000108f
210000000
00000006c
20000108f
000000065
10000016c
000001090
210000000
000000065
200001090
000000021
10000016c
000001091
210000000
000000021
200001091
00000000a
10000016c
000001092
210000000
00000000a
200001092
000000000
00000016c
100000cd0
000000010
000080000
000000040
000000002
000000002
000000cdc
10000073e
000001000
2000010e0
010001000
210001014
000000002
210001018
000000002
21000101c
000000040
210001020
000080000
210001024
000000010
000000002
210001000
000000002
100000ce4
000000ce4
1000007ee
000001000
2000010e0
010001000
210001050
00000001c
000000007
000000001
100000cec
000000ce4
000001000
000001094
230000008
000000001
0fffffcfa
100000162
200001094
00000004c
000000176
010000000
000001095
210000000
00000004c
200001095
00000006f
10000016c
000001096
210000000
00000006f
200001096
000000061
10000016c
000001097
210000000
000000061
200001097
000000064
10000016c
000001098
210000000
000000064
200001098
000000069
10000016c
000001099
210000000
000000069
200001099
00000006e
10000016c
00000109a
210000000
00000006e
20000109a
000000067
10000016c
00000109b
210000000
000000067
20000109b
000000020
10000016c
00000109c
210000000
000000020
20000109c
000000077
10000016c
00000109d
210000000
000000077
20000109d
000000065
10000016c
00000109e
210000000
000000065
20000109e
000000069
10000016c
00000109f
210000000
000000069
20000109f
000000067
10000016c
0000010a0
210000000
000000067
2000010a0
000000068
10000016c
0000010a1
210000000
000000068
2000010a1
000000074
10000016c
0000010a2
210000000
000000074
2000010a2
000000073
10000016c
0000010a3
210000000
000000073
2000010a3
000000021
10000016c
0000010a4
210000000
000000021
2000010a4
00000000a
10000016c
0000010a5
210000000
00000000a
2000010a5
000000000
00000016c
100000d02
000040000
000000040
000000010
000000003
000000002
000000d0e
10000076e
000001000
2000010e0
010001000
21000103c
000000002
210001040
000000003
210001044
000000010
210001048
000000040
21000104c
000040000
000000004
210001000
000000004
100000d16
000000d16
10000080e
000001000
2000010e0
010001000
210001050
00000001c
000000001
000000001
100000d1e
000000d16
000001000
0000010a8
230000004
000000001
0fffffd2c
100000162
2000010a8
000000053
000000176
010000000
0000010a9
210000000
000000053
2000010a9
000000074
10000016c
0000010aa
210000000
000000074
2000010aa
00000006f
10000016c
0000010ab
210000000
00000006f
2000010ab
000000072
10000016c
0000010ac
210000000
000000072
2000010ac
000000069
10000016c
0000010ad
210000000
000000069
2000010ad
00000006e
10000016c
0000010ae
210000000
00000006e
2000010ae
000000067
10000016c
0000010af
210000000
000000067
2000010af
000000020
10000016c
0000010b0
210000000
000000020
2000010b0
000000074
10000016c
0000010b1
210000000
000000074
2000010b1
000000069
10000016c
0000010b2
210000000
000000069
2000010b2
00000006c
10000016c
0000010b3
210000000
00000006c
2000010b3
000000065
10000016c
0000010b4
210000000
000000065
2000010b4
000000021
10000016c
0000010b5
210000000
000000021
2000010b5
00000000a
10000016c
0000010b6
210000000
00000000a
2000010b6
000000000
00000016c
100000d34
000000010
0000c0000
000000040
000000002
000000002
000000d40
100000756
000001000
2000010e0
010001000
210001028
000000002
21000102c
000000002
210001030
000000040
210001034
0000c0000
210001038
000000010
000000003
210001000
000000003
100000d48
000000d48
1000007fe
000001000
2000010e0
010001000
210001050
00000001c
000000003
000000001
100000d50
000000d48
000001000
0000010b8
23000000c
000000001
0fffffd5e
100000162
2000010b8
000000052
000000176
010000000
0000010b9
210000000
000000052
2000010b9
000000065
10000016c
0000010ba
210000000
000000065
2000010ba
000000067
10000016c
0000010bb
210000000
000000067
2000010bb
000000020
10000016c
0000010bc
210000000
000000020
2000010bc
000000056
10000016c
0000010bd
210000000
000000056
2000010bd
000000061
10000016c
0000010be
210000000
000000061
2000010be
00000006c
10000016c
0000010bf
210000000
00000006c
2000010bf
000000073
10000016c
0000010c0
210000000
000000073
2000010c0
000000021
10000016c
0000010c1
210000000
000000021
2000010c1
00000000a
10000016c
0000010c2
210000000
00000000a
2000010c2
000000000
00000016c
100000d66
000000d66
10000082e
000001000
0000fffa0
000000e50
2000fffac
000000d6e
2000fffa8
000002000
2000fffa4
000000002
000001000
000000842
100000162
200000e50
000000063
000000176
010000000
000000e51
210000000
000000063
200000e51
00000006f
10000016c
000000e52
210000000
00000006f
200000e52
00000006d
10000016c
000000e53
210000000
00000006d
200000e53
00000006d
10000016c
000000e54
210000000
00000006d
200000e54
000000061
10000016c
000000e55
210000000
000000061
200000e55
00000006e
10000016c
000000e56
210000000
00000006e
200000e56
000000064
10000016c
000000e57
210000000
000000064
200000e57
00000005f
10000016c
000000e58
210000000
00000005f
200000e58
000000072
10000016c
000000e59
210000000
000000072
200000e59
000000065
10000016c
000000e5a
210000000
000000065
200000e5a
000000067
10000016c
000000e5b
210000000
000000067
200000e5b
00000003a
10000016c
000000e5c
210000000
00000003a
200000e5c
000000020
10000016c
000000e5d
210000000
000000020
200000e5d
000000020
10000016c
000000e5e
210000000
000000020
200000e5e
000000020
10000016c
000000e5f
210000000
000000020
200000e5f
000000020
10000016c
000000e60
210000000
000000020
200000e60
000000020
10000016c
000000e61
210000000
000000020
200000e61
000000020
10000016c
000000e62
210000000
000000020
200000e62
000000020
10000016c
000000e63
210000000
000000020
200000e63
000000020
10000016c
000000e64
210000000
000000020
200000e64
000000020
10000016c
000000e65
210000000
000000020
200000e65
000000020
10000016c
000000e66
210000000
000000020
200000e66
000000000
00000016c
10000084a
2000010e0
010001000
000000004
000001000
210001000
000000003
000000856
1000001ae
000000003
00000000c
00000000c
0000001de
000001000
0fffffffc
000000e00
010000000
000000000
000000000
000000e00
200000e00
000000030
000000008
210000000
000000030
1000001ca
000000000
000000000
000000e00
200000e00
000000030
000000004
210000000
000000030
1000001ca
000000000
000000000
000000e00
200000e00
000000030
000000000
210000000
000000030
1000001ca
000000003
000000003
000000e03
200000e03
000000033
0fffffffc
210000000
000000033
0000001ca
10000085e
0000010a4
000000862
100000162
2000010a4
00000000a
000000176
010000000
0000010a5
210000000
00000000a
2000010a5
000000000
00000016c
10000086a
000001000
000000e68
000000872
100000162
200000e68
000000063
000000176
010000000
000000e69
210000000
000000063
200000e69
00000006f
10000016c
000000e6a
210000000
00000006f
200000e6a
00000006d
10000016c
000000e6b
210000000
00000006d
200000e6b
000000070
10000016c
000000e6c
210000000
000000070
200000e6c
00000005f
10000016c
000000e6d
210000000
00000005f
200000e6d
000000063
10000016c
000000e6e
210000000
000000063
200000e6e
000000066
10000016c
000000e6f
210000000
000000066
200000e6f
000000067
10000016c
000000e70
210000000
000000067
200000e70
00000005f
10000016c
000000e71
210000000
00000005f
200000e71
000000072
10000016c
000000e72
210000000
000000072
200000e72
000000065
10000016c
000000e73
210000000
000000065
200000e73
000000067
10000016c
000000e74
210000000
000000067
200000e74
00000003a
10000016c
000000e75
210000000
00000003a
200000e75
000000020
10000016c
000000e76
210000000
000000020
200000e76
000000020
10000016c
000000e77
210000000
000000020
200000e77
000000020
10000016c
000000e78
210000000
000000020
200000e78
000000020
10000016c
000000e79
210000000
000000020
200000e79
000000020
10000016c
000000e7a
210000000
000000020
200000e7a
000000020
10000016c
000000e7b
210000000
000000020
200000e7b
000000020
10000016c
000000e7c
210000000
000000020
200000e7c
000000020
10000016c
000000e7d
210000000
000000020
200000e7d
000000020
10000016c
000000e7e
210000000
000000020
200000e7e
000000000
00000016c
10000087a
2000010e0
010001000
000000004
210001004
000000000
000000882
1000001ae
000000003
00000000c
00000000c
0000001de
000001000
0fffffffc
000000e00
010000000
000000000
000000000
000000e00
200000e00
000000030
000000008
210000000
000000030
1000001ca
000000000
000000000
000000e00
200000e00
000000030
000000004
210000000
000000030
1000001ca
000000000
000000000
000000e00
200000e00
000000030
000000000
210000000
000000030
1000001ca
000000000
000000000
000000e00
200000e00
000000030
0fffffffc
210000000
000000030
0000001ca
10000088a
0000010a4
00000088e
100000162
2000010a4
00000000a
000000176
010000000
0000010a5
210000000
00000000a
2000010a5
000000000
00000016c
100000896
000001000
000000e80
00000089e
100000162
200000e80
000000063
000000176
010000000
000000e81
210000000
000000063
200000e81
00000006f
10000016c
000000e82
210000000
00000006f
200000e82
00000006d
10000016c
000000e83
210000000
00000006d
200000e83
000000070
10000016c
000000e84
210000000
000000070
200000e84
00000005f
10000016c
000000e85
210000000
00000005f
200000e85
000000063
10000016c
000000e86
210000000
000000063
200000e86
000000066
10000016c
000000e87
210000000
000000066
200000e87
000000067
10000016c
000000e88
210000000
000000067
200000e88
00000005f
10000016c
000000e89
210000000
00000005f
200000e89
000000048
10000016c
000000e8a
210000000
000000048
200000e8a
00000005f
10000016c
000000e8b
210000000
00000005f
200000e8b
000000072
10000016c
000000e8c
210000000
000000072
200000e8c
000000065
10000016c
000000e8d
210000000
000000065
200000e8d
000000067
10000016c
000000e8e
210000000
000000067
200000e8e
00000003a
10000016c
000000e8f
210000000
00000003a
200000e8f
000000020
10000016c
000000e90
210000000
000000020
200000e90
000000020
10000016c
000000e91
210000000
000000020
200000e91
000000020
10000016c
000000e92
210000000
000000020
200000e92
000000020
10000016c
000000e93
210000000
000000020
200000e93
000000020
10000016c
000000e94
210000000
000000020
200000e94
000000020
10000016c
000000e95
210000000
000000020
200000e95
000000020
10000016c
000000e96
210000000
000000020
200000e96
000000000
00000016c
1000008a6
2000010e0
010001000
000000004
210001008
000000000
0000008ae
1000001ae
000000003
00000000c
00000000c
0000001de
000001000
0fffffffc
000000e00
010000000
000000000
000000000
000000e00
200000e00
000000030
000000008
210000000
000000030
1000001ca
000000000
000000000
000000e00
200000e00
000000030
000000004
210000000
000000030
1000001ca
000000000
000000000
000000e00
200000e00
000000030
000000000
210000000
000000030
1000001ca
000000000
000000000
000000e00
200000e00
000000030
0fffffffc
210000000
000000030
0000001ca
1000008b6
0000010a4
0000008ba
100000162
2000010a4
00000000a
000000176
010000000
0000010a5
210000000
00000000a
2000010a5
000000000
00000016c
1000008c2
000001000
000000e98
0000008ca
100000162
200000e98
000000063
000000176
010000000
000000e99
210000000
000000063
200000e99
00000006f
10000016c
000000e9a
210000000
00000006f
200000e9a
00000006d
10000016c
000000e9b
210000000
00000006d
200000e9b
000000070
10000016c
000000e9c
210000000
000000070
200000e9c
00000005f
10000016c
000000e9d
210000000
00000005f
200000e9d
000000063
10000016c
000000e9e
210000000
000000063
200000e9e
000000066
10000016c
000000e9f
210000000
000000066
200000e9f
000000067
10000016c
000000ea0
210000000
000000067
200000ea0
00000005f
10000016c
000000ea1
210000000
00000005f
200000ea1
000000057
10000016c
000000ea2
210000000
000000057
200000ea2
00000005f
10000016c
000000ea3
210000000
00000005f
200000ea3
000000072
10000016c
000000ea4
210000000
000000072
200000ea4
000000065
10000016c
000000ea5
210000000
000000065
200000ea5
000000067
10000016c
000000ea6
210000000
000000067
200000ea6
00000003a
10000016c
000000ea7
210000000
00000003a
200000ea7
000000020
10000016c
000000ea8
210000000
000000020
200000ea8
000000020
10000016c
000000ea9
210000000
000000020
200000ea9
000000020
10000016c
000000eaa
210000000
000000020
200000eaa
000000020
10000016c
000000eab
210000000
000000020
200000eab
000000020
10000016c
000000eac
210000000
000000020
200000eac
000000020
10000016c
000000ead
210000000
000000020
200000ead
000000020
10000016c
000000eae
210000000
000000020
200000eae
000000000
00000016c
1000008d2
2000010e0
010001000
000000004
21000100c
000000000
0000008da
1000001ae
000000003
00000000c
00000000c
0000001de
000001000
0fffffffc
000000e00
010000000
000000000
000000000
000000e00
200000e00
000000030
000000008
210000000
000000030
1000001ca
000000000
000000000
000000e00
200000e00
000000030
000000004
210000000
000000030
1000001ca
000000000
000000000
000000e00
200000e00
000000030
000000000
210000000
000000030
1000001ca
000000000
000000000
000000e00
200000e00
000000030
0fffffffc
210000000
000000030
0000001ca
1000008e2
0000010a4
0000008e6
100000162
2000010a4
00000000a
000000176
010000000
0000010a5
210000000
00000000a
2000010a5
000000000
00000016c
1000008ee
000001000
000000eb0
0000008f6
100000162
200000eb0
000000063
000000176
010000000
000000eb1
210000000
000000063
200000eb1
00000006f
10000016c
000000eb2
210000000
00000006f
200000eb2
00000006d
10000016c
000000eb3
210000000
00000006d
200000eb3
000000070
10000016c
000000eb4
210000000
000000070
200000eb4
00000005f
10000016c
000000eb5
210000000
00000005f
200000eb5
000000063
10000016c
000000eb6
210000000
000000063
200000eb6
000000066
10000016c
000000eb7
210000000
000000066
200000eb7
000000067
10000016c
000000eb8
210000000
000000067
200000eb8
00000005f
10000016c
000000eb9
210000000
00000005f
200000eb9
000000043
10000016c
000000eba
210000000
000000043
200000eba
00000005f
10000016c
000000ebb
210000000
00000005f
200000ebb
000000072
10000016c
000000ebc
210000000
000000072
200000ebc
000000065
10000016c
000000ebd
210000000
000000065
200000ebd
000000067
10000016c
000000ebe
210000000
000000067
200000ebe
00000003a
10000016c
000000ebf
210000000
00000003a
200000ebf
000000020
10000016c
000000ec0
210000000
000000020
200000ec0
000000020
10000016c
000000ec1
210000000
000000020
200000ec1
000000020
10000016c
000000ec2
210000000
000000020
200000ec2
000000020
10000016c
000000ec3
210000000
000000020
200000ec3
000000020
10000016c
000000ec4
210000000
000000020
200000ec4
000000020
10000016c
000000ec5
210000000
000000020
200000ec5
000000020
10000016c
000000ec6
210000000
000000020
200000ec6
000000000
00000016c
1000008fe
2000010e0
010001000
000000004
210001010
000000000
000000906
1000001ae
000000003
00000000c
00000000c
0000001de
000001000
0fffffffc
000000e00
010000000
000000000
000000000
000000e00
200000e00
000000030
000000008
210000000
000000030
1000001ca
000000000
000000000
000000e00
200000e00
000000030
000000004
210000000
000000030
1000001ca
000000000
000000000
000000e00
200000e00
000000030
000000000
210000000
000000030
1000001ca
000000000
000000000
000000e00
200000e00
000000030
0fffffffc
210000000
000000030
0000001ca
10000090e
0000010a4
000000912
100000162
2000010a4
00000000a
000000176
010000000
0000010a5
210000000
00000000a
2000010a5
000000000
00000016c
10000091a
000001000
000000ec8
000000922
100000162
200000ec8
000000069
000000176
010000000
000000ec9
210000000
000000069
200000ec9
00000006e
10000016c
000000eca
210000000
00000006e
200000eca
000000070
10000016c
000000ecb
210000000
000000070
200000ecb
000000075
10000016c
000000ecc
210000000
000000075
200000ecc
000000074
10000016c
000000ecd
210000000
000000074
200000ecd
00000005f
10000016c
000000ece
210000000
00000005f
200000ece
000000074
10000016c
000000ecf
210000000
000000074
200000ecf
000000069
10000016c
000000ed0
210000000
000000069
200000ed0
00000006c
10000016c
000000ed1
210000000
00000006c
200000ed1
000000065
10000016c
000000ed2
210000000
000000065
200000ed2
00000005f
10000016c
000000ed3
210000000
00000005f
200000ed3
000000063
10000016c
000000ed4
210000000
000000063
200000ed4
000000066
10000016c
000000ed5
210000000
000000066
200000ed5
000000067
10000016c
000000ed6
210000000
000000067
200000ed6
00000005f
10000016c
000000ed7
210000000
00000005f
200000ed7
000000048
10000016c
000000ed8
210000000
000000048
200000ed8
00000005f
10000016c
000000ed9
210000000
00000005f
200000ed9
000000072
10000016c
000000eda
210000000
000000072
200000eda
000000065
10000016c
000000edb
210000000
000000065
200000edb
000000067
10000016c
000000edc
210000000
000000067
200000edc
00000003a
10000016c
000000edd
210000000
00000003a
200000edd
000000020
10000016c
000000ede
210000000
000000020
200000ede
000000000
00000016c
10000092a
2000010e0
010001000
000000004
210001014
000000002
000000932
1000001ae
000000003
00000000c
00000000c
0000001de
000001000
0fffffffc
000000e00
010000000
000000000
000000000
000000e00
200000e00
000000030
000000008
210000000
000000030
1000001ca
000000000
000000000
000000e00
200000e00
000000030
000000004
210000000
000000030
1000001ca
000000000
000000000
000000e00
200000e00
000000030
000000000
210000000
000000030
1000001ca
000000002
000000002
000000e02
200000e02
000000032
0fffffffc
210000000
000000032
0000001ca
10000093a
0000010a4
00000093e
100000162
2000010a4
00000000a
000000176
010000000
0000010a5
210000000
00000000a
2000010a5
000000000
00000016c
100000946
000001000
000000ee0
00000094e
100000162
200000ee0
000000069
000000176
010000000
000000ee1
210000000
000000069
200000ee1
00000006e
10000016c
000000ee2
210000000
00000006e
200000ee2
000000070
10000016c
000000ee3
210000000
000000070
200000ee3
000000075
10000016c
000000ee4
210000000
000000075
200000ee4
000000074
10000016c
000000ee5
210000000
000000074
200000ee5
00000005f
10000016c
000000ee6
210000000
00000005f
200000ee6
000000074
10000016c
000000ee7
210000000
000000074
200000ee7
000000069
10000016c
000000ee8
210000000
000000069
200000ee8
00000006c
10000016c
000000ee9
210000000
00000006c
200000ee9
000000065
10000016c
000000eea
210000000
000000065
200000eea
00000005f
10000016c
000000eeb
210000000
00000005f
200000eeb
000000063
10000016c
000000eec
210000000
000000063
200000eec
000000066
10000016c
000000eed
210000000
000000066
200000eed
000000067
10000016c
000000eee
210000000
000000067
200000eee
00000005f
10000016c
000000eef
210000000
00000005f
200000eef
000000057
10000016c
000000ef0
210000000
000000057
200000ef0
00000005f
10000016c
000000ef1
210000000
00000005f
200000ef1
000000072
10000016c
000000ef2
210000000
000000072
200000ef2
000000065
10000016c
000000ef3
210000000
000000065
200000ef3
000000067
10000016c
000000ef4
210000000
000000067
200000ef4
00000003a
10000016c
000000ef5
210000000
00000003a
200000ef5
000000020
10000016c
000000ef6
210000000
000000020
200000ef6
000000000
00000016c
100000956
2000010e0
010001000
000000004
210001018
000000002
00000095e
1000001ae
000000003
00000000c
00000000c
0000001de
000001000
0fffffffc
000000e00
010000000
000000000
000000000
000000e00
200000e00
000000030
000000008
210000000
000000030
1000001ca
000000000
000000000
000000e00
200000e00
000000030
000000004
210000000
000000030
1000001ca
000000000
000000000
000000e00
200000e00
000000030
000000000
210000000
000000030
1000001ca
000000002
000000002
000000e02
200000e02
000000032
0fffffffc
210000000
000000032
0000001ca
100000966
0000010a4
0fffff96a
100000162
2000010a4
00000000a
000000176
010000000
0000010a5
210000000
00000000a
2000010a5
000000000
00000016c
100000972
000001000
000000ef8
0fffff97a
100000162
200000ef8
000000069
000000176
010000000
000000ef9
210000000
000000069
200000ef9
00000006e
10000016c
000000efa
210000000
00000006e
200000efa
000000070
10000016c
000000efb
210000000
000000070
200000efb
000000075
10000016c
000000efc
210000000
000000075
200000efc
000000074
10000016c
000000efd
210000000
000000074
200000efd
00000005f
10000016c
000000efe
210000000
00000005f
200000efe
000000074
10000016c
000000eff
210000000
000000074
200000eff
000000069
10000016c
000000f00
210000000
000000069
200000f00
00000006c
10000016c
000000f01
210000000
00000006c
200000f01
000000065
10000016c
000000f02
210000000
000000065
200000f02
00000005f
10000016c
000000f03
210000000
00000005f
200000f03
000000063
10000016c
000000f04
210000000
000000063
200000f04
000000066
10000016c
000000f05
210000000
000000066
200000f05
000000067
10000016c
000000f06
210000000
000000067
200000f06
00000005f
10000016c
000000f07
210000000
00000005f
200000f07
000000043
10000016c
000000f08
210000000
000000043
200000f08
00000005f
10000016c
000000f09
210000000
00000005f
200000f09
000000072
10000016c
000000f0a
210000000
000000072
200000f0a
000000065
10000016c
000000f0b
210000000
000000065
200000f0b
000000067
10000016c
000000f0c
210000000
000000067
200000f0c
00000003a
10000016c
000000f0d
210000000
00000003a
200000f0d
000000020
10000016c
000000f0e
210000000
000000020
200000f0e
000000000
00000016c
100000982
2000010e0
010001000
000000004
21000101c
000000040
00000098a
1000001ae
000000003
00000000c
00000000c
0000001de
000001000
0fffffffc
000000e00
010000000
000000000
000000000
000000e00
200000e00
000000030
000000008
210000000
000000030
1000001ca
000000000
000000000
000000e00
200000e00
000000030
000000004
210000000
000000030
1000001ca
000000004
000000004
000000e04
200000e04
000000034
000000000
210000000
000000034
1000001ca
000000040
000000000
000000e00
200000e00
000000030
0fffffffc
210000000
000000030
0000001ca
100000992
0000010a4
0fffff996
100000162
2000010a4
00000000a
000000176
010000000
0000010a5
210000000
00000000a
2000010a5
000000000
00000016c
10000099e
000001000
000000f10
0fffff9a6
100000162
200000f10
000000069
000000176
010000000
000000f11
210000000
000000069
200000f11
00000006e
10000016c
000000f12
210000000
00000006e
200000f12
000000070
10000016c
000000f13
210000000
000000070
200000f13
000000075
10000016c
000000f14
210000000
000000075
200000f14
000000074
10000016c
000000f15
210000000
000000074
200000f15
00000005f
10000016c
000000f16
210000000
00000005f
200000f16
000000074
10000016c
000000f17
210000000
000000074
200000f17
000000069
10000016c
000000f18
210000000
000000069
200000f18
00000006c
10000016c
000000f19
210000000
00000006c
200000f19
000000065
10000016c
000000f1a
210000000
000000065
200000f1a
00000005f
10000016c
000000f1b
210000000
00000005f
200000f1b
000000061
10000016c
000000f1c
210000000
000000061
200000f1c
000000064
10000016c
000000f1d
210000000
000000064
200000f1d
000000064
10000016c
000000f1e
210000000
000000064
200000f1e
000000072
10000016c
000000f1f
210000000
000000072
200000f1f
00000005f
10000016c
000000f20
210000000
00000005f
200000f20
000000072
10000016c
000000f21
210000000
000000072
200000f21
000000065
10000016c
000000f22
210000000
000000065
200000f22
000000067
10000016c
000000f23
210000000
000000067
200000f23
00000003a
10000016c
000000f24
210000000
00000003a
200000f24
000000020
10000016c
000000f25
210000000
000000020
200000f25
000000020
10000016c
000000f26
210000000
000000020
200000f26
000000000
00000016c
1000009ae
2000010e0
010001000
000000008
210001020
000080000
0fffff9b6
1000001ae
000000007
00000001c
00000001c
0000001de
000001000
0fffffffc
000000e00
010000000
000000000
000000000
000000e00
200000e00
000000030
000000018
210000000
000000030
1000001ca
000000000
000000000
000000e00
200000e00
000000030
000000014
210000000
000000030
1000001ca
000000000
000000000
000000e00
200000e00
000000030
000000010
210000000
000000030
1000001ca
000000008
000000008
000000e08
200000e08
000000038
00000000c
210000000
000000038
1000001ca
000000080
000000000
000000e00
200000e00
000000030
000000008
210000000
000000030
1000001ca
000000800
000000000
000000e00
200000e00
000000030
000000004
210000000
000000030
1000001ca
000008000
000000000
000000e00
200000e00
000000030
000000000
210000000
000000030
1000001ca
000080000
000000000
000000e00
200000e00
000000030
0fffffffc
210000000
000000030
0000001ca
1000009be
0000010a4
0fffff9c2
100000162
2000010a4
00000000a
000000176
010000000
0000010a5
210000000
00000000a
2000010a5
000000000
00000016c
1000009ca
000001000
000000f28
0fffff9d2
100000162
200000f28
000000069
000000176
010000000
000000f29
210000000
000000069
200000f29
00000006e
10000016c
000000f2a
210000000
00000006e
200000f2a
000000070
10000016c
000000f2b
210000000
000000070
200000f2b
000000075
10000016c
000000f2c
210000000
000000075
200000f2c
000000074
10000016c
000000f2d
210000000
000000074
200000f2d
00000005f
10000016c
000000f2e
210000000
00000005f
200000f2e
000000074
10000016c
000000f2f
210000000
000000074
200000f2f
000000069
10000016c
000000f30
210000000
000000069
200000f30
00000006c
10000016c
000000f31
210000000
00000006c
200000f31
000000065
10000016c
000000f32
210000000
000000065
200000f32
00000005f
10000016c
000000f33
210000000
00000005f
200000f33
00000006d
10000016c
000000f34
210000000
00000006d
200000f34
000000061
10000016c
000000f35
210000000
000000061
200000f35
000000074
10000016c
000000f36
210000000
000000074
200000f36
00000005f
10000016c
000000f37
210000000
00000005f
200000f37
000000057
10000016c
000000f38
210000000
000000057
200000f38
00000005f
10000016c
000000f39
210000000
00000005f
200000f39
000000072
10000016c
000000f3a
210000000
000000072
200000f3a
000000065
10000016c
000000f3b
210000000
000000065
200000f3b
000000067
10000016c
000000f3c
210000000
000000067
200000f3c
00000003a
10000016c
000000f3d
210000000
00000003a
200000f3d
000000020
10000016c
000000f3e
210000000
000000020
200000f3e
000000000
00000016c
1000009da
2000010e0
010001000
000000004
210001024
000000010
0fffff9e2
1000001ae
000000003
00000000c
00000000c
0000001de
000001000
0fffffffc
000000e00
010000000
000000000
000000000
000000e00
200000e00
000000030
000000008
210000000
000000030
1000001ca
000000000
000000000
000000e00
200000e00
000000030
000000004
210000000
000000030
1000001ca
000000001
000000001
000000e01
200000e01
000000031
000000000
210000000
000000031
1000001ca
000000010
000000000
000000e00
200000e00
000000030
0fffffffc
210000000
000000030
0000001ca
1000009ea
0000010a4
0fffff9ee
100000162
2000010a4
00000000a
000000176
010000000
0000010a5
210000000
00000000a
2000010a5
000000000
00000016c
1000009f6
000001000
000000f40
0fffff9fe
100000162
200000f40
00000006f
000000176
010000000
000000f41
210000000
00000006f
200000f41
000000075
10000016c
000000f42
210000000
000000075
200000f42
000000074
10000016c
000000f43
210000000
000000074
200000f43
000000070
10000016c
000000f44
210000000
000000070
200000f44
000000075
10000016c
000000f45
210000000
000000075
200000f45
000000074
10000016c
000000f46
210000000
000000074
200000f46
00000005f
10000016c
000000f47
210000000
00000005f
200000f47
000000074
10000016c
000000f48
210000000
000000074
200000f48
000000069
10000016c
000000f49
210000000
000000069
200000f49
00000006c
10000016c
000000f4a
210000000
00000006c
200000f4a
000000065
10000016c
000000f4b
210000000
000000065
200000f4b
00000005f
10000016c
000000f4c
210000000
00000005f
200000f4c
000000063
10000016c
000000f4d
210000000
000000063
200000f4d
000000066
10000016c
000000f4e
210000000
000000066
200000f4e
000000067
10000016c
000000f4f
210000000
000000067
200000f4f
00000005f
10000016c
000000f50
210000000
00000005f
200000f50
000000048
10000016c
000000f51
210000000
000000048
200000f51
00000005f
10000016c
000000f52
210000000
00000005f
200000f52
000000072
10000016c
000000f53
210000000
000000072
200000f53
000000065
10000016c
000000f54
210000000
000000065
200000f54
000000067
10000016c
000000f55
210000000
000000067
200000f55
00000003a
10000016c
000000f56
210000000
00000003a
200000f56
000000000
00000016c
100000a06
2000010e0
010001000
000000004
210001028
000000002
0fffffa0e
1000001ae
000000003
00000000c
00000000c
0000001de
000001000
0fffffffc
000000e00
010000000
000000000
000000000
000000e00
200000e00
000000030
000000008
210000000
000000030
1000001ca
000000000
000000000
000000e00
200000e00
000000030
000000004
210000000
000000030
1000001ca
000000000
000000000
000000e00
200000e00
000000030
000000000
210000000
000000030
1000001ca
000000002
000000002
000000e02
200000e02
000000032
0fffffffc
210000000
000000032
0000001ca
100000a16
0000010a4
0fffffa1a
100000162
2000010a4
00000000a
000000176
010000000
0000010a5
210000000
00000000a
2000010a5
000000000
00000016c
100000a22
000001000
000000f58
0fffffa2a
100000162
200000f58
00000006f
000000176
010000000
000000f59
210000000
00000006f
200000f59
000000075
10000016c
000000f5a
210000000
000000075
200000f5a
000000074
10000016c
000000f5b
210000000
000000074
200000f5b
000000070
10000016c
000000f5c
210000000
000000070
200000f5c
000000075
10000016c
000000f5d
210000000
000000075
200000f5d
000000074
10000016c
000000f5e
210000000
000000074
200000f5e
00000005f
10000016c
000000f5f
210000000
00000005f
200000f5f
000000074
10000016c
000000f60
210000000
000000074
200000f60
000000069
10000016c
000000f61
210000000
000000069
200000f61
00000006c
10000016c
000000f62
210000000
00000006c
200000f62
000000065
10000016c
000000f63
210000000
000000065
200000f63
00000005f
10000016c
000000f64
210000000
00000005f
200000f64
000000063
10000016c
000000f65
210000000
000000063
200000f65
000000066
10000016c
000000f66
210000000
000000066
200000f66
000000067
10000016c
000000f67
210000000
000000067
200000f67
00000005f
10000016c
000000f68
210000000
00000005f
200000f68
000000057
10000016c
000000f69
210000000
000000057
200000f69
00000005f
10000016c
000000f6a
210000000
00000005f
200000f6a
000000072
10000016c
000000f6b
210000000
000000072
200000f6b
000000065
10000016c
000000f6c
210000000
000000065
200000f6c
000000067
10000016c
000000f6d
210000000
000000067
200000f6d
00000003a
10000016c
000000f6e
210000000
00000003a
200000f6e
000000000
00000016c
100000a32
2000010e0
010001000
000000004
21000102c
000000002
0fffffa3a
1000001ae
000000003
00000000c
00000000c
0000001de
000001000
0fffffffc
000000e00
010000000
000000000
000000000
000000e00
200000e00
000000030
000000008
210000000
000000030
1000001ca
000000000
000000000
000000e00
200000e00
000000030
000000004
210000000
000000030
1000001ca
000000000
000000000
000000e00
200000e00
000000030
000000000
210000000
000000030
1000001ca
000000002
000000002
000000e02
200000e02
000000032
0fffffffc
210000000
000000032
0000001ca
100000a42
0000010a4
0fffffa46
100000162
2000010a4
00000000a
000000176
010000000
0000010a5
210000000
00000000a
2000010a5
000000000
00000016c
100000a4e
000001000
000000f70
0fffffa56
100000162
200000f70
00000006f
000000176
010000000
000000f71
210000000
00000006f
200000f71
000000075
10000016c
000000f72
210000000
000000075
200000f72
000000074
10000016c
000000f73
210000000
000000074
200000f73
000000070
10000016c
000000f74
210000000
000000070
200000f74
000000075
10000016c
000000f75
210000000
000000075
200000f75
000000074
10000016c
000000f76
210000000
000000074
200000f76
00000005f
10000016c
000000f77
210000000
00000005f
200000f77
000000074
10000016c
000000f78
210000000
000000074
200000f78
000000069
10000016c
000000f79
210000000
000000069
200000f79
00000006c
10000016c
000000f7a
210000000
00000006c
200000f7a
000000065
10000016c
000000f7b
210000000
000000065
200000f7b
00000005f
10000016c
000000f7c
210000000
00000005f
200000f7c
000000063
10000016c
000000f7d
210000000
000000063
200000f7d
000000066
10000016c
000000f7e
210000000
000000066
200000f7e
000000067
10000016c
000000f7f
210000000
000000067
200000f7f
00000005f
10000016c
000000f80
210000000
00000005f
200000f80
000000043
10000016c
000000f81
210000000
000000043
200000f81
00000005f
10000016c
000000f82
210000000
00000005f
200000f82
000000072
10000016c
000000f83
210000000
000000072
200000f83
000000065
10000016c
000000f84
210000000
000000065
200000f84
000000067
10000016c
000000f85
210000000
000000067
200000f85
00000003a
10000016c
000000f86
210000000
00000003a
200000f86
000000000
00000016c
100000a5e
2000010e0
010001000
000000004
210001030
000000040
0fffffa66
1000001ae
000000003
00000000c
00000000c
0000001de
000001000
0fffffffc
000000e00
010000000
000000000
000000000
000000e00
200000e00
000000030
000000008
210000000
000000030
1000001ca
000000000
000000000
000000e00
200000e00
000000030
000000004
210000000
000000030
1000001ca
000000004
000000004
000000e04
200000e04
000000034
000000000
210000000
000000034
1000001ca
000000040
000000000
000000e00
200000e00
000000030
0fffffffc
210000000
000000030
0000001ca
100000a6e
0000010a4
0fffffa72
100000162
2000010a4
00000000a
000000176
010000000
0000010a5
210000000
00000000a
2000010a5
000000000
00000016c
100000a7a
000001000
000000f88
0fffffa82
100000162
200000f88
00000006f
000000176
010000000
000000f89
210000000
00000006f
200000f89
000000075
10000016c
000000f8a
210000000
000000075
200000f8a
000000074
10000016c
000000f8b
210000000
000000074
200000f8b
000000070
10000016c
000000f8c
210000000
000000070
200000f8c
000000075
10000016c
000000f8d
210000000
000000075
200000f8d
000000074
10000016c
000000f8e
210000000
000000074
200000f8e
00000005f
10000016c
000000f8f
210000000
00000005f
200000f8f
000000074
10000016c
000000f90
210000000
000000074
200000f90
000000069
10000016c
000000f91
210000000
000000069
200000f91
00000006c
10000016c
000000f92
210000000
00000006c
200000f92
000000065
10000016c
000000f93
210000000
000000065
200000f93
00000005f
10000016c
000000f94
210000000
00000005f
200000f94
000000061
10000016c
000000f95
210000000
000000061
200000f95
000000064
10000016c
000000f96
210000000
000000064
200000f96
000000064
10000016c
000000f97
210000000
000000064
200000f97
000000072
10000016c
000000f98
210000000
000000072
200000f98
00000005f
10000016c
000000f99
210000000
00000005f
200000f99
000000072
10000016c
000000f9a
210000000
000000072
200000f9a
000000065
10000016c
000000f9b
210000000
000000065
200000f9b
000000067
10000016c
000000f9c
210000000
000000067
200000f9c
00000003a
10000016c
000000f9d
210000000
00000003a
200000f9d
000000020
10000016c
000000f9e
210000000
000000020
200000f9e
000000000
00000016c
100000a8a
2000010e0
010001000
000000008
210001034
0000c0000
0fffffa92
1000001ae
000000007
00000001c
00000001c
0000001de
000001000
0fffffffc
000000e00
010000000
000000000
000000000
000000e00
200000e00
000000030
000000018
210000000
000000030
1000001ca
000000000
000000000
000000e00
200000e00
000000030
000000014
210000000
000000030
1000001ca
000000000
000000000
000000e00
200000e00
000000030
000000010
210000000
000000030
1000001ca
00000000c
00000000c
000000e0c
200000e0c
000000043
00000000c
210000000
000000043
1000001ca
0000000c0
000000000
000000e00
200000e00
000000030
000000008
210000000
000000030
1000001ca
000000c00
000000000
000000e00
200000e00
000000030
000000004
210000000
000000030
1000001ca
00000c000
000000000
000000e00
200000e00
000000030
000000000
210000000
000000030
1000001ca
0000c0000
000000000
000000e00
200000e00
000000030
0fffffffc
210000000
000000030
0000001ca
100000a9a
0000010a4
0fffffa9e
100000162
2000010a4
00000000a
000000176
010000000
0000010a5
210000000
00000000a
2000010a5
000000000
00000016c
100000aa6
000001000
000000fa0
0fffffaae
100000162
200000fa0
00000006f
000000176
010000000
000000fa1
210000000
00000006f
200000fa1
000000075
10000016c
000000fa2
210000000
000000075
200000fa2
000000074
10000016c
000000fa3
210000000
000000074
200000fa3
000000070
10000016c
000000fa4
210000000
000000070
200000fa4
000000075
10000016c
000000fa5
210000000
000000075
200000fa5
000000074
10000016c
000000fa6
210000000
000000074
200000fa6
00000005f
10000016c
000000fa7
210000000
00000005f
200000fa7
000000074
10000016c
000000fa8
210000000
000000074
200000fa8
000000069
10000016c
000000fa9
210000000
000000069
200000fa9
00000006c
10000016c
000000faa
210000000
00000006c
200000faa
000000065
10000016c
000000fab
210000000
000000065
200000fab
00000005f
10000016c
000000fac
210000000
00000005f
200000fac
00000006d
10000016c
000000fad
210000000
00000006d
200000fad
000000061
10000016c
000000fae
210000000
000000061
200000fae
000000074
10000016c
000000faf
210000000
000000074
200000faf
00000005f
10000016c
000000fb0
210000000
00000005f
200000fb0
000000057
10000016c
000000fb1
210000000
000000057
200000fb1
00000005f
10000016c
000000fb2
210000000
00000005f
200000fb2
000000072
10000016c
000000fb3
210000000
000000072
200000fb3
000000065
10000016c
000000fb4
210000000
000000065
200000fb4
000000067
10000016c
000000fb5
210000000
000000067
200000fb5
00000003a
10000016c
000000fb6
210000000
00000003a
200000fb6
000000000
00000016c
100000ab6
2000010e0
010001000
000000004
210001038
000000010
0fffffabe
1000001ae
000000003
00000000c
00000000c
0000001de
000001000
0fffffffc
000000e00
010000000
000000000
000000000
000000e00
200000e00
000000030
000000008
210000000
000000030
1000001ca
000000000
000000000
000000e00
200000e00
000000030
000000004
210000000
000000030
1000001ca
000000001
000000001
000000e01
200000e01
000000031
000000000
210000000
000000031
1000001ca
000000010
000000000
000000e00
200000e00
000000030
0fffffffc
210000000
000000030
0000001ca
100000ac6
0000010a4
0fffffaca
100000162
2000010a4
00000000a
000000176
010000000
0000010a5
210000000
00000000a
2000010a5
000000000
00000016c
100000ad2
000001000
000000fb8
0fffffada
100000162
200000fb8
000000077
000000176
010000000
000000fb9
210000000
000000077
200000fb9
000000065
10000016c
000000fba
210000000
000000065
200000fba
000000069
10000016c
000000fbb
210000000
000000069
200000fbb
000000067
10000016c
000000fbc
210000000
000000067
200000fbc
000000068
10000016c
000000fbd
210000000
000000068
200000fbd
000000074
10000016c
000000fbe
210000000
000000074
200000fbe
00000005f
10000016c
000000fbf
210000000
00000005f
200000fbf
000000063
10000016c
000000fc0
210000000
000000063
200000fc0
000000066
10000016c
000000fc1
210000000
000000066
200000fc1
000000067
10000016c
000000fc2
210000000
000000067
200000fc2
00000005f
10000016c
000000fc3
210000000
00000005f
200000fc3
00000004e
10000016c
000000fc4
210000000
00000004e
200000fc4
00000005f
10000016c
000000fc5
210000000
00000005f
200000fc5
000000072
10000016c
000000fc6
210000000
000000072
200000fc6
000000065
10000016c
000000fc7
210000000
000000065
200000fc7
000000067
10000016c
000000fc8
210000000
000000067
200000fc8
00000003a
10000016c
000000fc9
210000000
00000003a
200000fc9
000000020
10000016c
000000fca
210000000
000000020
200000fca
000000020
10000016c
000000fcb
210000000
000000020
200000fcb
000000020
10000016c
000000fcc
210000000
000000020
200000fcc
000000020
10000016c
000000fcd
210000000
000000020
200000fcd
000000020
10000016c
000000fce
210000000
000000020
200000fce
000000000
00000016c
100000ae2
2000010e0
010001000
000000004
21000103c
000000002
0fffffaea
1000001ae
000000003
00000000c
00000000c
0000001de
000001000
0fffffffc
000000e00
010000000
000000000
000000000
000000e00
200000e00
000000030
000000008
210000000
000000030
1000001ca
000000000
000000000
000000e00
200000e00
000000030
000000004
210000000
000000030
1000001ca
000000000
000000000
000000e00
200000e00
000000030
000000000
210000000
000000030
1000001ca
000000002
000000002
000000e02
200000e02
000000032
0fffffffc
210000000
000000032
0000001ca
100000af2
0000010a4
0fffffaf6
100000162
2000010a4
00000000a
000000176
010000000
0000010a5
210000000
00000000a
2000010a5
000000000
00000016c
100000afe
000001000
000000fd0
0fffffb06
100000162
200000fd0
000000077
000000176
010000000
000000fd1
210000000
000000077
200000fd1
000000065
10000016c
000000fd2
210000000
000000065
200000fd2
000000069
10000016c
000000fd3
210000000
000000069
200000fd3
000000067
10000016c
000000fd4
210000000
000000067
200000fd4
000000068
10000016c
000000fd5
210000000
000000068
200000fd5
000000074
10000016c
000000fd6
210000000
000000074
200000fd6
00000005f
10000016c
000000fd7
210000000
00000005f
200000fd7
000000063
10000016c
000000fd8
210000000
000000063
200000fd8
000000066
10000016c
000000fd9
210000000
000000066
200000fd9
000000067
10000016c
000000fda
210000000
000000067
200000fda
00000005f
10000016c
000000fdb
210000000
00000005f
200000fdb
000000048
10000016c
000000fdc
210000000
000000048
200000fdc
00000005f
10000016c
000000fdd
210000000
00000005f
200000fdd
000000072
10000016c
000000fde
210000000
000000072
200000fde
000000065
10000016c
000000fdf
210000000
000000065
200000fdf
000000067
10000016c
000000fe0
210000000
000000067
200000fe0
00000003a
10000016c
000000fe1
210000000
00000003a
200000fe1
000000020
10000016c
000000fe2
210000000
000000020
200000fe2
000000020
10000016c
000000fe3
210000000
000000020
200000fe3
000000020
10000016c
000000fe4
210000000
000000020
200000fe4
000000020
10000016c
000000fe5
210000000
000000020
200000fe5
000000020
10000016c
000000fe6
210000000
000000020
200000fe6
000000000
00000016c
100000b0e
2000010e0
010001000
000000004
210001040
000000003
0fffffb16
1000001ae
000000003
00000000c
00000000c
0000001de
000001000
0fffffffc
000000e00
010000000
000000000
000000000
000000e00
200000e00
000000030
000000008
210000000
000000030
1000001ca
000000000
000000000
000000e00
200000e00
000000030
000000004
210000000
000000030
1000001ca
000000000
000000000
000000e00
200000e00
000000030
000000000
210000000
000000030
1000001ca
000000003
000000003
000000e03
200000e03
000000033
0fffffffc
210000000
000000033
0000001ca
100000b1e
0000010a4
0fffffb22
100000162
2000010a4
00000000a
000000176
010000000
0000010a5
210000000
00000000a
2000010a5
000000000
00000016c
100000b2a
000001000
000000fe8
0fffffb32
100000162
200000fe8
000000077
000000176
010000000
000000fe9
210000000
000000077
200000fe9
000000065
10000016c
000000fea
210000000
000000065
200000fea
000000069
10000016c
000000feb
210000000
000000069
200000feb
000000067
10000016c
000000fec
210000000
000000067
200000fec
000000068
10000016c
000000fed
210000000
000000068
200000fed
000000074
10000016c
000000fee
210000000
000000074
200000fee
00000005f
10000016c
000000fef
210000000
00000005f
200000fef
000000063
10000016c
000000ff0
210000000
000000063
200000ff0
000000066
10000016c
000000ff1
210000000
000000066
200000ff1
000000067
10000016c
000000ff2
210000000
000000067
200000ff2
00000005f
10000016c
000000ff3
210000000
00000005f
200000ff3
000000057
10000016c
000000ff4
210000000
000000057
200000ff4
00000005f
10000016c
000000ff5
210000000
00000005f
200000ff5
000000072
10000016c
000000ff6
210000000
000000072
200000ff6
000000065
10000016c
000000ff7
210000000
000000065
200000ff7
000000067
10000016c
000000ff8
210000000
000000067
200000ff8
00000003a
10000016c
000000ff9
210000000
00000003a
200000ff9
000000020
10000016c
000000ffa
210000000
000000020
200000ffa
000000020
10000016c
000000ffb
210000000
000000020
200000ffb
000000020
10000016c
000000ffc
210000000
000000020
200000ffc
000000020
10000016c
000000ffd
210000000
000000020
200000ffd
000000020
10000016c
000000ffe
210000000
000000020
200000ffe
000000000
00000016c
100000b3a
2000010e0
010001000
000000004
210001044
000000010
0fffffb42
1000001ae
000000003
00000000c
00000000c
0000001de
000001000
0fffffffc
000000e00
010000000
000000000
000000000
000000e00
200000e00
000000030
000000008
210000000
000000030
1000001ca
000000000
000000000
000000e00
200000e00
000000030
000000004
210000000
000000030
1000001ca
000000001
000000001
000000e01
200000e01
000000031
000000000
210000000
000000031
1000001ca
000000010
000000000
000000e00
200000e00
000000030
0fffffffc
210000000
000000030
0000001ca
100000b4a
0000010a4
0fffffb4e
100000162
2000010a4
00000000a
000000176
010000000
0000010a5
210000000
00000000a
2000010a5
000000000
00000016c
100000b56
000001000
000001000
0fffffb5e
100000162
200001000
000000077
000000176
010000000
000001001
210000000
000000077
200001001
000000065
10000016c
000001002
210000000
000000065
200001002
000000069
10000016c
000001003
210000000
000000069
200001003
000000067
10000016c
000001004
210000000
000000067
200001004
000000068
10000016c
000001005
210000000
000000068
200001005
000000074
10000016c
000001006
210000000
000000074
200001006
00000005f
10000016c
000001007
210000000
00000005f
200001007
000000063
10000016c
000001008
210000000
000000063
200001008
000000066
10000016c
000001009
210000000
000000066
200001009
000000067
10000016c
00000100a
210000000
000000067
20000100a
00000005f
10000016c
00000100b
210000000
00000005f
20000100b
000000043
10000016c
00000100c
210000000
000000043
20000100c
00000005f
10000016c
00000100d
210000000
00000005f
20000100d
000000072
10000016c
00000100e
210000000
000000072
20000100e
000000065
10000016c
00000100f
210000000
000000065
20000100f
000000067
10000016c
000001010
210000000
000000067
200001010
00000003a
10000016c
000001011
210000000
00000003a
200001011
000000020
10000016c
000001012
210000000
000000020
200001012
000000020
10000016c
000001013
210000000
000000020
200001013
000000020
10000016c
000001014
210000000
000000020
200001014
000000020
10000016c
000001015
210000000
000000020
200001015
000000020
10000016c
000001016
210000000
000000020
200001016
000000000
00000016c
100000b66
2000010e0
010001000
000000004
210001048
000000040
0fffffb6e
1000001ae
000000003
00000000c
00000000c
0000001de
000001000
0fffffffc
000000e00
010000000
000000000
000000000
000000e00
200000e00
000000030
000000008
210000000
000000030
1000001ca
000000000
000000000
000000e00
200000e00
000000030
000000004
210000000
000000030
1000001ca
000000004
000000004
000000e04
200000e04
000000034
000000000
210000000
000000034
1000001ca
000000040
000000000
000000e00
200000e00
000000030
0fffffffc
210000000
000000030
0000001ca
100000b76
0000010a4
0fffffb7a
100000162
2000010a4
00000000a
000000176
010000000
0000010a5
210000000
00000000a
2000010a5
000000000
00000016c
100000b82
000001000
000001018
0fffffb8a
100000162
200001018
000000077
000000176
010000000
000001019
210000000
000000077
200001019
000000065
10000016c
00000101a
210000000
000000065
20000101a
000000069
10000016c
00000101b
210000000
000000069
20000101b
000000067
10000016c
00000101c
210000000
000000067
20000101c
000000068
10000016c
00000101d
210000000
000000068
20000101d
000000074
10000016c
00000101e
210000000
000000074
20000101e
00000005f
10000016c
00000101f
210000000
00000005f
20000101f
000000061
10000016c
000001020
210000000
000000061
200001020
000000064
10000016c
000001021
210000000
000000064
200001021
000000064
10000016c
000001022
210000000
000000064
200001022
000000072
10000016c
000001023
210000000
000000072
200001023
000000065
10000016c
000001024
210000000
000000065
200001024
000000073
10000016c
000001025
210000000
000000073
200001025
000000073
10000016c
000001026
210000000
000000073
200001026
00000005f
10000016c
000001027
210000000
00000005f
200001027
000000072
10000016c
000001028
210000000
000000072
200001028
000000065
10000016c
000001029
210000000
000000065
200001029
000000067
10000016c
00000102a
210000000
000000067
20000102a
00000003a
10000016c
00000102b
210000000
00000003a
20000102b
000000020
10000016c
00000102c
210000000
000000020
20000102c
000000020
10000016c
00000102d
210000000
000000020
20000102d
000000020
10000016c
00000102e
210000000
000000020
20000102e
000000000
00000016c
100000b92
2000010e0
010001000
000000008
21000104c
000040000
0fffffb9a
1000001ae
000000007
00000001c
00000001c
0000001de
000001000
0fffffffc
000000e00
010000000
000000000
000000000
000000e00
200000e00
000000030
000000018
210000000
000000030
1000001ca
000000000
000000000
000000e00
200000e00
000000030
000000014
210000000
000000030
1000001ca
000000000
000000000
000000e00
200000e00
000000030
000000010
210000000
000000030
1000001ca
000000004
000000004
000000e04
200000e04
000000034
00000000c
210000000
000000034
1000001ca
000000040
000000000
000000e00
200000e00
000000030
000000008
210000000
000000030
1000001ca
000000400
000000000
000000e00
200000e00
000000030
000000004
210000000
000000030
1000001ca
000004000
000000000
000000e00
200000e00
000000030
000000000
210000000
000000030
1000001ca
000040000
000000000
000000e00
200000e00
000000030
0fffffffc
210000000
000000030
0000001ca
100000ba2
0000010a4
0fffffba6
100000162
2000010a4
00000000a
000000176
010000000
0000010a5
210000000
00000000a
2000010a5
000000000
00000016c
100000bae
000001000
000001030
0fffffbb6
100000162
200001030
000000073
000000176
010000000
000001031
210000000
000000073
200001031
000000074
10000016c
000001032
210000000
000000074
200001032
000000061
10000016c
000001033
210000000
000000061
200001033
000000074
10000016c
000001034
210000000
000000074
200001034
000000075
10000016c
000001035
210000000
000000075
200001035
000000073
10000016c
000001036
210000000
000000073
200001036
00000005f
10000016c
000001037
210000000
00000005f
200001037
000000072
10000016c
000001038
210000000
000000072
200001038
000000065
10000016c
000001039
210000000
000000065
200001039
000000067
10000016c
00000103a
210000000
000000067
20000103a
00000003a
10000016c
00000103b
210000000
00000003a
20000103b
000000020
10000016c
00000103c
210000000
000000020
20000103c
000000020
10000016c
00000103d
210000000
000000020
20000103d
000000020
10000016c
00000103e
210000000
000000020
20000103e
000000020
10000016c
00000103f
210000000
000000020
20000103f
000000020
10000016c
000001040
210000000
000000020
200001040
000000020
10000016c
000001041
210000000
000000020
200001041
000000020
10000016c
000001042
210000000
000000020
200001042
000000020
10000016c
000001043
210000000
000000020
200001043
000000020
10000016c
000001044
210000000
000000020
200001044
000000020
10000016c
000001045
210000000
000000020
200001045
000000020
10000016c
000001046
210000000
000000020
200001046
000000000
00000016c
100000bbe
2000010e0
010001000
000000004
210001050
00000001c
0fffffbc6
1000001ae
000000003
00000000c
00000000c
0000001de
000001000
0fffffffc
000000e00
010000000
000000000
000000000
000000e00
200000e00
000000030
000000008
210000000
000000030
1000001ca
000000000
000000000
000000e00
200000e00
000000030
000000004
210000000
000000030
1000001ca
000000001
000000001
000000e01
200000e01
000000031
000000000
210000000
000000031
1000001ca
00000001c
00000000c
000000e0c
200000e0c
000000043
0fffffffc
210000000
000000043
0000001ca
100000bce
0000010a4
2000fffa8
000002000
2000fffac
000000d6e
2000fffa4
000000002
0000fffb0
0fffffbda
100000162
2000010a4
00000000a
000000176
010000000
0000010a5
210000000
00000000a
2000010a5
000000000
00000016c
100000d6e
000000003
000000008
100000c18
000001048
0fffffc1c
100000162
200001048
00000002d
000000176
010000000
000001049
210000000
00000002d
200001049
00000002d
10000016c
00000104a
210000000
00000002d
20000104a
00000002d
10000016c
00000104b
210000000
00000002d
20000104b
000000020
10000016c
00000104c
210000000
000000020
20000104c
000000053
10000016c
00000104d
210000000
000000053
20000104d
000000074
10000016c
00000104e
210000000
000000074
20000104e
000000061
10000016c
00000104f
210000000
000000061
20000104f
000000072
10000016c
000001050
210000000
000000072
200001050
000000074
10000016c
000001051
210000000
000000074
200001051
000000069
10000016c
000001052
210000000
000000069
200001052
00000006e
10000016c
000001053
210000000
00000006e
200001053
000000067
10000016c
000001054
210000000
000000067
200001054
000000020
10000016c
000001055
210000000
000000020
200001055
000000054
10000016c
000001056
210000000
000000054
200001056
000000065
10000016c
000001057
210000000
000000065
200001057
000000073
10000016c
000001058
210000000
000000073
200001058
000000074
10000016c
000001059
210000000
000000074
200001059
000000020
10000016c
00000105a
210000000
000000020
20000105a
000000000
00000016c
100000c24
000000003
0fffffc26
100000178
0000fffa0
0000fffa4
0000fffa4
00000000a
100000186
000000003
0000fffa5
000000000
2000fffa4
000000003
100000180
000000186
100000196
010000000
2000fffa4
000000003
0000fffa4
000000033
210000000
000000033
00000019a
0000fffb0
100000c2e
00000105c
0fffffc32
100000162
20000105c
000000020
000000176
010000000
00000105d
210000000
000000020
20000105d
00000002d
10000016c
00000105e
210000000
00000002d
20000105e
00000002d
10000016c
00000105f
210000000
00000002d
20000105f
00000002d
10000016c
000001060
210000000
00000002d
200001060
00000000a
10000016c
000001061
210000000
00000000a
200001061
000000000
00000016c
100000c3a
230000000
000000003
200002000
000000002
200002004
000000003
200002008
000000011
20000200c
000000040
200002010
000000008
000001064
0fffffc54
100000162
200001064
000000050
000000176
010000000
000001065
210000000
000000050
200001065
000000061
10000016c
000001066
210000000
000000061
200001066
000000072
10000016c
000001067
210000000
000000072
200001067
000000073
10000016c
000001068
210000000
000000073
200001068
000000065
10000016c
000001069
210000000
000000065
200001069
000000064
10000016c
00000106a
210000000
000000064
20000106a
000000020
10000016c
00000106b
210000000
000000020
20000106b
000000043
10000016c
00000106c
210000000
000000043
20000106c
00000006f
10000016c
00000106d
210000000
00000006f
20000106d
00000006e
10000016c
00000106e
210000000
00000006e
20000106e
000000066
10000016c
00000106f
210000000
000000066
20000106f
000000069
10000016c
000001070
210000000
000000069
200001070
000000067
10000016c
000001071
210000000
000000067
200001071
000000020
10000016c
000001072
210000000
000000020
200001072
00000002d
10000016c
000001073
210000000
00000002d
200001073
00000003e
10000016c
000001074
210000000
00000003e
200001074
000000020
10000016c
000001075
210000000
000000020
200001075
00000004e
10000016c
000001076
210000000
00000004e
200001076
00000003a
10000016c
000001077
210000000
00000003a
200001077
000000000
00000016c
100000c5c
000000002
0fffffc5e
100000178
0000fffa0
0000fffa4
0000fffa4
00000000a
100000186
000000002
0000fffa5
000000000
2000fffa4
000000002
100000180
000000186
100000196
010000000
2000fffa4
000000002
0000fffa4
000000032
210000000
000000032
00000019a
0000fffb0
100000c66
000001078
0fffffc6a
100000162
200001078
000000020
000000176
010000000
000001079
210000000
000000020
200001079
000000048
10000016c
00000107a
210000000
000000048
20000107a
00000003a
10000016c
00000107b
210000000
00000003a
20000107b
000000000
00000016c
100000c72
000000003
0fffffc74
100000178
0000fffa0
0000fffa4
0000fffa4
00000000a
100000186
000000003
0000fffa5
000000000
2000fffa4
000000003
100000180
000000186
100000196
010000000
2000fffa4
000000003
0000fffa4
000000033
210000000
000000033
00000019a
0000fffb0
100000c7c
000001000
00000107c
0fffffc84
100000162
20000107c
000000020
000000176
010000000
00000107d
210000000
000000020
20000107d
000000057
10000016c
00000107e
210000000
000000057
20000107e
00000003a
10000016c
00000107f
210000000
00000003a
20000107f
000000000
00000016c
100000c8c
000000011
0fffffc8e
100000178
0000fffa0
0000fffa4
0000fffa4
00000000a
100000186
000000007
0000fffa5
000000001
2000fffa4
000000007
100000180
100000186
000000001
0000fffa6
000000000
2000fffa5
000000001
100000180
000000186
100000196
010000000
2000fffa5
000000001
0000fffa5
000000031
210000000
000000031
10000019a
2000fffa4
000000007
0000fffa4
000000037
210000000
000000037
00000019a
0000fffb0
100000c96
000001000
000001080
0fffffc9e
100000162
200001080
000000020
000000176
010000000
000001081
210000000
000000020
200001081
000000043
10000016c
000001082
210000000
000000043
200001082
00000003a
10000016c
000001083
210000000
00000003a
200001083
000000000
00000016c
100000ca6
000000040
0fffffca8
100000178
0000fffa0
0000fffa4
0000fffa4
00000000a
100000186
000000004
0000fffa5
000000006
2000fffa4
000000004
100000180
100000186
000000006
0000fffa6
000000000
2000fffa5
000000006
100000180
000000186
100000196
010000000
2000fffa5
000000006
0000fffa5
000000036
210000000
000000036
10000019a
2000fffa4
000000004
0000fffa4
000000034
210000000
000000034
00000019a
0000fffb0
100000cb0
000001000
0000010a4
0fffffcb8
100000162
2000010a4
00000000a
000000176
010000000
0000010a5
210000000
00000000a
2000010a5
000000000
00000016c
100000cc0
000001000
000001084
0fffffcc8
100000162
200001084
00000004c
000000176
010000000
000001085
210000000
00000004c
200001085
00000006f
10000016c
000001086
210000000
00000006f
200001086
000000061
10000016c
000001087
210000000
000000061
200001087
000000064
10000016c
000001088
210000000
000000064
200001088
000000069
10000016c
000001089
210000000
000000069
200001089
00000006e
10000016c
00000108a
210000000
00000006e
20000108a
000000067
10000016c
00000108b
210000000
000000067
20000108b
000000020
10000016c
00000108c
210000000
000000020
20000108c
000000074
10000016c
00000108d
210000000
000000074
20000108d
000000069
10000016c
00000108e
210000000
000000069
20000108e
00000006c
10000016c
00000108f
210000000
00000006c
20000108f
000000065
10000016c
000001090
210000000
000000065
200001090
000000021
10000016c
000001091
210000000
000000021
200001091
00000000a
10000016c
000001092
210000000
00000000a
200001092
000000000
00000016c
100000cd0
000000011
000080000
000000040
000000002
000000002
000000cdc
10000073e
000001000
2000010e0
010001000
210001014
000000002
210001018
000000002
21000101c
000000040
210001020
000080000
210001024
000000011
000000002
210001000
000000002
100000ce4
000000ce4
1000007ee
000001000
2000010e0
010001000
210001050
00000001c
000000007
000000001
100000cec
000000ce4
000001000
000001094
230000008
000000001
0fffffcfa
100000162
200001094
00000004c
000000176
010000000
000001095
210000000
00000004c
200001095
00000006f
10000016c
000001096
210000000
00000006f
200001096
000000061
10000016c
000001097
210000000
000000061
200001097
000000064
10000016c
000001098
210000000
000000064
200001098
000000069
10000016c
000001099
210000000
000000069
200001099
00000006e
10000016c
00000109a
210000000
00000006e
20000109a
000000067
10000016c
00000109b
210000000
000000067
20000109b
000000020
10000016c
00000109c
210000000
000000020
20000109c
000000077
10000016c
00000109d
210000000
000000077
20000109d
000000065
10000016c
00000109e
210000000
000000065
20000109e
000000069
10000016c
00000109f
210000000
000000069
20000109f
000000067
10000016c
0000010a0
210000000
000000067
2000010a0
000000068
10000016c
0000010a1
210000000
000000068
2000010a1
000000074
10000016c
0000010a2
210000000
000000074
2000010a2
000000073
10000016c
0000010a3
210000000
000000073
2000010a3
000000021
10000016c
0000010a4
210000000
000000021
2000010a4
00000000a
10000016c
0000010a5
210000000
00000000a
2000010a5
000000000
00000016c
100000d02
000040000
000000040
000000011
000000003
000000002
000000d0e
10000076e
000001000
2000010e0
010001000
21000103c
000000002
210001040
000000003
210001044
000000011
210001048
000000040
21000104c
000040000
000000004
210001000
000000004
100000d16
000000d16
10000080e
000001000
2000010e0
010001000
210001050
00000001c
000000001
000000001
100000d1e
000000d16
000001000
0000010a8
230000004
000000001
0fffffd2c
100000162
2000010a8
000000053
000000176
010000000
0000010a9
210000000
000000053
2000010a9
000000074
10000016c
0000010aa
210000000
000000074
2000010aa
00000006f
10000016c
0000010ab
210000000
00000006f
2000010ab
000000072
10000016c
0000010ac
210000000
000000072
2000010ac
000000069
10000016c
0000010ad
210000000
000000069
2000010ad
00000006e
10000016c
0000010ae
210000000
00000006e
2000010ae
000000067
10000016c
0000010af
210000000
000000067
2000010af
000000020
10000016c
0000010b0
210000000
000000020
2000010b0
000000074
10000016c
0000010b1
210000000
000000074
2000010b1
000000069
10000016c
0000010b2
210000000
000000069
2000010b2
00000006c
10000016c
0000010b3
210000000
00000006c
2000010b3
000000065
10000016c
0000010b4
210000000
000000065
2000010b4
000000021
10000016c
0000010b5
210000000
000000021
2000010b5
00000000a
10000016c
0000010b6
210000000
00000000a
2000010b6
000000000
00000016c
100000d34
000000011
0000c0000
000000040
000000002
000000002
000000d40
100000756
000001000
2000010e0
010001000
210001028
000000002
21000102c
000000002
210001030
000000040
210001034
0000c0000
210001038
000000011
000000003
210001000
000000003
100000d48
000000d48
1000007fe
000001000
2000010e0
010001000
210001050
00000001c
000000003
000000001
100000d50
000000d48
000001000
0000010b8
23000000c
000000001
0fffffd5e
100000162
2000010b8
000000052
000000176
010000000
0000010b9
210000000
000000052
2000010b9
000000065
10000016c
0000010ba
210000000
000000065
2000010ba
000000067
10000016c
0000010bb
210000000
000000067
2000010bb
000000020
10000016c
0000010bc
210000000
000000020
2000010bc
000000056
10000016c
0000010bd
210000000
000000056
2000010bd
000000061
10000016c
0000010be
210000000
000000061
2000010be
00000006c
10000016c
0000010bf
210000000
00000006c
2000010bf
000000073
10000016c
0000010c0
210000000
000000073
2000010c0
000000021
10000016c
0000010c1
210000000
000000021
2000010c1
00000000a
10000016c
0000010c2
210000000
00000000a
2000010c2
000000000
00000016c
100000d66
000000d66
10000082e
000001000
0000fffa0
000000e50
2000fffac
000000d6e
2000fffa8
000002000
2000fffa4
000000003
000001000
000000842
100000162
200000e50
000000063
000000176
010000000
000000e51
210000000
000000063
200000e51
00000006f
10000016c
000000e52
210000000
00000006f
200000e52
00000006d
10000016c
000000e53
210000000
00000006d
200000e53
00000006d
10000016c
000000e54
210000000
00000006d
200000e54
000000061
10000016c
000000e55
210000000
000000061
200000e55
00000006e
10000016c
000000e56
210000000
00000006e
200000e56
000000064
10000016c
000000e57
210000000
000000064
200000e57
00000005f
10000016c
000000e58
210000000
00000005f
200000e58
000000072
10000016c
000000e59
210000000
000000072
200000e59
000000065
10000016c
000000e5a
210000000
000000065
200000e5a
000000067
10000016c
000000e5b
210000000
000000067
200000e5b
00000003a
10000016c
000000e5c
210000000
00000003a
200000e5c
000000020
10000016c
000000e5d
210000000
000000020
200000e5d
000000020
10000016c
000000e5e
210000000
000000020
200000e5e
000000020
10000016c
000000e5f
210000000
000000020
200000e5f
000000020
10000016c
000000e60
210000000
000000020
200000e60
000000020
10000016c
000000e61
210000000
000000020
200000e61
000000020
10000016c
000000e62
210000000
000000020
200000e62
000000020
10000016c
000000e63
210000000
000000020
200000e63
000000020
10000016c
000000e64
210000000
000000020
200000e64
000000020
10000016c
000000e65
210000000
000000020
200000e65
000000020
10000016c
000000e66
210000000
000000020
200000e66
000000000
00000016c
10000084a
2000010e0
010001000
000000004
000001000
210001000
000000003
000000856
1000001ae
000000003
00000000c
00000000c
0000001de
000001000
0fffffffc
000000e00
010000000
000000000
000000000
000000e00
200000e00
000000030
000000008
210000000
000000030
1000001ca
000000000
000000000
000000e00
200000e00
000000030
000000004
210000000
000000030
1000001ca
000000000
000000000
000000e00
200000e00
000000030
000000000
210000000
000000030
1000001ca
000000003
000000003
000000e03
200000e03
000000033
0fffffffc
210000000
000000033
0000001ca
10000085e
0000010a4
000000862
100000162
2000010a4
00000000a
000000176
010000000
0000010a5
210000000
00000000a
2000010a5
000000000
00000016c
10000086a
000001000
000000e68
000000872
100000162
200000e68
000000063
000000176
010000000
000000e69
210000000
000000063
200000e69
00000006f
10000016c
000000e6a
210000000
00000006f
200000e6a
00000006d
10000016c
000000e6b
210000000
00000006d
200000e6b
000000070
10000016c
000000e6c
210000000
000000070
200000e6c
00000005f
10000016c
000000e6d
210000000
00000005f
200000e6d
000000063
10000016c
000000e6e
210000000
000000063
200000e6e
000000066
10000016c
000000e6f
210000000
000000066
200000e6f
000000067
10000016c
000000e70
210000000
000000067
200000e70
00000005f
10000016c
000000e71
210000000
00000005f
200000e71
000000072
10000016c
000000e72
210000000
000000072
200000e72
000000065
10000016c
000000e73
210000000
000000065
200000e73
000000067
10000016c
000000e74
210000000
000000067
200000e74
00000003a
10000016c
000000e75
210000000
00000003a
200000e75
000000020
10000016c
000000e76
210000000
000000020
200000e76
000000020
10000016c
000000e77
210000000
000000020
200000e77
000000020
10000016c
000000e78
210000000
000000020
200000e78
000000020
10000016c
000000e79
210000000
000000020
200000e79
000000020
10000016c
000000e7a
210000000
000000020
200000e7a
000000020
10000016c
000000e7b
210000000
000000020
200000e7b
000000020
10000016c
000000e7c
210000000
000000020
200000e7c
000000020
10000016c
000000e7d
210000000
000000020
200000e7d
000000020
10000016c
000000e7e
210000000
000000020
200000e7e
000000000
00000016c
10000087a
2000010e0
010001000
000000004
210001004
000000000
000000882
1000001ae
000000003
00000000c
00000000c
0000001de
000001000
0fffffffc
000000e00
010000000
000000000
000000000
000000e00
200000e00
000000030
000000008
210000000
000000030
1000001ca
000000000
000000000
000000e00
200000e00
000000030
000000004
210000000
000000030
1000001ca
000000000
000000000
000000e00
200000e00
000000030
000000000
210000000
000000030
1000001ca
000000000
000000000
000000e00
200000e00
000000030
0fffffffc
210000000
000000030
0000001ca
10000088a
0000010a4
00000088e
100000162
2000010a4
00000000a
000000176
010000000
0000010a5
210000000
00000000a
2000010a5
000000000
00000016c
100000896
000001000
000000e80
00000089e
100000162
200000e80
000000063
000000176
010000000
000000e81
210000000
000000063
200000e81
00000006f
10000016c
000000e82
210000000
00000006f
200000e82
00000006d
10000016c
000000e83
210000000
00000006d
200000e83
000000070
10000016c
000000e84
210000000
000000070
200000e84
00000005f
10000016c
000000e85
210000000
00000005f
200000e85
000000063
10000016c
000000e86
210000000
000000063
200000e86
000000066
10000016c
000000e87
210000000
000000066
200000e87
000000067
10000016c
000000e88
210000000
000000067
200000e88
00000005f
10000016c
000000e89
210000000
00000005f
200000e89
000000048
10000016c
000000e8a
210000000
000000048
200000e8a
00000005f
10000016c
000000e8b
210000000
00000005f
200000e8b
000000072
10000016c
000000e8c
210000000
000000072
200000e8c
000000065
10000016c
000000e8d
210000000
000000065
200000e8d
000000067
10000016c
000000e8e
210000000
000000067
200000e8e
00000003a
10000016c
000000e8f
210000000
00000003a
200000e8f
000000020
10000016c
000000e90
210000000
000000020
200000e90
000000020
10000016c
000000e91
210000000
000000020
200000e91
000000020
10000016c
000000e92
210000000
000000020
200000e92
000000020
10000016c
000000e93
210000000
000000020
200000e93
000000020
10000016c
000000e94
210000000
000000020
200000e94
000000020
10000016c
000000e95
210000000
000000020
200000e95
000000020
10000016c
000000e96
210000000
000000020
200000e96
000000000
00000016c
1000008a6
2000010e0
010001000
000000004
210001008
000000000
0000008ae
1000001ae
000000003
00000000c
00000000c
0000001de
000001000
0fffffffc
000000e00
010000000
000000000
000000000
000000e00
200000e00
000000030
000000008
210000000
000000030
1000001ca
000000000
000000000
000000e00
200000e00
000000030
000000004
210000000
000000030
1000001ca
000000000
000000000
000000e00
200000e00
000000030
000000000
210000000
000000030
1000001ca
000000000
000000000
000000e00
200000e00
000000030
0fffffffc
210000000
000000030
0000001ca
1000008b6
0000010a4
0000008ba
100000162
2000010a4
00000000a
000000176
010000000
0000010a5
210000000
00000000a
2000010a5
000000000
00000016c
1000008c2
000001000
000000e98
0000008ca
100000162
200000e98
000000063
000000176
010000000
000000e99
210000000
000000063
200000e99
00000006f
10000016c
000000e9a
210000000
00000006f
200000e9a
00000006d
10000016c
000000e9b
210000000
00000006d
200000e9b
000000070
10000016c
000000e9c
210000000
000000070
200000e9c
00000005f
10000016c
000000e9d
210000000
00000005f
200000e9d
000000063
10000016c
000000e9e
210000000
000000063
200000e9e
000000066
10000016c
000000e9f
210000000
000000066
200000e9f
000000067
10000016c
000000ea0
210000000
000000067
200000ea0
00000005f
10000016c
000000ea1
210000000
00000005f
200000ea1
000000057
10000016c
000000ea2
210000000
000000057
200000ea2
00000005f
10000016c
000000ea3
210000000
00000005f
200000ea3
000000072
10000016c
000000ea4
210000000
000000072
200000ea4
000000065
10000016c
000000ea5
210000000
000000065
200000ea5
000000067
10000016c
000000ea6
210000000
000000067
200000ea6
00000003a
10000016c
000000ea7
210000000
00000003a
200000ea7
000000020
10000016c
000000ea8
210000000
000000020
200000ea8
000000020
10000016c
000000ea9
210000000
000000020
200000ea9
000000020
10000016c
000000eaa
210000000
000000020
200000eaa
000000020
10000016c
000000eab
210000000
000000020
200000eab
000000020
10000016c
000000eac
210000000
000000020
200000eac
000000020
10000016c
000000ead
210000000
000000020
200000ead
000000020
10000016c
000000eae
210000000
000000020
200000eae
000000000
00000016c
1000008d2
2000010e0
010001000
000000004
21000100c
000000000
0000008da
1000001ae
000000003
00000000c
00000000c
0000001de
000001000
0fffffffc
000000e00
010000000
000000000
000000000
000000e00
200000e00
000000030
000000008
210000000
000000030
1000001ca
000000000
000000000
000000e00
200000e00
000000030
000000004
210000000
000000030
1000001ca
000000000
000000000
000000e00
200000e00
000000030
000000000
210000000
000000030
1000001ca
000000000
000000000
000000e00
200000e00
000000030
0fffffffc
210000000
000000030
0000001ca
1000008e2
0000010a4
0000008e6
100000162
2000010a4
00000000a
000000176
010000000
0000010a5
210000000
00000000a
2000010a5
000000000
00000016c
1000008ee
000001000
000000eb0
0000008f6
100000162
200000eb0
000000063
000000176
010000000
000000eb1
210000000
000000063
200000eb1
00000006f
10000016c
000000eb2
210000000
00000006f
200000eb2
00000006d
10000016c
000000eb3
210000000
00000006d
200000eb3
000000070
10000016c
000000eb4
210000000
000000070
200000eb4
00000005f
10000016c
000000eb5
210000000
00000005f
200000eb5
000000063
10000016c
000000eb6
210000000
000000063
200000eb6
000000066
10000016c
000000eb7
210000000
000000066
200000eb7
000000067
10000016c
000000eb8
210000000
000000067
200000eb8
00000005f
10000016c
000000eb9
210000000
00000005f
200000eb9
000000043
10000016c
000000eba
210000000
000000043
200000eba
00000005f
10000016c
000000ebb
210000000
00000005f
200000ebb
000000072
10000016c
000000ebc
210000000
000000072
200000ebc
000000065
10000016c
000000ebd
210000000
000000065
200000ebd
000000067
10000016c
000000ebe
210000000
000000067
200000ebe
00000003a
10000016c
000000ebf
210000000
00000003a
200000ebf
000000020
10000016c
000000ec0
210000000
000000020
200000ec0
000000020
10000016c
000000ec1
210000000
000000020
200000ec1
000000020
10000016c
000000ec2
210000000
000000020
200000ec2
000000020
10000016c
000000ec3
210000000
000000020
200000ec3
000000020
10000016c
000000ec4
210000000
000000020
200000ec4
000000020
10000016c
000000ec5
210000000
000000020
200000ec5
000000020
10000016c
000000ec6
210000000
000000020
200000ec6
000000000
00000016c
1000008fe
2000010e0
010001000
000000004
210001010
000000000
000000906
1000001ae
000000003
00000000c
00000000c
0000001de
000001000
0fffffffc
000000e00
010000000
000000000
000000000
000000e00
200000e00
000000030
000000008
210000000
000000030
1000001ca
000000000
000000000
000000e00
200000e00
000000030
000000004
210000000
000000030
1000001ca
000000000
000000000
000000e00
200000e00
000000030
000000000
210000000
000000030
1000001ca
000000000
000000000
000000e00
200000e00
000000030
0fffffffc
210000000
000000030
0000001ca
10000090e
0000010a4
000000912
100000162
2000010a4
00000000a
000000176
010000000
0000010a5
210000000
00000000a
2000010a5
000000000
00000016c
10000091a
000001000
000000ec8
000000922
100000162
200000ec8
000000069
000000176
010000000
000000ec9
210000000
000000069
200000ec9
00000006e
10000016c
000000eca
210000000
00000006e
200000eca
000000070
10000016c
000000ecb
210000000
000000070
200000ecb
000000075
10000016c
000000ecc
210000000
000000075
200000ecc
000000074
10000016c
000000ecd
210000000
000000074
200000ecd
00000005f
10000016c
000000ece
210000000
00000005f
200000ece
000000074
10000016c
000000ecf
210000000
000000074
200000ecf
000000069
10000016c
000000ed0
210000000
000000069
200000ed0
00000006c
10000016c
000000ed1
210000000
00000006c
200000ed1
000000065
10000016c
000000ed2
210000000
000000065
200000ed2
00000005f
10000016c
000000ed3
210000000
00000005f
200000ed3
000000063
10000016c
000000ed4
210000000
000000063
200000ed4
000000066
10000016c
000000ed5
210000000
000000066
200000ed5
000000067
10000016c
000000ed6
210000000
000000067
200000ed6
00000005f
10000016c
000000ed7
210000000
00000005f
200000ed7
000000048
10000016c
000000ed8
210000000
000000048
200000ed8
00000005f
10000016c
000000ed9
210000000
00000005f
200000ed9
000000072
10000016c
000000eda
210000000
000000072
200000eda
000000065
10000016c
000000edb
210000000
000000065
200000edb
000000067
10000016c
000000edc
210000000
000000067
200000edc
00000003a
10000016c
000000edd
210000000
00000003a
200000edd
000000020
10000016c
000000ede
210000000
000000020
200000ede
000000000
00000016c
10000092a
2000010e0
010001000
000000004
210001014
000000002
000000932
1000001ae
000000003
00000000c
00000000c
0000001de
000001000
0fffffffc
000000e00
010000000
000000000
000000000
000000e00
200000e00
000000030
000000008
210000000
000000030
1000001ca
000000000
000000000
000000e00
200000e00
000000030
000000004
210000000
000000030
1000001ca
000000000
000000000
000000e00
200000e00
000000030
000000000
210000000
000000030
1000001ca
000000002
000000002
000000e02
200000e02
000000032
0fffffffc
210000000
000000032
0000001ca
10000093a
0000010a4
00000093e
100000162
2000010a4
00000000a
000000176
010000000
0000010a5
210000000
00000000a
2000010a5
000000000
00000016c
100000946
000001000
000000ee0
00000094e
100000162
200000ee0
000000069
000000176
010000000
000000ee1
210000000
000000069
200000ee1
00000006e
10000016c
000000ee2
210000000
00000006e
200000ee2
000000070
10000016c
000000ee3
210000000
000000070
200000ee3
000000075
10000016c
000000ee4
210000000
000000075
200000ee4
000000074
10000016c
000000ee5
210000000
000000074
200000ee5
00000005f
10000016c
000000ee6
210000000
00000005f
200000ee6
000000074
10000016c
000000ee7
210000000
000000074
200000ee7
000000069
10000016c
000000ee8
210000000
000000069
200000ee8
00000006c
10000016c
000000ee9
210000000
00000006c
200000ee9
000000065
10000016c
000000eea
210000000
000000065
200000eea
00000005f
10000016c
000000eeb
210000000
00000005f
200000eeb
000000063
10000016c
000000eec
210000000
000000063
200000eec
000000066
10000016c
000000eed
210000000
000000066
200000eed
000000067
10000016c
000000eee
210000000
000000067
200000eee
00000005f
10000016c
000000eef
210000000
00000005f
200000eef
000000057
10000016c
000000ef0
210000000
000000057
200000ef0
00000005f
10000016c
000000ef1
210000000
00000005f
200000ef1
000000072
10000016c
000000ef2
210000000
000000072
200000ef2
000000065
10000016c
000000ef3
210000000
000000065
200000ef3
000000067
10000016c
000000ef4
210000000
000000067
200000ef4
00000003a
10000016c
000000ef5
210000000
00000003a
200000ef5
000000020
10000016c
000000ef6
210000000
000000020
200000ef6
000000000
00000016c
100000956
2000010e0
010001000
000000004
210001018
000000002
00000095e
1000001ae
000000003
00000000c
00000000c
0000001de
000001000
0fffffffc
000000e00
010000000
000000000
000000000
000000e00
200000e00
000000030
000000008
210000000
000000030
1000001ca
000000000
000000000
000000e00
200000e00
000000030
000000004
210000000
000000030
1000001ca
000000000
000000000
000000e00
200000e00
000000030
000000000
210000000
000000030
1000001ca
000000002
000000002
000000e02
200000e02
000000032
0fffffffc
210000000
000000032
0000001ca
100000966
0000010a4
0fffff96a
100000162
2000010a4
00000000a
000000176
010000000
0000010a5
210000000
00000000a
2000010a5
000000000
00000016c
100000972
000001000
000000ef8
0fffff97a
100000162
200000ef8
000000069
000000176
010000000
000000ef9
210000000
000000069
200000ef9
00000006e
10000016c
000000efa
210000000
00000006e
200000efa
000000070
10000016c
000000efb
210000000
000000070
200000efb
000000075
10000016c
000000efc
210000000
000000075
200000efc
000000074
10000016c
000000efd
210000000
000000074
200000efd
00000005f
10000016c
000000efe
210000000
00000005f
200000efe
000000074
10000016c
000000eff
210000000
000000074
200000eff
000000069
10000016c
000000f00
210000000
000000069
200000f00
00000006c
10000016c
000000f01
210000000
00000006c
200000f01
000000065
10000016c
000000f02
210000000
000000065
200000f02
00000005f
10000016c
000000f03
210000000
00000005f
200000f03
000000063
10000016c
000000f04
210000000
000000063
200000f04
000000066
10000016c
000000f05
210000000
000000066
200000f05
000000067
10000016c
000000f06
210000000
000000067
200000f06
00000005f
10000016c
000000f07
210000000
00000005f
200000f07
000000043
10000016c
000000f08
210000000
000000043
200000f08
00000005f
10000016c
000000f09
210000000
00000005f
200000f09
000000072
10000016c
000000f0a
210000000
000000072
200000f0a
000000065
10000016c
000000f0b
210000000
000000065
200000f0b
000000067
10000016c
000000f0c
210000000
000000067
200000f0c
00000003a
10000016c
000000f0d
210000000
00000003a
200000f0d
000000020
10000016c
000000f0e
210000000
000000020
200000f0e
000000000
00000016c
100000982
2000010e0
010001000
000000004
21000101c
000000040
00000098a
1000001ae
000000003
00000000c
00000000c
0000001de
000001000
0fffffffc
000000e00
010000000
000000000
000000000
000000e00
200000e00
000000030
000000008
210000000
000000030
1000001ca
000000000
000000000
000000e00
200000e00
000000030
000000004
210000000
000000030
1000001ca
000000004
000000004
000000e04
200000e04
000000034
000000000
210000000
000000034
1000001ca
000000040
000000000
000000e00
200000e00
000000030
0fffffffc
210000000
000000030
0000001ca
100000992
0000010a4
0fffff996
100000162
2000010a4
00000000a
000000176
010000000
0000010a5
210000000
00000000a
2000010a5
000000000
00000016c
10000099e
000001000
000000f10
0fffff9a6
100000162
200000f10
000000069
000000176
010000000
000000f11
210000000
000000069
200000f11
00000006e
10000016c
000000f12
210000000
00000006e
200000f12
000000070
10000016c
000000f13
210000000
000000070
200000f13
000000075
10000016c
000000f14
210000000
000000075
200000f14
000000074
10000016c
000000f15
210000000
000000074
200000f15
00000005f
10000016c
000000f16
210000000
00000005f
200000f16
000000074
10000016c
000000f17
210000000
000000074
200000f17
000000069
10000016c
000000f18
210000000
000000069
200000f18
00000006c
10000016c
000000f19
210000000
00000006c
200000f19
000000065
10000016c
000000f1a
210000000
000000065
200000f1a
00000005f
10000016c
000000f1b
210000000
00000005f
200000f1b
000000061
10000016c
000000f1c
210000000
000000061
200000f1c
000000064
10000016c
000000f1d
210000000
000000064
200000f1d
000000064
10000016c
000000f1e
210000000
000000064
200000f1e
000000072
10000016c
000000f1f
210000000
000000072
200000f1f
00000005f
10000016c
000000f20
210000000
00000005f
200000f20
000000072
10000016c
000000f21
210000000
000000072
200000f21
000000065
10000016c
000000f22
210000000
000000065
200000f22
000000067
10000016c
000000f23
210000000
000000067
200000f23
00000003a
10000016c
000000f24
210000000
00000003a
200000f24
000000020
10000016c
000000f25
210000000
000000020
200000f25
000000020
10000016c
000000f26
210000000
000000020
200000f26
000000000
00000016c
1000009ae
2000010e0
010001000
000000008
210001020
000080000
0fffff9b6
1000001ae
000000007
00000001c
00000001c
0000001de
000001000
0fffffffc
000000e00
010000000
000000000
000000000
000000e00
200000e00
000000030
000000018
210000000
000000030
1000001ca
000000000
000000000
000000e00
200000e00
000000030
000000014
210000000
000000030
1000001ca
000000000
000000000
000000e00
200000e00
000000030
000000010
210000000
000000030
1000001ca
000000008
000000008
000000e08
200000e08
000000038
00000000c
210000000
000000038
1000001ca
000000080
000000000
000000e00
200000e00
000000030
000000008
210000000
000000030
1000001ca
000000800
000000000
000000e00
200000e00
000000030
000000004
210000000
000000030
1000001ca
000008000
000000000
000000e00
200000e00
000000030
000000000
210000000
000000030
1000001ca
000080000
000000000
000000e00
200000e00
000000030
0fffffffc
210000000
000000030
0000001ca
1000009be
0000010a4
0fffff9c2
100000162
2000010a4
00000000a
000000176
010000000
0000010a5
210000000
00000000a
2000010a5
000000000
00000016c
1000009ca
000001000
000000f28
0fffff9d2
100000162
200000f28
000000069
000000176
010000000
000000f29
210000000
000000069
200000f29
00000006e
10000016c
000000f2a
210000000
00000006e
200000f2a
000000070
10000016c
000000f2b
210000000
000000070
200000f2b
000000075
10000016c
000000f2c
210000000
000000075
200000f2c
000000074
10000016c
000000f2d
210000000
000000074
200000f2d
00000005f
10000016c
000000f2e
210000000
00000005f
200000f2e
000000074
10000016c
000000f2f
210000000
000000074
200000f2f
000000069
10000016c
000000f30
210000000
000000069
200000f30
00000006c
10000016c
000000f31
210000000
00000006c
200000f31
000000065
10000016c
000000f32
210000000
000000065
200000f32
00000005f
10000016c
000000f33
210000000
00000005f
200000f33
00000006d
10000016c
000000f34
210000000
00000006d
200000f34
000000061
10000016c
000000f35
210000000
000000061
200000f35
000000074
10000016c
000000f36
210000000
000000074
200000f36
00000005f
10000016c
000000f37
210000000
00000005f
200000f37
000000057
10000016c
000000f38
210000000
000000057
200000f38
00000005f
10000016c
000000f39
210000000
00000005f
200000f39
000000072
10000016c
000000f3a
210000000
000000072
200000f3a
000000065
10000016c
000000f3b
210000000
000000065
200000f3b
000000067
10000016c
000000f3c
210000000
000000067
200000f3c
00000003a
10000016c
000000f3d
210000000
00000003a
200000f3d
000000020
10000016c
000000f3e
210000000
000000020
200000f3e
000000000
00000016c
1000009da
2000010e0
010001000
000000004
210001024
000000011
0fffff9e2
1000001ae
000000003
00000000c
00000000c
0000001de
000001000
0fffffffc
000000e00
010000000
000000000
000000000
000000e00
200000e00
000000030
000000008
210000000
000000030
1000001ca
000000000
000000000
000000e00
200000e00
000000030
000000004
210000000
000000030
1000001ca
000000001
000000001
000000e01
200000e01
000000031
000000000
210000000
000000031
1000001ca
000000011
000000001
000000e01
200000e01
000000031
0fffffffc
210000000
000000031
0000001ca
1000009ea
0000010a4
0fffff9ee
100000162
2000010a4
00000000a
000000176
010000000
0000010a5
210000000
00000000a
2000010a5
000000000
00000016c
1000009f6
000001000
000000f40
0fffff9fe
100000162
200000f40
00000006f
000000176
010000000
000000f41
210000000
00000006f
200000f41
000000075
10000016c
000000f42
210000000
000000075
200000f42
000000074
10000016c
000000f43
210000000
000000074
200000f43
000000070
10000016c
000000f44
210000000
000000070
200000f44
000000075
10000016c
000000f45
210000000
000000075
200000f45
000000074
10000016c
000000f46
210000000
000000074
200000f46
00000005f
10000016c
000000f47
210000000
00000005f
200000f47
000000074
10000016c
000000f48
210000000
000000074
200000f48
000000069
10000016c
000000f49
210000000
000000069
200000f49
00000006c
10000016c
000000f4a
210000000
00000006c
200000f4a
000000065
10000016c
000000f4b
210000000
000000065
200000f4b
00000005f
10000016c
000000f4c
210000000
00000005f
200000f4c
000000063
10000016c
000000f4d
210000000
000000063
200000f4d
000000066
10000016c
000000f4e
210000000
000000066
200000f4e
000000067
10000016c
000000f4f
210000000
000000067
200000f4f
00000005f
10000016c
000000f50
210000000
00000005f
200000f50
000000048
10000016c
000000f51
210000000
000000048
200000f51
00000005f
10000016c
000000f52
210000000
00000005f
200000f52
000000072
10000016c
000000f53
210000000
000000072
200000f53
000000065
10000016c
000000f54
210000000
000000065
200000f54
000000067
10000016c
000000f55
210000000
000000067
200000f55
00000003a
10000016c
000000f56
210000000
00000003a
200000f56
000000000
00000016c
100000a06
2000010e0
010001000
000000004
210001028
000000002
0fffffa0e
1000001ae
000000003
00000000c
00000000c
0000001de
000001000
0fffffffc
000000e00
010000000
000000000
000000000
000000e00
200000e00
000000030
000000008
210000000
000000030
1000001ca
000000000
000000000
000000e00
200000e00
000000030
000000004
210000000
000000030
1000001ca
000000000
000000000
000000e00
200000e00
000000030
000000000
210000000
000000030
1000001ca
000000002
000000002
000000e02
200000e02
000000032
0fffffffc
210000000
000000032
0000001ca
100000a16
0000010a4
0fffffa1a
100000162
2000010a4
00000000a
000000176
010000000
0000010a5
210000000
00000000a
2000010a5
000000000
00000016c
100000a22
000001000
000000f58
0fffffa2a
100000162
200000f58
00000006f
000000176
010000000
000000f59
210000000
00000006f
200000f59
000000075
10000016c
000000f5a
210000000
000000075
200000f5a
000000074
10000016c
000000f5b
210000000
000000074
200000f5b
000000070
10000016c
000000f5c
210000000
000000070
200000f5c
000000075
10000016c
000000f5d
210000000
000000075
200000f5d
000000074
10000016c
000000f5e
210000000
000000074
200000f5e
00000005f
10000016c
000000f5f
210000000
00000005f
200000f5f
000000074
10000016c
000000f60
210000000
000000074
200000f60
000000069
10000016c
000000f61
210000000
000000069
200000f61
00000006c
10000016c
000000f62
210000000
00000006c
200000f62
000000065
10000016c
000000f63
210000000
000000065
200000f63
00000005f
10000016c
000000f64
210000000
00000005f
200000f64
000000063
10000016c
000000f65
210000000
000000063
200000f65
000000066
10000016c
000000f66
210000000
000000066
200000f66
000000067
10000016c
000000f67
210000000
000000067
200000f67
00000005f
10000016c
000000f68
210000000
00000005f
200000f68
000000057
10000016c
000000f69
210000000
000000057
200000f69
00000005f
10000016c
000000f6a
210000000
00000005f
200000f6a
000000072
10000016c
000000f6b
210000000
000000072
200000f6b
000000065
10000016c
000000f6c
210000000
000000065
200000f6c
000000067
10000016c
000000f6d
210000000
000000067
200000f6d
00000003a
10000016c
000000f6e
210000000
00000003a
200000f6e
000000000
00000016c
100000a32
2000010e0
010001000
000000004
21000102c
000000002
0fffffa3a
1000001ae
000000003
00000000c
00000000c
0000001de
000001000
0fffffffc
000000e00
010000000
000000000
000000000
000000e00
200000e00
000000030
000000008
210000000
000000030
1000001ca
000000000
000000000
000000e00
200000e00
000000030
000000004
210000000
000000030
1000001ca
000000000
000000000
000000e00
200000e00
000000030
000000000
210000000
000000030
1000001ca
000000002
000000002
000000e02
200000e02
000000032
0fffffffc
210000000
000000032
0000001ca
100000a42
0000010a4
0fffffa46
100000162
2000010a4
00000000a
000000176
010000000
0000010a5
210000000
00000000a
2000010a5
000000000
00000016c
100000a4e
000001000
000000f70
0fffffa56
100000162
200000f70
00000006f
000000176
010000000
000000f71
210000000
00000006f
200000f71
000000075
10000016c
000000f72
210000000
000000075
200000f72
000000074
10000016c
000000f73
210000000
000000074
200000f73
000000070
10000016c
000000f74
210000000
000000070
200000f74
000000075
10000016c
000000f75
210000000
000000075
200000f75
000000074
10000016c
000000f76
210000000
000000074
200000f76
00000005f
10000016c
000000f77
210000000
00000005f
200000f77
000000074
10000016c
000000f78
210000000
000000074
200000f78
000000069
10000016c
000000f79
210000000
000000069
200000f79
00000006c
10000016c
000000f7a
210000000
00000006c
200000f7a
000000065
10000016c
000000f7b
210000000
000000065
200000f7b
00000005f
10000016c
000000f7c
210000000
00000005f
200000f7c
000000063
10000016c
000000f7d
210000000
000000063
200000f7d
000000066
10000016c
000000f7e
210000000
000000066
200000f7e
000000067
10000016c
000000f7f
210000000
000000067
200000f7f
00000005f
10000016c
000000f80
210000000
00000005f
200000f80
000000043
10000016c
000000f81
210000000
000000043
200000f81
00000005f
10000016c
000000f82
210000000
00000005f
200000f82
000000072
10000016c
000000f83
210000000
000000072
200000f83
000000065
10000016c
000000f84
210000000
000000065
200000f84
000000067
10000016c
000000f85
210000000
000000067
200000f85
00000003a
10000016c
000000f86
210000000
00000003a
200000f86
000000000
00000016c
100000a5e
2000010e0
010001000
000000004
210001030
000000040
0fffffa66
1000001ae
000000003
00000000c
00000000c
0000001de
000001000
0fffffffc
000000e00
010000000
000000000
000000000
000000e00
200000e00
000000030
000000008
210000000
000000030
1000001ca
000000000
000000000
000000e00
200000e00
000000030
000000004
210000000
000000030
1000001ca
000000004
000000004
000000e04
200000e04
000000034
000000000
210000000
000000034
1000001ca
000000040
000000000
000000e00
200000e00
000000030
0fffffffc
210000000
000000030
0000001ca
100000a6e
0000010a4
0fffffa72
100000162
2000010a4
00000000a
000000176
010000000
0000010a5
210000000
00000000a
2000010a5
000000000
00000016c
100000a7a
000001000
000000f88
0fffffa82
100000162
200000f88
00000006f
000000176
010000000
000000f89
210000000
00000006f
200000f89
000000075
10000016c
000000f8a
210000000
000000075
200000f8a
000000074
10000016c
000000f8b
210000000
000000074
200000f8b
000000070
10000016c
000000f8c
210000000
000000070
200000f8c
000000075
10000016c
000000f8d
210000000
000000075
200000f8d
000000074
10000016c
000000f8e
210000000
000000074
200000f8e
00000005f
10000016c
000000f8f
210000000
00000005f
200000f8f
000000074
10000016c
000000f90
210000000
000000074
200000f90
000000069
10000016c
000000f91
210000000
000000069
200000f91
00000006c
10000016c
000000f92
210000000
00000006c
200000f92
000000065
10000016c
000000f93
210000000
000000065
200000f93
00000005f
10000016c
000000f94
210000000
00000005f
200000f94
000000061
10000016c
000000f95
210000000
000000061
200000f95
000000064
10000016c
000000f96
210000000
000000064
200000f96
000000064
10000016c
000000f97
210000000
000000064
200000f97
000000072
10000016c
000000f98
210000000
000000072
200000f98
00000005f
10000016c
000000f99
210000000
00000005f
200000f99
000000072
10000016c
000000f9a
210000000
000000072
200000f9a
000000065
10000016c
000000f9b
210000000
000000065
200000f9b
000000067
10000016c
000000f9c
210000000
000000067
200000f9c
00000003a
10000016c
000000f9d
210000000
00000003a
200000f9d
000000020
10000016c
000000f9e
210000000
000000020
200000f9e
000000000
00000016c
100000a8a
2000010e0
010001000
000000008
210001034
0000c0000
0fffffa92
1000001ae
000000007
00000001c
00000001c
0000001de
000001000
0fffffffc
000000e00
010000000
000000000
000000000
000000e00
200000e00
000000030
000000018
210000000
000000030
1000001ca
000000000
000000000
000000e00
200000e00
000000030
000000014
210000000
000000030
1000001ca
000000000
000000000
000000e00
200000e00
000000030
000000010
210000000
000000030
1000001ca
00000000c
00000000c
000000e0c
200000e0c
000000043
00000000c
210000000
000000043
1000001ca
0000000c0
000000000
000000e00
200000e00
000000030
000000008
210000000
000000030
1000001ca
000000c00
000000000
000000e00
200000e00
000000030
000000004
210000000
000000030
1000001ca
00000c000
000000000
000000e00
200000e00
000000030
000000000
210000000
000000030
1000001ca
0000c0000
000000000
000000e00
200000e00
000000030
0fffffffc
210000000
000000030
0000001ca
100000a9a
0000010a4
0fffffa9e
100000162
2000010a4
00000000a
000000176
010000000
0000010a5
210000000
00000000a
2000010a5
000000000
00000016c
100000aa6
000001000
000000fa0
0fffffaae
100000162
200000fa0
00000006f
000000176
010000000
000000fa1
210000000
00000006f
200000fa1
000000075
10000016c
000000fa2
210000000
000000075
200000fa2
000000074
10000016c
000000fa3
210000000
000000074
200000fa3
000000070
10000016c
000000fa4
210000000
000000070
200000fa4
000000075
10000016c
000000fa5
210000000
000000075
200000fa5
000000074
10000016c
000000fa6
210000000
000000074
200000fa6
00000005f
10000016c
000000fa7
210000000
00000005f
200000fa7
000000074
10000016c
000000fa8
210000000
000000074
200000fa8
000000069
10000016c
000000fa9
210000000
000000069
200000fa9
00000006c
10000016c
000000faa
210000000
00000006c
200000faa
000000065
10000016c
000000fab
210000000
000000065
200000fab
00000005f
10000016c
000000fac
210000000
00000005f
200000fac
00000006d
10000016c
000000fad
210000000
00000006d
200000fad
000000061
10000016c
000000fae
210000000
000000061
200000fae
000000074
10000016c
000000faf
210000000
000000074
200000faf
00000005f
10000016c
000000fb0
210000000
00000005f
200000fb0
000000057
10000016c
000000fb1
210000000
000000057
200000fb1
00000005f
10000016c
000000fb2
210000000
00000005f
200000fb2
000000072
10000016c
000000fb3
210000000
000000072
200000fb3
000000065
10000016c
000000fb4
210000000
000000065
200000fb4
000000067
10000016c
000000fb5
210000000
000000067
200000fb5
00000003a
10000016c
000000fb6
210000000
00000003a
200000fb6
000000000
00000016c
100000ab6
2000010e0
010001000
000000004
210001038
000000011
0fffffabe
1000001ae
000000003
00000000c
00000000c
0000001de
000001000
0fffffffc
000000e00
010000000
000000000
000000000
000000e00
200000e00
000000030
000000008
210000000
000000030
1000001ca
000000000
000000000
000000e00
200000e00
000000030
000000004
210000000
000000030
1000001ca
000000001
000000001
000000e01
200000e01
000000031
000000000
210000000
000000031
1000001ca
000000011
000000001
000000e01
200000e01
000000031
0fffffffc
210000000
000000031
0000001ca
100000ac6
0000010a4
0fffffaca
100000162
2000010a4
00000000a
000000176
010000000
0000010a5
210000000
00000000a
2000010a5
000000000
00000016c
100000ad2
000001000
000000fb8
0fffffada
100000162
200000fb8
000000077
000000176
010000000
000000fb9
210000000
000000077
200000fb9
000000065
10000016c
000000fba
210000000
000000065
200000fba
000000069
10000016c
000000fbb
210000000
000000069
200000fbb
000000067
10000016c
000000fbc
210000000
000000067
200000fbc
000000068
10000016c
000000fbd
210000000
000000068
200000fbd
000000074
10000016c
000000fbe
210000000
000000074
200000fbe
00000005f
10000016c
000000fbf
210000000
00000005f
200000fbf
000000063
10000016c
000000fc0
210000000
000000063
200000fc0
000000066
10000016c
000000fc1
210000000
000000066
200000fc1
000000067
10000016c
000000fc2
210000000
000000067
200000fc2
00000005f
10000016c
000000fc3
210000000
00000005f
200000fc3
00000004e
10000016c
000000fc4
210000000
00000004e
200000fc4
00000005f
10000016c
000000fc5
210000000
00000005f
200000fc5
000000072
10000016c
000000fc6
210000000
000000072
200000fc6
000000065
10000016c
000000fc7
210000000
000000065
200000fc7
000000067
10000016c
000000fc8
210000000
000000067
200000fc8
00000003a
10000016c
000000fc9
210000000
00000003a
200000fc9
000000020
10000016c
000000fca
210000000
000000020
200000fca
000000020
10000016c
000000fcb
210000000
000000020
200000fcb
000000020
10000016c
000000fcc
210000000
000000020
200000fcc
000000020
10000016c
000000fcd
210000000
000000020
200000fcd
000000020
10000016c
000000fce
210000000
000000020
200000fce
000000000
00000016c
100000ae2
2000010e0
010001000
000000004
21000103c
000000002
0fffffaea
1000001ae
000000003
00000000c
00000000c
0000001de
000001000
0fffffffc
000000e00
010000000
000000000
000000000
000000e00
200000e00
000000030
000000008
210000000
000000030
1000001ca
000000000
000000000
000000e00
200000e00
000000030
000000004
210000000
000000030
1000001ca
000000000
000000000
000000e00
200000e00
000000030
000000000
210000000
000000030
1000001ca
000000002
000000002
000000e02
200000e02
000000032
0fffffffc
210000000
000000032
0000001ca
100000af2
0000010a4
0fffffaf6
100000162
2000010a4
00000000a
000000176
010000000
0000010a5
210000000
00000000a
2000010a5
000000000
00000016c
100000afe
000001000
000000fd0
0fffffb06
100000162
200000fd0
000000077
000000176
010000000
000000fd1
210000000
000000077
200000fd1
000000065
10000016c
000000fd2
210000000
000000065
200000fd2
000000069
10000016c
000000fd3
210000000
000000069
200000fd3
000000067
10000016c
000000fd4
210000000
000000067
200000fd4
000000068
10000016c
000000fd5
210000000
000000068
200000fd5
000000074
10000016c
000000fd6
210000000
000000074
200000fd6
00000005f
10000016c
000000fd7
210000000
00000005f
200000fd7
000000063
10000016c
000000fd8
210000000
000000063
200000fd8
000000066
10000016c
000000fd9
210000000
000000066
200000fd9
000000067
10000016c
000000fda
210000000
000000067
200000fda
00000005f
10000016c
000000fdb
210000000
00000005f
200000fdb
000000048
10000016c
000000fdc
210000000
000000048
200000fdc
00000005f
10000016c
000000fdd
210000000
00000005f
200000fdd
000000072
10000016c
000000fde
210000000
000000072
200000fde
000000065
10000016c
000000fdf
210000000
000000065
200000fdf
000000067
10000016c
000000fe0
210000000
000000067
200000fe0
00000003a
10000016c
000000fe1
210000000
00000003a
200000fe1
000000020
10000016c
000000fe2
210000000
000000020
200000fe2
000000020
10000016c
000000fe3
210000000
000000020
200000fe3
000000020
10000016c
000000fe4
210000000
000000020
200000fe4
000000020
10000016c
000000fe5
210000000
000000020
200000fe5
000000020
10000016c
000000fe6
210000000
000000020
200000fe6
000000000
00000016c
100000b0e
2000010e0
010001000
000000004
210001040
000000003
0fffffb16
1000001ae
000000003
00000000c
00000000c
0000001de
000001000
0fffffffc
000000e00
010000000
000000000
000000000
000000e00
200000e00
000000030
000000008
210000000
000000030
1000001ca
000000000
000000000
000000e00
200000e00
000000030
000000004
210000000
000000030
1000001ca
000000000
000000000
000000e00
200000e00
000000030
000000000
210000000
000000030
1000001ca
000000003
000000003
000000e03
200000e03
000000033
0fffffffc
210000000
000000033
0000001ca
100000b1e
0000010a4
0fffffb22
100000162
2000010a4
00000000a
000000176
010000000
0000010a5
210000000
00000000a
2000010a5
000000000
00000016c
100000b2a
000001000
000000fe8
0fffffb32
100000162
200000fe8
000000077
000000176
010000000
000000fe9
210000000
000000077
200000fe9
000000065
10000016c
000000fea
210000000
000000065
200000fea
000000069
10000016c
000000feb
210000000
000000069
200000feb
000000067
10000016c
000000fec
210000000
000000067
200000fec
000000068
10000016c
000000fed
210000000
000000068
200000fed
000000074
10000016c
000000fee
210000000
000000074
200000fee
00000005f
10000016c
000000fef
210000000
00000005f
200000fef
000000063
10000016c
000000ff0
210000000
000000063
200000ff0
000000066
10000016c
000000ff1
210000000
000000066
200000ff1
000000067
10000016c
000000ff2
210000000
000000067
200000ff2
00000005f
10000016c
000000ff3
210000000
00000005f
200000ff3
000000057
10000016c
000000ff4
210000000
000000057
200000ff4
00000005f
10000016c
000000ff5
210000000
00000005f
200000ff5
000000072
10000016c
000000ff6
210000000
000000072
200000ff6
000000065
10000016c
000000ff7
210000000
000000065
200000ff7
000000067
10000016c
000000ff8
210000000
000000067
200000ff8
00000003a
10000016c
000000ff9
210000000
00000003a
200000ff9
000000020
10000016c
000000ffa
210000000
000000020
200000ffa
000000020
10000016c
000000ffb
210000000
000000020
200000ffb
000000020
10000016c
000000ffc
210000000
000000020
200000ffc
000000020
10000016c
000000ffd
210000000
000000020
200000ffd
000000020
10000016c
000000ffe
210000000
000000020
200000ffe
000000000
00000016c
100000b3a
2000010e0
010001000
000000004
210001044
000000011
0fffffb42
1000001ae
000000003
00000000c
00000000c
0000001de
000001000
0fffffffc
000000e00
010000000
000000000
000000000
000000e00
200000e00
000000030
000000008
210000000
000000030
1000001ca
000000000
000000000
000000e00
200000e00
000000030
000000004
210000000
000000030
1000001ca
000000001
000000001
000000e01
200000e01
000000031
000000000
210000000
000000031
1000001ca
000000011
000000001
000000e01
200000e01
000000031
0fffffffc
210000000
000000031
0000001ca
100000b4a
0000010a4
0fffffb4e
100000162
2000010a4
00000000a
000000176
010000000
0000010a5
210000000
00000000a
2000010a5
000000000
00000016c
100000b56
000001000
000001000
0fffffb5e
100000162
200001000
000000077
000000176
010000000
000001001
210000000
000000077
200001001
000000065
10000016c
000001002
210000000
000000065
200001002
000000069
10000016c
000001003
210000000
000000069
200001003
000000067
10000016c
000001004
210000000
000000067
200001004
000000068
10000016c
000001005
210000000
000000068
200001005
000000074
10000016c
000001006
210000000
000000074
200001006
00000005f
10000016c
000001007
210000000
00000005f
200001007
000000063
10000016c
000001008
210000000
000000063
200001008
000000066
10000016c
000001009
210000000
000000066
200001009
000000067
10000016c
00000100a
210000000
000000067
20000100a
00000005f
10000016c
00000100b
210000000
00000005f
20000100b
000000043
10000016c
00000100c
210000000
000000043
20000100c
00000005f
10000016c
00000100d
210000000
00000005f
20000100d
000000072
10000016c
00000100e
210000000
000000072
20000100e
000000065
10000016c
00000100f
210000000
000000065
20000100f
000000067
10000016c
000001010
210000000
000000067
200001010
00000003a
10000016c
000001011
210000000
00000003a
200001011
000000020
10000016c
000001012
210000000
000000020
200001012
000000020
10000016c
000001013
210000000
000000020
200001013
000000020
10000016c
000001014
210000000
000000020
200001014
000000020
10000016c
000001015
210000000
000000020
200001015
000000020
10000016c
000001016
210000000
000000020
200001016
000000000
00000016c
100000b66
2000010e0
010001000
000000004
210001048
000000040
0fffffb6e
1000001ae
000000003
00000000c
00000000c
0000001de
000001000
0fffffffc
000000e00
010000000
000000000
000000000
000000e00
200000e00
000000030
000000008
210000000
000000030
1000001ca
000000000
000000000
000000e00
200000e00
000000030
000000004
210000000
000000030
1000001ca
000000004
000000004
000000e04
200000e04
000000034
000000000
210000000
000000034
1000001ca
000000040
000000000
000000e00
200000e00
000000030
0fffffffc
210000000
000000030
0000001ca
100000b76
0000010a4
0fffffb7a
100000162
2000010a4
00000000a
000000176
010000000
0000010a5
210000000
00000000a
2000010a5
000000000
00000016c
100000b82
000001000
000001018
0fffffb8a
100000162
200001018
000000077
000000176
010000000
000001019
210000000
000000077
200001019
000000065
10000016c
00000101a
210000000
000000065
20000101a
000000069
10000016c
00000101b
210000000
000000069
20000101b
000000067
10000016c
00000101c
210000000
000000067
20000101c
000000068
10000016c
00000101d
210000000
000000068
20000101d
000000074
10000016c
00000101e
210000000
000000074
20000101e
00000005f
10000016c
00000101f
210000000
00000005f
20000101f
000000061
10000016c
000001020
210000000
000000061
200001020
000000064
10000016c
000001021
210000000
000000064
200001021
000000064
10000016c
000001022
210000000
000000064
200001022
000000072
10000016c
000001023
210000000
000000072
200001023
000000065
10000016c
000001024
210000000
000000065
200001024
000000073
10000016c
000001025
210000000
000000073
200001025
000000073
10000016c
000001026
210000000
000000073
200001026
00000005f
10000016c
000001027
210000000
00000005f
200001027
000000072
10000016c
000001028
210000000
000000072
200001028
000000065
10000016c
000001029
210000000
000000065
200001029
000000067
10000016c
00000102a
210000000
000000067
20000102a
00000003a
10000016c
00000102b
210000000
00000003a
20000102b
000000020
10000016c
00000102c
210000000
000000020
20000102c
000000020
10000016c
00000102d
210000000
000000020
20000102d
000000020
10000016c
00000102e
210000000
000000020
20000102e
000000000
00000016c
100000b92
2000010e0
010001000
000000008
21000104c
000040000
0fffffb9a
1000001ae
000000007
00000001c
00000001c
0000001de
000001000
0fffffffc
000000e00
010000000
000000000
000000000
000000e00
200000e00
000000030
000000018
210000000
000000030
1000001ca
000000000
000000000
000000e00
200000e00
000000030
000000014
210000000
000000030
1000001ca
000000000
000000000
000000e00
200000e00
000000030
000000010
210000000
000000030
1000001ca
000000004
000000004
000000e04
200000e04
000000034
00000000c
210000000
000000034
1000001ca
000000040
000000000
000000e00
200000e00
000000030
000000008
210000000
000000030
1000001ca
000000400
000000000
000000e00
200000e00
000000030
000000004
210000000
000000030
1000001ca
000004000
000000000
000000e00
200000e00
000000030
000000000
210000000
000000030
1000001ca
000040000
000000000
000000e00
200000e00
000000030
0fffffffc
210000000
000000030
0000001ca
100000ba2
0000010a4
0fffffba6
100000162
2000010a4
00000000a
000000176
010000000
0000010a5
210000000
00000000a
2000010a5
000000000
00000016c
100000bae
000001000
000001030
0fffffbb6
100000162
200001030
000000073
000000176
010000000
000001031
210000000
000000073
200001031
000000074
10000016c
000001032
210000000
000000074
200001032
000000061
10000016c
000001033
210000000
000000061
200001033
000000074
10000016c
000001034
210000000
000000074
200001034
000000075
10000016c
000001035
210000000
000000075
200001035
000000073
10000016c
000001036
210000000
000000073
200001036
00000005f
10000016c
000001037
210000000
00000005f
200001037
000000072
10000016c
000001038
210000000
000000072
200001038
000000065
10000016c
000001039
210000000
000000065
200001039
000000067
10000016c
00000103a
210000000
000000067
20000103a
00000003a
10000016c
00000103b
210000000
00000003a
20000103b
000000020
10000016c
00000103c
210000000
000000020
20000103c
000000020
10000016c
00000103d
210000000
000000020
20000103d
000000020
10000016c
00000103e
210000000
000000020
20000103e
000000020
10000016c
00000103f
210000000
000000020
20000103f
000000020
10000016c
000001040
210000000
000000020
200001040
000000020
10000016c
000001041
210000000
000000020
200001041
000000020
10000016c
000001042
210000000
000000020
200001042
000000020
10000016c
000001043
210000000
000000020
200001043
000000020
10000016c
000001044
210000000
000000020
200001044
000000020
10000016c
000001045
210000000
000000020
200001045
000000020
10000016c
000001046
210000000
000000020
200001046
000000000
00000016c
100000bbe
2000010e0
010001000
000000004
210001050
00000001c
0fffffbc6
1000001ae
000000003
00000000c
00000000c
0000001de
000001000
0fffffffc
000000e00
010000000
000000000
000000000
000000e00
200000e00
000000030
000000008
210000000
000000030
1000001ca
000000000
000000000
000000e00
200000e00
000000030
000000004
210000000
000000030
1000001ca
000000001
000000001
000000e01
200000e01
000000031
000000000
210000000
000000031
1000001ca
00000001c
00000000c
000000e0c
200000e0c
000000043
0fffffffc
210000000
000000043
0000001ca
100000bce
0000010a4
2000fffa8
000002000
2000fffac
000000d6e
2000fffa4
000000003
0000fffb0
0fffffbda
100000162
2000010a4
00000000a
000000176
010000000
0000010a5
210000000
00000000a
2000010a5
000000000
00000016c
100000d6e
000000004
000000008
100000c18
000001048
0fffffc1c
100000162
200001048
00000002d
000000176
010000000
000001049
210000000
00000002d
200001049
00000002d
10000016c
00000104a
210000000
00000002d
20000104a
00000002d
10000016c
00000104b
210000000
00000002d
20000104b
000000020
10000016c
00000104c
210000000
000000020
20000104c
000000053
10000016c
00000104d
210000000
000000053
20000104d
000000074
10000016c
00000104e
210000000
000000074
20000104e
000000061
10000016c
00000104f
210000000
000000061
20000104f
000000072
10000016c
000001050
210000000
000000072
200001050
000000074
10000016c
000001051
210000000
000000074
200001051
000000069
10000016c
000001052
210000000
000000069
200001052
00000006e
10000016c
000001053
210000000
00000006e
200001053
000000067
10000016c
000001054
210000000
000000067
200001054
000000020
10000016c
000001055
210000000
000000020
200001055
000000054
10000016c
000001056
210000000
000000054
200001056
000000065
10000016c
000001057
210000000
000000065
200001057
000000073
10000016c
000001058
210000000
000000073
200001058
000000074
10000016c
000001059
210000000
000000074
200001059
000000020
10000016c
00000105a
210000000
000000020
20000105a
000000000
00000016c
100000c24
000000004
0fffffc26
100000178
0000fffa0
0000fffa4
0000fffa4
00000000a
100000186
000000004
0000fffa5
000000000
2000fffa4
000000004
100000180
000000186
100000196
010000000
2000fffa4
000000004
0000fffa4
000000034
210000000
000000034
00000019a
0000fffb0
100000c2e
00000105c
0fffffc32
100000162
20000105c
000000020
000000176
010000000
00000105d
210000000
000000020
20000105d
00000002d
10000016c
00000105e
210000000
00000002d
20000105e
00000002d
10000016c
00000105f
210000000
00000002d
20000105f
00000002d
10000016c
000001060
210000000
00000002d
200001060
00000000a
10000016c
000001061
210000000
00000000a
200001061
000000000
00000016c
100000c3a
230000000
000000004
200002000
000000010
200002004
000000003
200002008
000000003
20000200c
000000008
200002010
000000001
000001064
0fffffc54
100000162
200001064
000000050
000000176
010000000
000001065
210000000
000000050
200001065
000000061
10000016c
000001066
210000000
000000061
200001066
000000072
10000016c
000001067
210000000
000000072
200001067
000000073
10000016c
000001068
210000000
000000073
200001068
000000065
10000016c
000001069
210000000
000000065
200001069
000000064
10000016c
00000106a
210000000
000000064
20000106a
000000020
10000016c
00000106b
210000000
000000020
20000106b
000000043
10000016c
00000106c
210000000
000000043
20000106c
00000006f
10000016c
00000106d
210000000
00000006f
20000106d
00000006e
10000016c
00000106e
210000000
00000006e
20000106e
000000066
10000016c
00000106f
210000000
000000066
20000106f
000000069
10000016c
000001070
210000000
000000069
200001070
000000067
10000016c
000001071
210000000
000000067
200001071
000000020
10000016c
000001072
210000000
000000020
200001072
00000002d
10000016c
000001073
210000000
00000002d
200001073
00000003e
10000016c
000001074
210000000
00000003e
200001074
000000020
10000016c
000001075
210000000
000000020
200001075
00000004e
10000016c
000001076
210000000
00000004e
200001076
00000003a
10000016c
000001077
210000000
00000003a
200001077
000000000
00000016c
100000c5c
000000010
0fffffc5e
100000178
0000fffa0
0000fffa4
0000fffa4
00000000a
100000186
000000006
0000fffa5
000000001
2000fffa4
000000006
100000180
100000186
000000001
0000fffa6
000000000
2000fffa5
000000001
100000180
000000186
100000196
010000000
2000fffa5
000000001
0000fffa5
000000031
210000000
000000031
10000019a
2000fffa4
000000006
0000fffa4
000000036
210000000
000000036
00000019a
0000fffb0
100000c66
000001078
0fffffc6a
100000162
200001078
000000020
000000176
010000000
000001079
210000000
000000020
200001079
000000048
10000016c
00000107a
210000000
000000048
20000107a
00000003a
10000016c
00000107b
210000000
00000003a
20000107b
000000000
00000016c
100000c72
000000003
0fffffc74
100000178
0000fffa0
0000fffa4
0000fffa4
00000000a
100000186
000000003
0000fffa5
000000000
2000fffa4
000000003
100000180
000000186
100000196
010000000
2000fffa4
000000003
0000fffa4
000000033
210000000
000000033
00000019a
0000fffb0
100000c7c
000001000
00000107c
0fffffc84
100000162
20000107c
000000020
000000176
010000000
00000107d
210000000
000000020
20000107d
000000057
10000016c
00000107e
210000000
000000057
20000107e
00000003a
10000016c
00000107f
210000000
00000003a
20000107f
000000000
00000016c
100000c8c
000000003
0fffffc8e
100000178
0000fffa0
0000fffa4
0000fffa4
00000000a
100000186
000000003
0000fffa5
000000000
2000fffa4
000000003
100000180
000000186
100000196
010000000
2000fffa4
000000003
0000fffa4
000000033
210000000
000000033
00000019a
0000fffb0
100000c96
000001000
000001080
0fffffc9e
100000162
200001080
000000020
000000176
010000000
000001081
210000000
000000020
200001081
000000043
10000016c
000001082
210000000
000000043
200001082
00000003a
10000016c
000001083
210000000
00000003a
200001083
000000000
00000016c
100000ca6
000000008
0fffffca8
100000178
0000fffa0
0000fffa4
0000fffa4
00000000a
100000186
000000008
0000fffa5
000000000
2000fffa4
000000008
100000180
000000186
100000196
010000000
2000fffa4
000000008
0000fffa4
000000038
210000000
000000038
00000019a
0000fffb0
100000cb0
000001000
0000010a4
0fffffcb8
100000162
2000010a4
00000000a
000000176
010000000
0000010a5
210000000
00000000a
2000010a5
000000000
00000016c
100000cc0
000001000
000001084
0fffffcc8
100000162
200001084
00000004c
000000176
010000000
000001085
210000000
00000004c
200001085
00000006f
10000016c
000001086
210000000
00000006f
200001086
000000061
10000016c
000001087
210000000
000000061
200001087
000000064
10000016c
000001088
210000000
000000064
200001088
000000069
10000016c
000001089
210000000
000000069
200001089
00000006e
10000016c
00000108a
210000000
00000006e
20000108a
000000067
10000016c
00000108b
210000000
000000067
20000108b
000000020
10000016c
00000108c
210000000
000000020
20000108c
000000074
10000016c
00000108d
210000000
000000074
20000108d
000000069
10000016c
00000108e
210000000
000000069
20000108e
00000006c
10000016c
00000108f
210000000
00000006c
20000108f
000000065
10000016c
000001090
210000000
000000065
200001090
000000021
10000016c
000001091
210000000
000000021
200001091
00000000a
10000016c
000001092
210000000
00000000a
200001092
000000000
00000016c
100000cd0
000000003
000080000
000000008
000000002
000000002
000000cdc
10000073e
000001000
2000010e0
010001000
210001014
000000002
210001018
000000002
21000101c
000000008
210001020
000080000
210001024
000000003
000000002
210001000
000000002
100000ce4
000000ce4
1000007ee
000001000
2000010e0
010001000
210001050
00000001c
000000007
000000001
100000cec
000000ce4
000001000
000001094
230000008
000000001
0fffffcfa
100000162
200001094
00000004c
000000176
010000000
000001095
210000000
00000004c
200001095
00000006f
10000016c
000001096
210000000
00000006f
200001096
000000061
10000016c
000001097
210000000
000000061
200001097
000000064
10000016c
000001098
210000000
000000064
200001098
000000069
10000016c
000001099
210000000
000000069
200001099
00000006e
10000016c
00000109a
210000000
00000006e
20000109a
000000067
10000016c
00000109b
210000000
000000067
20000109b
000000020
10000016c
00000109c
210000000
000000020
20000109c
000000077
10000016c
00000109d
210000000
000000077
20000109d
000000065
10000016c
00000109e
210000000
000000065
20000109e
000000069
10000016c
00000109f
210000000
000000069
20000109f
000000067
10000016c
0000010a0
210000000
000000067
2000010a0
000000068
10000016c
0000010a1
210000000
000000068
2000010a1
000000074
10000016c
0000010a2
210000000
000000074
2000010a2
000000073
10000016c
0000010a3
210000000
000000073
2000010a3
000000021
10000016c
0000010a4
210000000
000000021
2000010a4
00000000a
10000016c
0000010a5
210000000
00000000a
2000010a5
000000000
00000016c
100000d02
000040000
000000008
000000003
000000003
000000010
000000d0e
10000076e
000001000
2000010e0
010001000
21000103c
000000010
210001040
000000003
210001044
000000003
210001048
000000008
21000104c
000040000
000000004
210001000
000000004
100000d16
000000d16
10000080e
000001000
2000010e0
010001000
210001050
00000000c
000000000
000000000
100000d1e
100000d16
000000d16
10000080e
000001000
2000010e0
010001000
210001050
00000001c
000000001
000000001
100000d1e
000000d16
000001000
0000010a8
230000004
000000001
0fffffd2c
100000162
2000010a8
000000053
000000176
010000000
0000010a9
210000000
000000053
2000010a9
000000074
10000016c
0000010aa
210000000
000000074
2000010aa
00000006f
10000016c
0000010ab
210000000
00000006f
2000010ab
000000072
10000016c
0000010ac
210000000
000000072
2000010ac
000000069
10000016c
0000010ad
210000000
000000069
2000010ad
00000006e
10000016c
0000010ae
210000000
00000006e
2000010ae
000000067
10000016c
0000010af
210000000
000000067
2000010af
000000020
10000016c
0000010b0
210000000
000000020
2000010b0
000000074
10000016c
0000010b1
210000000
000000074
2000010b1
000000069
10000016c
0000010b2
210000000
000000069
2000010b2
00000006c
10000016c
0000010b3
210000000
00000006c
2000010b3
000000065
10000016c
0000010b4
210000000
000000065
2000010b4
000000021
10000016c
0000010b5
210000000
000000021
2000010b5
00000000a
10000016c
0000010b6
210000000
00000000a
2000010b6
000000000
00000016c
100000d34
000000003
0000c0000
000000008
000000002
000000002
000000d40
100000756
000001000
2000010e0
010001000
210001028
000000002
21000102c
000000002
210001030
000000008
210001034
0000c0000
210001038
000000003
000000003
210001000
000000003
100000d48
000000d48
1000007fe
000001000
2000010e0
010001000
210001050
00000001c
000000003
000000001
100000d50
000000d48
000001000
0000010b8
23000000c
000000001
0fffffd5e
100000162
2000010b8
000000052
000000176
010000000
0000010b9
210000000
000000052
2000010b9
000000065
10000016c
0000010ba
210000000
000000065
2000010ba
000000067
10000016c
0000010bb
210000000
000000067
2000010bb
000000020
10000016c
0000010bc
210000000
000000020
2000010bc
000000056
10000016c
0000010bd
210000000
000000056
2000010bd
000000061
10000016c
0000010be
210000000
000000061
2000010be
00000006c
10000016c
0000010bf
210000000
00000006c
2000010bf
000000073
10000016c
0000010c0
210000000
000000073
2000010c0
000000021
10000016c
0000010c1
210000000
000000021
2000010c1
00000000a
10000016c
0000010c2
210000000
00000000a
2000010c2
000000000
00000016c
100000d66
000000d66
10000082e
000001000
0000fffa0
000000e50
2000fffac
000000d6e
2000fffa8
000002000
2000fffa4
000000004
000001000
000000842
100000162
200000e50
000000063
000000176
010000000
000000e51
210000000
000000063
200000e51
00000006f
10000016c
000000e52
210000000
00000006f
200000e52
00000006d
10000016c
000000e53
210000000
00000006d
200000e53
00000006d
10000016c
000000e54
210000000
00000006d
200000e54
000000061
10000016c
000000e55
210000000
000000061
200000e55
00000006e
10000016c
000000e56
210000000
00000006e
200000e56
000000064
10000016c
000000e57
210000000
000000064
200000e57
00000005f
10000016c
000000e58
210000000
00000005f
200000e58
000000072
10000016c
000000e59
210000000
000000072
200000e59
000000065
10000016c
000000e5a
210000000
000000065
200000e5a
000000067
10000016c
000000e5b
210000000
000000067
200000e5b
00000003a
10000016c
000000e5c
210000000
00000003a
200000e5c
000000020
10000016c
000000e5d
210000000
000000020
200000e5d
000000020
10000016c
000000e5e
210000000
000000020
200000e5e
000000020
10000016c
000000e5f
210000000
000000020
200000e5f
000000020
10000016c
000000e60
210000000
000000020
200000e60
000000020
10000016c
000000e61
210000000
000000020
200000e61
000000020
10000016c
000000e62
210000000
000000020
200000e62
000000020
10000016c
000000e63
210000000
000000020
200000e63
000000020
10000016c
000000e64
210000000
000000020
200000e64
000000020
10000016c
000000e65
210000000
000000020
200000e65
000000020
10000016c
000000e66
210000000
000000020
200000e66
000000000
00000016c
10000084a
2000010e0
010001000
000000004
000001000
210001000
000000003
000000856
1000001ae
000000003
00000000c
00000000c
0000001de
000001000
0fffffffc
000000e00
010000000
000000000
000000000
000000e00
200000e00
000000030
000000008
210000000
000000030
1000001ca
000000000
000000000
000000e00
200000e00
000000030
000000004
210000000
000000030
1000001ca
000000000
000000000
000000e00
200000e00
000000030
000000000
210000000
000000030
1000001ca
000000003
000000003
000000e03
200000e03
000000033
0fffffffc
210000000
000000033
0000001ca
10000085e
0000010a4
000000862
100000162
2000010a4
00000000a
000000176
010000000
0000010a5
210000000
00000000a
2000010a5
000000000
00000016c
10000086a
000001000
000000e68
000000872
100000162
200000e68
000000063
000000176
010000000
000000e69
210000000
000000063
200000e69
00000006f
10000016c
000000e6a
210000000
00000006f
200000e6a
00000006d
10000016c
000000e6b
210000000
00000006d
200000e6b
000000070
10000016c
000000e6c
210000000
000000070
200000e6c
00000005f
10000016c
000000e6d
210000000
00000005f
200000e6d
000000063
10000016c
000000e6e
210000000
000000063
200000e6e
000000066
10000016c
000000e6f
210000000
000000066
200000e6f
000000067
10000016c
000000e70
210000000
000000067
200000e70
00000005f
10000016c
000000e71
210000000
00000005f
200000e71
000000072
10000016c
000000e72
210000000
000000072
200000e72
000000065
10000016c
000000e73
210000000
000000065
200000e73
000000067
10000016c
000000e74
210000000
000000067
200000e74
00000003a
10000016c
000000e75
210000000
00000003a
200000e75
000000020
10000016c
000000e76
210000000
000000020
200000e76
000000020
10000016c
000000e77
210000000
000000020
200000e77
000000020
10000016c
000000e78
210000000
000000020
200000e78
000000020
10000016c
000000e79
210000000
000000020
200000e79
000000020
10000016c
000000e7a
210000000
000000020
200000e7a
000000020
10000016c
000000e7b
210000000
000000020
200000e7b
000000020
10000016c
000000e7c
210000000
000000020
200000e7c
000000020
10000016c
000000e7d
210000000
000000020
200000e7d
000000020
10000016c
000000e7e
210000000
000000020
200000e7e
000000000
00000016c
10000087a
2000010e0
010001000
000000004
210001004
000000000
000000882
1000001ae
000000003
00000000c
00000000c
0000001de
000001000
0fffffffc
000000e00
010000000
000000000
000000000
000000e00
200000e00
000000030
000000008
210000000
000000030
1000001ca
000000000
000000000
000000e00
200000e00
000000030
000000004
210000000
000000030
1000001ca
000000000
000000000
000000e00
200000e00
000000030
000000000
210000000
000000030
1000001ca
000000000
000000000
000000e00
200000e00
000000030
0fffffffc
210000000
000000030
0000001ca
10000088a
0000010a4
00000088e
100000162
2000010a4
00000000a
000000176
010000000
0000010a5
210000000
00000000a
2000010a5
000000000
00000016c
100000896
000001000
000000e80
00000089e
100000162
200000e80
000000063
000000176
010000000
000000e81
210000000
000000063
200000e81
00000006f
10000016c
000000e82
210000000
00000006f
200000e82
00000006d
10000016c
000000e83
210000000
00000006d
200000e83
000000070
10000016c
000000e84
210000000
000000070
200000e84
00000005f
10000016c
000000e85
210000000
00000005f
200000e85
000000063
10000016c
000000e86
210000000
000000063
200000e86
000000066
10000016c
000000e87
210000000
000000066
200000e87
000000067
10000016c
000000e88
210000000
000000067
200000e88
00000005f
10000016c
000000e89
210000000
00000005f
200000e89
000000048
10000016c
000000e8a
210000000
000000048
200000e8a
00000005f
10000016c
000000e8b
210000000
00000005f
200000e8b
000000072
10000016c
000000e8c
210000000
000000072
200000e8c
000000065
10000016c
000000e8d
210000000
000000065
200000e8d
000000067
10000016c
000000e8e
210000000
000000067
200000e8e
00000003a
10000016c
000000e8f
210000000
00000003a
200000e8f
000000020
10000016c
000000e90
210000000
000000020
200000e90
000000020
10000016c
000000e91
210000000
000000020
200000e91
000000020
10000016c
000000e92
210000000
000000020
200000e92
000000020
10000016c
000000e93
210000000
000000020
200000e93
000000020
10000016c
000000e94
210000000
000000020
200000e94
000000020
10000016c
000000e95
210000000
000000020
200000e95
000000020
10000016c
000000e96
210000000
000000020
200000e96
000000000
00000016c
1000008a6
2000010e0
010001000
000000004
210001008
000000000
0000008ae
1000001ae
000000003
00000000c
00000000c
0000001de
000001000
0fffffffc
000000e00
010000000
000000000
000000000
000000e00
200000e00
000000030
000000008
210000000
000000030
1000001ca
000000000
000000000
000000e00
200000e00
000000030
000000004
210000000
000000030
1000001ca
000000000
000000000
000000e00
200000e00
000000030
000000000
210000000
000000030
1000001ca
000000000
000000000
000000e00
200000e00
000000030
0fffffffc
210000000
000000030
0000001ca
1000008b6
0000010a4
0000008ba
100000162
2000010a4
00000000a
000000176
010000000
0000010a5
210000000
00000000a
2000010a5
000000000
00000016c
1000008c2
000001000
000000e98
0000008ca
100000162
200000e98
000000063
000000176
010000000
000000e99
210000000
000000063
200000e99
00000006f
10000016c
000000e9a
210000000
00000006f
200000e9a
00000006d
10000016c
000000e9b
210000000
00000006d
200000e9b
000000070
10000016c
000000e9c
210000000
000000070
200000e9c
00000005f
10000016c
000000e9d
210000000
00000005f
200000e9d
000000063
10000016c
000000e9e
210000000
000000063
200000e9e
000000066
10000016c
000000e9f
210000000
000000066
200000e9f
000000067
10000016c
000000ea0
210000000
000000067
200000ea0
00000005f
10000016c
000000ea1
210000000
00000005f
200000ea1
000000057
10000016c
000000ea2
210000000
000000057
200000ea2
00000005f
10000016c
000000ea3
210000000
00000005f
200000ea3
000000072
10000016c
000000ea4
210000000
000000072
200000ea4
000000065
10000016c
000000ea5
210000000
000000065
200000ea5
000000067
10000016c
000000ea6
210000000
000000067
200000ea6
00000003a
10000016c
000000ea7
210000000
00000003a
200000ea7
000000020
10000016c
000000ea8
210000000
000000020
200000ea8
000000020
10000016c
000000ea9
210000000
000000020
200000ea9
000000020
10000016c
000000eaa
210000000
000000020
200000eaa
000000020
10000016c
000000eab
210000000
000000020
200000eab
000000020
10000016c
000000eac
210000000
000000020
200000eac
000000020
10000016c
000000ead
210000000
000000020
200000ead
000000020
10000016c
000000eae
210000000
000000020
200000eae
000000000
00000016c
1000008d2
2000010e0
010001000
000000004
21000100c
000000000
0000008da
1000001ae
000000003
00000000c
00000000c
0000001de
000001000
0fffffffc
000000e00
010000000
000000000
000000000
000000e00
200000e00
000000030
000000008
210000000
000000030
1000001ca
000000000
000000000
000000e00
200000e00
000000030
000000004
210000000
000000030
1000001ca
000000000
000000000
000000e00
200000e00
000000030
000000000
210000000
000000030
1000001ca
000000000
000000000
000000e00
200000e00
000000030
0fffffffc
210000000
000000030
0000001ca
1000008e2
0000010a4
0000008e6
100000162
2000010a4
00000000a
000000176
010000000
0000010a5
210000000
00000000a
2000010a5
000000000
00000016c
1000008ee
000001000
000000eb0
0000008f6
100000162
200000eb0
000000063
000000176
010000000
000000eb1
210000000
000000063
200000eb1
00000006f
10000016c
000000eb2
210000000
00000006f
200000eb2
00000006d
10000016c
000000eb3
210000000
00000006d
200000eb3
000000070
10000016c
000000eb4
210000000
000000070
200000eb4
00000005f
10000016c
000000eb5
210000000
00000005f
200000eb5
000000063
10000016c
000000eb6
210000000
000000063
200000eb6
000000066
10000016c
000000eb7
210000000
000000066
200000eb7
000000067
10000016c
000000eb8
210000000
000000067
200000eb8
00000005f
10000016c
000000eb9
210000000
00000005f
200000eb9
000000043
10000016c
000000eba
210000000
000000043
200000eba
00000005f
10000016c
000000ebb
210000000
00000005f
200000ebb
000000072
10000016c
000000ebc
210000000
000000072
200000ebc
000000065
10000016c
000000ebd
210000000
000000065
200000ebd
000000067
10000016c
000000ebe
210000000
000000067
200000ebe
00000003a
10000016c
000000ebf
210000000
00000003a
200000ebf
000000020
10000016c
000000ec0
210000000
000000020
200000ec0
000000020
10000016c
000000ec1
210000000
000000020
200000ec1
000000020
10000016c
000000ec2
210000000
000000020
200000ec2
000000020
10000016c
000000ec3
210000000
000000020
200000ec3
000000020
10000016c
000000ec4
210000000
000000020
200000ec4
000000020
10000016c
000000ec5
210000000
000000020
200000ec5
000000020
10000016c
000000ec6
210000000
000000020
200000ec6
000000000
00000016c
1000008fe
2000010e0
010001000
000000004
210001010
000000000
000000906
1000001ae
000000003
00000000c
00000000c
0000001de
000001000
0fffffffc
000000e00
010000000
000000000
000000000
000000e00
200000e00
000000030
000000008
210000000
000000030
1000001ca
000000000
000000000
000000e00
200000e00
000000030
000000004
210000000
000000030
1000001ca
000000000
000000000
000000e00
200000e00
000000030
000000000
210000000
000000030
1000001ca
000000000
000000000
000000e00
200000e00
000000030
0fffffffc
210000000
000000030
0000001ca
10000090e
0000010a4
000000912
100000162
2000010a4
00000000a
000000176
010000000
0000010a5
210000000
00000000a
2000010a5
000000000
00000016c
10000091a
000001000
000000ec8
000000922
100000162
200000ec8
000000069
000000176
010000000
000000ec9
210000000
000000069
200000ec9
00000006e
10000016c
000000eca
210000000
00000006e
200000eca
000000070
10000016c
000000ecb
210000000
000000070
200000ecb
000000075
10000016c
000000ecc
210000000
000000075
200000ecc
000000074
10000016c
000000ecd
210000000
000000074
200000ecd
00000005f
10000016c
000000ece
210000000
00000005f
200000ece
000000074
10000016c
000000ecf
210000000
000000074
200000ecf
000000069
10000016c
000000ed0
210000000
000000069
200000ed0
00000006c
10000016c
000000ed1
210000000
00000006c
200000ed1
000000065
10000016c
000000ed2
210000000
000000065
200000ed2
00000005f
10000016c
000000ed3
210000000
00000005f
200000ed3
000000063
10000016c
000000ed4
210000000
000000063
200000ed4
000000066
10000016c
000000ed5
210000000
000000066
200000ed5
000000067
10000016c
000000ed6
210000000
000000067
200000ed6
00000005f
10000016c
000000ed7
210000000
00000005f
200000ed7
000000048
10000016c
000000ed8
210000000
000000048
200000ed8
00000005f
10000016c
000000ed9
210000000
00000005f
200000ed9
000000072
10000016c
000000eda
210000000
000000072
200000eda
000000065
10000016c
000000edb
210000000
000000065
200000edb
000000067
10000016c
000000edc
210000000
000000067
200000edc
00000003a
10000016c
000000edd
210000000
00000003a
200000edd
000000020
10000016c
000000ede
210000000
000000020
200000ede
000000000
00000016c
10000092a
2000010e0
010001000
000000004
210001014
000000002
000000932
1000001ae
000000003
00000000c
00000000c
0000001de
000001000
0fffffffc
000000e00
010000000
000000000
000000000
000000e00
200000e00
000000030
000000008
210000000
000000030
1000001ca
000000000
000000000
000000e00
200000e00
000000030
000000004
210000000
000000030
1000001ca
000000000
000000000
000000e00
200000e00
000000030
000000000
210000000
000000030
1000001ca
000000002
000000002
000000e02
200000e02
000000032
0fffffffc
210000000
000000032
0000001ca
10000093a
0000010a4
00000093e
100000162
2000010a4
00000000a
000000176
010000000
0000010a5
210000000
00000000a
2000010a5
000000000
00000016c
100000946
000001000
000000ee0
00000094e
100000162
200000ee0
000000069
000000176
010000000
000000ee1
210000000
000000069
200000ee1
00000006e
10000016c
000000ee2
210000000
00000006e
200000ee2
000000070
10000016c
000000ee3
210000000
000000070
200000ee3
000000075
10000016c
000000ee4
210000000
000000075
200000ee4
000000074
10000016c
000000ee5
210000000
000000074
200000ee5
00000005f
10000016c
000000ee6
210000000
00000005f
200000ee6
000000074
10000016c
000000ee7
210000000
000000074
200000ee7
000000069
10000016c
000000ee8
210000000
000000069
200000ee8
00000006c
10000016c
000000ee9
210000000
00000006c
200000ee9
000000065
10000016c
000000eea
210000000
000000065
200000eea
00000005f
10000016c
000000eeb
210000000
00000005f
200000eeb
000000063
10000016c
000000eec
210000000
000000063
200000eec
000000066
10000016c
000000eed
210000000
000000066
200000eed
000000067
10000016c
000000eee
210000000
000000067
200000eee
00000005f
10000016c
000000eef
210000000
00000005f
200000eef
000000057
10000016c
000000ef0
210000000
000000057
200000ef0
00000005f
10000016c
000000ef1
210000000
00000005f
200000ef1
000000072
10000016c
000000ef2
210000000
000000072
200000ef2
000000065
10000016c
000000ef3
210000000
000000065
200000ef3
000000067
10000016c
000000ef4
210000000
000000067
200000ef4
00000003a
10000016c
000000ef5
210000000
00000003a
200000ef5
000000020
10000016c
000000ef6
210000000
000000020
200000ef6
000000000
00000016c
100000956
2000010e0
010001000
000000004
210001018
000000002
00000095e
1000001ae
000000003
00000000c
00000000c
0000001de
000001000
0fffffffc
000000e00
010000000
000000000
000000000
000000e00
200000e00
000000030
000000008
210000000
000000030
1000001ca
000000000
000000000
000000e00
200000e00
000000030
000000004
210000000
000000030
1000001ca
000000000
000000000
000000e00
200000e00
000000030
000000000
210000000
000000030
1000001ca
000000002
000000002
000000e02
200000e02
000000032
0fffffffc
210000000
000000032
0000001ca
100000966
0000010a4
0fffff96a
100000162
2000010a4
00000000a
000000176
010000000
0000010a5
210000000
00000000a
2000010a5
000000000
00000016c
100000972
000001000
000000ef8
0fffff97a
100000162
200000ef8
000000069
000000176
010000000
000000ef9
210000000
000000069
200000ef9
00000006e
10000016c
000000efa
210000000
00000006e
200000efa
000000070
10000016c
000000efb
210000000
000000070
200000efb
000000075
10000016c
000000efc
210000000
000000075
200000efc
000000074
10000016c
000000efd
210000000
000000074
200000efd
00000005f
10000016c
000000efe
210000000
00000005f
200000efe
000000074
10000016c
000000eff
210000000
000000074
200000eff
000000069
10000016c
000000f00
210000000
000000069
200000f00
00000006c
10000016c
000000f01
210000000
00000006c
200000f01
000000065
10000016c
000000f02
210000000
000000065
200000f02
00000005f
10000016c
000000f03
210000000
00000005f
200000f03
000000063
10000016c
000000f04
210000000
000000063
200000f04
000000066
10000016c
000000f05
210000000
000000066
200000f05
000000067
10000016c
000000f06
210000000
000000067
200000f06
00000005f
10000016c
000000f07
210000000
00000005f
200000f07
000000043
10000016c
000000f08
210000000
000000043
200000f08
00000005f
10000016c
000000f09
210000000
00000005f
200000f09
000000072
10000016c
000000f0a
210000000
000000072
200000f0a
000000065
10000016c
000000f0b
210000000
000000065
200000f0b
000000067
10000016c
000000f0c
210000000
000000067
200000f0c
00000003a
10000016c
000000f0d
210000000
00000003a
200000f0d
000000020
10000016c
000000f0e
210000000
000000020
200000f0e
000000000
00000016c
100000982
2000010e0
010001000
000000004
21000101c
000000008
00000098a
1000001ae
000000003
00000000c
00000000c
0000001de
000001000
0fffffffc
000000e00
010000000
000000000
000000000
000000e00
200000e00
000000030
000000008
210000000
000000030
1000001ca
000000000
000000000
000000e00
200000e00
000000030
000000004
210000000
000000030
1000001ca
000000000
000000000
000000e00
200000e00
000000030
000000000
210000000
000000030
1000001ca
000000008
000000008
000000e08
200000e08
000000038
0fffffffc
210000000
000000038
0000001ca
100000992
0000010a4
0fffff996
100000162
2000010a4
00000000a
000000176
010000000
0000010a5
210000000
00000000a
2000010a5
000000000
00000016c
10000099e
000001000
000000f10
0fffff9a6
100000162
200000f10
000000069
000000176
010000000
000000f11
210000000
000000069
200000f11
00000006e
10000016c
000000f12
210000000
00000006e
200000f12
000000070
10000016c
000000f13
210000000
000000070
200000f13
000000075
10000016c
000000f14
210000000
000000075
200000f14
000000074
10000016c
000000f15
210000000
000000074
200000f15
00000005f
10000016c
000000f16
210000000
00000005f
200000f16
000000074
10000016c
000000f17
210000000
000000074
200000f17
000000069
10000016c
000000f18
210000000
000000069
200000f18
00000006c
10000016c
000000f19
210000000
00000006c
200000f19
000000065
10000016c
000000f1a
210000000
000000065
200000f1a
00000005f
10000016c
000000f1b
210000000
00000005f
200000f1b
000000061
10000016c
000000f1c
210000000
000000061
200000f1c
000000064
10000016c
000000f1d
210000000
000000064
200000f1d
000000064
10000016c
000000f1e
210000000
000000064
200000f1e
000000072
10000016c
000000f1f
210000000
000000072
200000f1f
00000005f
10000016c
000000f20
210000000
00000005f
200000f20
000000072
10000016c
000000f21
210000000
000000072
200000f21
000000065
10000016c
000000f22
210000000
000000065
200000f22
000000067
10000016c
000000f23
210000000
000000067
200000f23
00000003a
10000016c
000000f24
210000000
00000003a
200000f24
000000020
10000016c
000000f25
210000000
000000020
200000f25
000000020
10000016c
000000f26
210000000
000000020
200000f26
000000000
00000016c
1000009ae
2000010e0
010001000
000000008
210001020
000080000
0fffff9b6
1000001ae
000000007
00000001c
00000001c
0000001de
000001000
0fffffffc
000000e00
010000000
000000000
000000000
000000e00
200000e00
000000030
000000018
210000000
000000030
1000001ca
000000000
000000000
000000e00
200000e00
000000030
000000014
210000000
000000030
1000001ca
000000000
000000000
000000e00
200000e00
000000030
000000010
210000000
000000030
1000001ca
000000008
000000008
000000e08
200000e08
000000038
00000000c
210000000
000000038
1000001ca
000000080
000000000
000000e00
200000e00
000000030
000000008
210000000
000000030
1000001ca
000000800
000000000
000000e00
200000e00
000000030
000000004
210000000
000000030
1000001ca
000008000
000000000
000000e00
200000e00
000000030
000000000
210000000
000000030
1000001ca
000080000
000000000
000000e00
200000e00
000000030
0fffffffc
210000000
000000030
0000001ca
1000009be
0000010a4
0fffff9c2
100000162
2000010a4
00000000a
000000176
010000000
0000010a5
210000000
00000000a
2000010a5
000000000
00000016c
1000009ca
000001000
000000f28
0fffff9d2
100000162
200000f28
000000069
000000176
010000000
000000f29
210000000
000000069
200000f29
00000006e
10000016c
000000f2a
210000000
00000006e
200000f2a
000000070
10000016c
000000f2b
210000000
000000070
200000f2b
000000075
10000016c
000000f2c
210000000
000000075
200000f2c
000000074
10000016c
000000f2d
210000000
000000074
200000f2d
00000005f
10000016c
000000f2e
210000000
00000005f
200000f2e
000000074
10000016c
000000f2f
210000000
000000074
200000f2f
000000069
10000016c
000000f30
210000000
000000069
200000f30
00000006c
10000016c
000000f31
210000000
00000006c
200000f31
000000065
10000016c
000000f32
210000000
000000065
200000f32
00000005f
10000016c
000000f33
210000000
00000005f
200000f33
00000006d
10000016c
000000f34
210000000
00000006d
200000f34
000000061
10000016c
000000f35
210000000
000000061
200000f35
000000074
10000016c
000000f36
210000000
000000074
200000f36
00000005f
10000016c
000000f37
210000000
00000005f
200000f37
000000057
10000016c
000000f38
210000000
000000057
200000f38
00000005f
10000016c
000000f39
210000000
00000005f
200000f39
000000072
10000016c
000000f3a
210000000
000000072
200000f3a
000000065
10000016c
000000f3b
210000000
000000065
200000f3b
000000067
10000016c
000000f3c
210000000
000000067
200000f3c
00000003a
10000016c
000000f3d
210000000
00000003a
200000f3d
000000020
10000016c
000000f3e
210000000
000000020
200000f3e
000000000
00000016c
1000009da
2000010e0
010001000
000000004
210001024
000000003
0fffff9e2
1000001ae
000000003
00000000c
00000000c
0000001de
000001000
0fffffffc
000000e00
010000000
000000000
000000000
000000e00
200000e00
000000030
000000008
210000000
000000030
1000001ca
000000000
000000000
000000e00
200000e00
000000030
000000004
210000000
000000030
1000001ca
000000000
000000000
000000e00
200000e00
000000030
000000000
210000000
000000030
1000001ca
000000003
000000003
000000e03
200000e03
000000033
0fffffffc
210000000
000000033
0000001ca
1000009ea
0000010a4
0fffff9ee
100000162
2000010a4
00000000a
000000176
010000000
0000010a5
210000000
00000000a
2000010a5
000000000
00000016c
1000009f6
000001000
000000f40
0fffff9fe
100000162
200000f40
00000006f
000000176
010000000
000000f41
210000000
00000006f
200000f41
000000075
10000016c
000000f42
210000000
000000075
200000f42
000000074
10000016c
000000f43
210000000
000000074
200000f43
000000070
10000016c
000000f44
210000000
000000070
200000f44
000000075
10000016c
000000f45
210000000
000000075
200000f45
000000074
10000016c
000000f46
210000000
000000074
200000f46
00000005f
10000016c
000000f47
210000000
00000005f
200000f47
000000074
10000016c
000000f48
210000000
000000074
200000f48
000000069
10000016c
000000f49
210000000
000000069
200000f49
00000006c
10000016c
000000f4a
210000000
00000006c
200000f4a
000000065
10000016c
000000f4b
210000000
000000065
200000f4b
00000005f
10000016c
000000f4c
210000000
00000005f
200000f4c
000000063
10000016c
000000f4d
210000000
000000063
200000f4d
000000066
10000016c
000000f4e
210000000
000000066
200000f4e
000000067
10000016c
000000f4f
210000000
000000067
200000f4f
00000005f
10000016c
000000f50
210000000
00000005f
200000f50
000000048
10000016c
000000f51
210000000
000000048
200000f51
00000005f
10000016c
000000f52
210000000
00000005f
200000f52
000000072
10000016c
000000f53
210000000
000000072
200000f53
000000065
10000016c
000000f54
210000000
000000065
200000f54
000000067
10000016c
000000f55
210000000
000000067
200000f55
00000003a
10000016c
000000f56
210000000
00000003a
200000f56
000000000
00000016c
100000a06
2000010e0
010001000
000000004
210001028
000000002
0fffffa0e
1000001ae
000000003
00000000c
00000000c
0000001de
000001000
0fffffffc
000000e00
010000000
000000000
000000000
000000e00
200000e00
000000030
000000008
210000000
000000030
1000001ca
000000000
000000000
000000e00
200000e00
000000030
000000004
210000000
000000030
1000001ca
000000000
000000000
000000e00
200000e00
000000030
000000000
210000000
000000030
1000001ca
000000002
000000002
000000e02
200000e02
000000032
0fffffffc
210000000
000000032
0000001ca
100000a16
0000010a4
0fffffa1a
100000162
2000010a4
00000000a
000000176
010000000
0000010a5
210000000
00000000a
2000010a5
000000000
00000016c
100000a22
000001000
000000f58
0fffffa2a
100000162
200000f58
00000006f
000000176
010000000
000000f59
210000000
00000006f
200000f59
000000075
10000016c
000000f5a
210000000
000000075
200000f5a
000000074
10000016c
000000f5b
210000000
000000074
200000f5b
000000070
10000016c
000000f5c
210000000
000000070
200000f5c
000000075
10000016c
000000f5d
210000000
000000075
200000f5d
000000074
10000016c
000000f5e
210000000
000000074
200000f5e
00000005f
10000016c
000000f5f
210000000
00000005f
200000f5f
000000074
10000016c
000000f60
210000000
000000074
200000f60
000000069
10000016c
000000f61
210000000
000000069
200000f61
00000006c
10000016c
000000f62
210000000
00000006c
200000f62
000000065
10000016c
000000f63
210000000
000000065
200000f63
00000005f
10000016c
000000f64
210000000
00000005f
200000f64
000000063
10000016c
000000f65
210000000
000000063
200000f65
000000066
10000016c
000000f66
210000000
000000066
200000f66
000000067
10000016c
000000f67
210000000
000000067
200000f67
00000005f
10000016c
000000f68
210000000
00000005f
200000f68
000000057
10000016c
000000f69
210000000
000000057
200000f69
00000005f
10000016c
000000f6a
210000000
00000005f
200000f6a
000000072
10000016c
000000f6b
210000000
000000072
200000f6b
000000065
10000016c
000000f6c
210000000
000000065
200000f6c
000000067
10000016c
000000f6d
210000000
000000067
200000f6d
00000003a
10000016c
000000f6e
210000000
00000003a
200000f6e
000000000
00000016c
100000a32
2000010e0
010001000
000000004
21000102c
000000002
0fffffa3a
1000001ae
000000003
00000000c
00000000c
0000001de
000001000
0fffffffc
000000e00
010000000
000000000
000000000
000000e00
200000e00
000000030
000000008
210000000
000000030
1000001ca
000000000
000000000
000000e00
200000e00
000000030
000000004
210000000
000000030
1000001ca
000000000
000000000
000000e00
200000e00
000000030
000000000
210000000
000000030
1000001ca
000000002
000000002
000000e02
200000e02
000000032
0fffffffc
210000000
000000032
0000001ca
100000a42
0000010a4
0fffffa46
100000162
2000010a4
00000000a
000000176
010000000
0000010a5
210000000
00000000a
2000010a5
000000000
00000016c
100000a4e
000001000
000000f70
0fffffa56
100000162
200000f70
00000006f
000000176
010000000
000000f71
210000000
00000006f
200000f71
000000075
10000016c
000000f72
210000000
000000075
200000f72
000000074
10000016c
000000f73
210000000
000000074
200000f73
000000070
10000016c
000000f74
210000000
000000070
200000f74
000000075
10000016c
000000f75
210000000
000000075
200000f75
000000074
10000016c
000000f76
210000000
000000074
200000f76
00000005f
10000016c
000000f77
210000000
00000005f
200000f77
000000074
10000016c
000000f78
210000000
000000074
200000f78
000000069
10000016c
000000f79
210000000
000000069
200000f79
00000006c
10000016c
000000f7a
210000000
00000006c
200000f7a
000000065
10000016c
000000f7b
210000000
000000065
200000f7b
00000005f
10000016c
000000f7c
210000000
00000005f
200000f7c
000000063
10000016c
000000f7d
210000000
000000063
200000f7d
000000066
10000016c
000000f7e
210000000
000000066
200000f7e
000000067
10000016c
000000f7f
210000000
000000067
200000f7f
00000005f
10000016c
000000f80
210000000
00000005f
200000f80
000000043
10000016c
000000f81
210000000
000000043
200000f81
00000005f
10000016c
000000f82
210000000
00000005f
200000f82
000000072
10000016c
000000f83
210000000
000000072
200000f83
000000065
10000016c
000000f84
210000000
000000065
200000f84
000000067
10000016c
000000f85
210000000
000000067
200000f85
00000003a
10000016c
000000f86
210000000
00000003a
200000f86
000000000
00000016c
100000a5e
2000010e0
010001000
000000004
210001030
000000008
0fffffa66
1000001ae
000000003
00000000c
00000000c
0000001de
000001000
0fffffffc
000000e00
010000000
000000000
000000000
000000e00
200000e00
000000030
000000008
210000000
000000030
1000001ca
000000000
000000000
000000e00
200000e00
000000030
000000004
210000000
000000030
1000001ca
000000000
000000000
000000e00
200000e00
000000030
000000000
210000000
000000030
1000001ca
000000008
000000008
000000e08
200000e08
000000038
0fffffffc
210000000
000000038
0000001ca
100000a6e
0000010a4
0fffffa72
100000162
2000010a4
00000000a
000000176
010000000
0000010a5
210000000
00000000a
2000010a5
000000000
00000016c
100000a7a
000001000
000000f88
0fffffa82
100000162
200000f88
00000006f
000000176
010000000
000000f89
210000000
00000006f
200000f89
000000075
10000016c
000000f8a
210000000
000000075
200000f8a
000000074
10000016c
000000f8b
210000000
000000074
200000f8b
000000070
10000016c
000000f8c
210000000
000000070
200000f8c
000000075
10000016c
000000f8d
210000000
000000075
200000f8d
000000074
10000016c
000000f8e
210000000
000000074
200000f8e
00000005f
10000016c
000000f8f
210000000
00000005f
200000f8f
000000074
10000016c
000000f90
210000000
000000074
200000f90
000000069
10000016c
000000f91
210000000
000000069
200000f91
00000006c
10000016c
000000f92
210000000
00000006c
200000f92
000000065
10000016c
000000f93
210000000
000000065
200000f93
00000005f
10000016c
000000f94
210000000
00000005f
200000f94
000000061
10000016c
000000f95
210000000
000000061
200000f95
000000064
10000016c
000000f96
210000000
000000064
200000f96
000000064
10000016c
000000f97
210000000
000000064
200000f97
000000072
10000016c
000000f98
210000000
000000072
200000f98
00000005f
10000016c
000000f99
210000000
00000005f
200000f99
000000072
10000016c
000000f9a
210000000
000000072
200000f9a
000000065
10000016c
000000f9b
210000000
000000065
200000f9b
000000067
10000016c
000000f9c
210000000
000000067
200000f9c
00000003a
10000016c
000000f9d
210000000
00000003a
200000f9d
000000020
10000016c
000000f9e
210000000
000000020
200000f9e
000000000
00000016c
100000a8a
2000010e0
010001000
000000008
210001034
0000c0000
0fffffa92
1000001ae
000000007
00000001c
00000001c
0000001de
000001000
0fffffffc
000000e00
010000000
000000000
000000000
000000e00
200000e00
000000030
000000018
210000000
000000030
1000001ca
000000000
000000000
000000e00
200000e00
000000030
000000014
210000000
000000030
1000001ca
000000000
000000000
000000e00
200000e00
000000030
000000010
210000000
000000030
1000001ca
00000000c
00000000c
000000e0c
200000e0c
000000043
00000000c
210000000
000000043
1000001ca
0000000c0
000000000
000000e00
200000e00
000000030
000000008
210000000
000000030
1000001ca
000000c00
000000000
000000e00
200000e00
000000030
000000004
210000000
000000030
1000001ca
00000c000
000000000
000000e00
200000e00
000000030
000000000
210000000
000000030
1000001ca
0000c0000
000000000
000000e00
200000e00
000000030
0fffffffc
210000000
000000030
0000001ca
100000a9a
0000010a4
0fffffa9e
100000162
2000010a4
00000000a
000000176
010000000
0000010a5
210000000
00000000a
2000010a5
000000000
00000016c
100000aa6
000001000
000000fa0
0fffffaae
100000162
200000fa0
00000006f
000000176
010000000
000000fa1
210000000
00000006f
200000fa1
000000075
10000016c
000000fa2
210000000
000000075
200000fa2
000000074
10000016c
000000fa3
210000000
000000074
200000fa3
000000070
10000016c
000000fa4
210000000
000000070
200000fa4
000000075
10000016c
000000fa5
210000000
000000075
200000fa5
000000074
10000016c
000000fa6
210000000
000000074
200000fa6
00000005f
10000016c
000000fa7
210000000
00000005f
200000fa7
000000074
10000016c
000000fa8
210000000
000000074
200000fa8
000000069
10000016c
000000fa9
210000000
000000069
200000fa9
00000006c
10000016c
000000faa
210000000
00000006c
200000faa
000000065
10000016c
000000fab
210000000
000000065
200000fab
00000005f
10000016c
000000fac
210000000
00000005f
200000fac
00000006d
10000016c
000000fad
210000000
00000006d
200000fad
000000061
10000016c
000000fae
210000000
000000061
200000fae
000000074
10000016c
000000faf
210000000
000000074
200000faf
00000005f
10000016c
000000fb0
210000000
00000005f
200000fb0
000000057
10000016c
000000fb1
210000000
000000057
200000fb1
00000005f
10000016c
000000fb2
210000000
00000005f
200000fb2
000000072
10000016c
000000fb3
210000000
000000072
200000fb3
000000065
10000016c
000000fb4
210000000
000000065
200000fb4
000000067
10000016c
000000fb5
210000000
000000067
200000fb5
00000003a
10000016c
000000fb6
210000000
00000003a
200000fb6
000000000
00000016c
100000ab6
2000010e0
010001000
000000004
210001038
000000003
0fffffabe
1000001ae
000000003
00000000c
00000000c
0000001de
000001000
0fffffffc
000000e00
010000000
000000000
000000000
000000e00
200000e00
000000030
000000008
210000000
000000030
1000001ca
000000000
000000000
000000e00
200000e00
000000030
000000004
210000000
000000030
1000001ca
000000000
000000000
000000e00
200000e00
000000030
000000000
210000000
000000030
1000001ca
000000003
000000003
000000e03
200000e03
000000033
0fffffffc
210000000
000000033
0000001ca
100000ac6
0000010a4
0fffffaca
100000162
2000010a4
00000000a
000000176
010000000
0000010a5
210000000
00000000a
2000010a5
000000000
00000016c
100000ad2
000001000
000000fb8
0fffffada
100000162
200000fb8
000000077
000000176
010000000
000000fb9
210000000
000000077
200000fb9
000000065
10000016c
000000fba
210000000
000000065
200000fba
000000069
10000016c
000000fbb
210000000
000000069
200000fbb
000000067
10000016c
000000fbc
210000000
000000067
200000fbc
000000068
10000016c
000000fbd
210000000
000000068
200000fbd
000000074
10000016c
000000fbe
210000000
000000074
200000fbe
00000005f
10000016c
000000fbf
210000000
00000005f
200000fbf
000000063
10000016c
000000fc0
210000000
000000063
200000fc0
000000066
10000016c
000000fc1
210000000
000000066
200000fc1
000000067
10000016c
000000fc2
210000000
000000067
200000fc2
00000005f
10000016c
000000fc3
210000000
00000005f
200000fc3
00000004e
10000016c
000000fc4
210000000
00000004e
200000fc4
00000005f
10000016c
000000fc5
210000000
00000005f
200000fc5
000000072
10000016c
000000fc6
210000000
000000072
200000fc6
000000065
10000016c
000000fc7
210000000
000000065
200000fc7
000000067
10000016c
000000fc8
210000000
000000067
200000fc8
00000003a
10000016c
000000fc9
210000000
00000003a
200000fc9
000000020
10000016c
000000fca
210000000
000000020
200000fca
000000020
10000016c
000000fcb
210000000
000000020
200000fcb
000000020
10000016c
000000fcc
210000000
000000020
200000fcc
000000020
10000016c
000000fcd
210000000
000000020
200000fcd
000000020
10000016c
000000fce
210000000
000000020
200000fce
000000000
00000016c
100000ae2
2000010e0
010001000
000000004
21000103c
000000010
0fffffaea
1000001ae
000000003
00000000c
00000000c
0000001de
000001000
0fffffffc
000000e00
010000000
000000000
000000000
000000e00
200000e00
000000030
000000008
210000000
000000030
1000001ca
000000000
000000000
000000e00
200000e00
000000030
000000004
210000000
000000030
1000001ca
000000001
000000001
000000e01
200000e01
000000031
000000000
210000000
000000031
1000001ca
000000010
000000000
000000e00
200000e00
000000030
0fffffffc
210000000
000000030
0000001ca
100000af2
0000010a4
0fffffaf6
100000162
2000010a4
00000000a
000000176
010000000
0000010a5
210000000
00000000a
2000010a5
000000000
00000016c
100000afe
000001000
000000fd0
0fffffb06
100000162
200000fd0
000000077
000000176
010000000
000000fd1
210000000
000000077
200000fd1
000000065
10000016c
000000fd2
210000000
000000065
200000fd2
000000069
10000016c
000000fd3
210000000
000000069
200000fd3
000000067
10000016c
000000fd4
210000000
000000067
200000fd4
000000068
10000016c
000000fd5
210000000
000000068
200000fd5
000000074
10000016c
000000fd6
210000000
000000074
200000fd6
00000005f
10000016c
000000fd7
210000000
00000005f
200000fd7
000000063
10000016c
000000fd8
210000000
000000063
200000fd8
000000066
10000016c
000000fd9
210000000
000000066
200000fd9
000000067
10000016c
000000fda
210000000
000000067
200000fda
00000005f
10000016c
000000fdb
210000000
00000005f
200000fdb
000000048
10000016c
000000fdc
210000000
000000048
200000fdc
00000005f
10000016c
000000fdd
210000000
00000005f
200000fdd
000000072
10000016c
000000fde
210000000
000000072
200000fde
000000065
10000016c
000000fdf
210000000
000000065
200000fdf
000000067
10000016c
000000fe0
210000000
000000067
200000fe0
00000003a
10000016c
000000fe1
210000000
00000003a
200000fe1
000000020
10000016c
000000fe2
210000000
000000020
200000fe2
000000020
10000016c
000000fe3
210000000
000000020
200000fe3
000000020
10000016c
000000fe4
210000000
000000020
200000fe4
000000020
10000016c
000000fe5
210000000
000000020
200000fe5
000000020
10000016c
000000fe6
210000000
000000020
200000fe6
000000000
00000016c
100000b0e
2000010e0
010001000
000000004
210001040
000000003
0fffffb16
1000001ae
000000003
00000000c
00000000c
0000001de
000001000
0fffffffc
000000e00
010000000
000000000
000000000
000000e00
200000e00
000000030
000000008
210000000
000000030
1000001ca
000000000
000000000
000000e00
200000e00
000000030
000000004
210000000
000000030
1000001ca
000000000
000000000
000000e00
200000e00
000000030
000000000
210000000
000000030
1000001ca
000000003
000000003
000000e03
200000e03
000000033
0fffffffc
210000000
000000033
0000001ca
100000b1e
0000010a4
0fffffb22
100000162
2000010a4
00000000a
000000176
010000000
0000010a5
210000000
00000000a
2000010a5
000000000
00000016c
100000b2a
000001000
000000fe8
0fffffb32
100000162
200000fe8
000000077
000000176
010000000
000000fe9
210000000
000000077
200000fe9
000000065
10000016c
000000fea
210000000
000000065
200000fea
000000069
10000016c
000000feb
210000000
000000069
200000feb
000000067
10000016c
000000fec
210000000
000000067
200000fec
000000068
10000016c
000000fed
210000000
000000068
200000fed
000000074
10000016c
000000fee
210000000
000000074
200000fee
00000005f
10000016c
000000fef
210000000
00000005f
200000fef
000000063
10000016c
000000ff0
210000000
000000063
200000ff0
000000066
10000016c
000000ff1
210000000
000000066
200000ff1
000000067
10000016c
000000ff2
210000000
000000067
200000ff2
00000005f
10000016c
000000ff3
210000000
00000005f
200000ff3
000000057
10000016c
000000ff4
210000000
000000057
200000ff4
00000005f
10000016c
000000ff5
210000000
00000005f
200000ff5
000000072
10000016c
000000ff6
210000000
000000072
200000ff6
000000065
10000016c
000000ff7
210000000
000000065
200000ff7
000000067
10000016c
000000ff8
210000000
000000067
200000ff8
00000003a
10000016c
000000ff9
210000000
00000003a
200000ff9
000000020
10000016c
000000ffa
210000000
000000020
200000ffa
000000020
10000016c
000000ffb
210000000
000000020
200000ffb
000000020
10000016c
000000ffc
210000000
000000020
200000ffc
000000020
10000016c
000000ffd
210000000
000000020
200000ffd
000000020
10000016c
000000ffe
210000000
000000020
200000ffe
000000000
00000016c
100000b3a
2000010e0
010001000
000000004
210001044
000000003
0fffffb42
1000001ae
000000003
00000000c
00000000c
0000001de
000001000
0fffffffc
000000e00
010000000
000000000
000000000
000000e00
200000e00
000000030
000000008
210000000
000000030
1000001ca
000000000
000000000
000000e00
200000e00
000000030
000000004
210000000
000000030
1000001ca
000000000
000000000
000000e00
200000e00
000000030
000000000
210000000
000000030
1000001ca
000000003
000000003
000000e03
200000e03
000000033
0fffffffc
210000000
000000033
0000001ca
100000b4a
0000010a4
0fffffb4e
100000162
2000010a4
00000000a
000000176
010000000
0000010a5
210000000
00000000a
2000010a5
000000000
00000016c
100000b56
000001000
000001000
0fffffb5e
100000162
200001000
000000077
000000176
010000000
000001001
210000000
000000077
200001001
000000065
10000016c
000001002
210000000
000000065
200001002
000000069
10000016c
000001003
210000000
000000069
200001003
000000067
10000016c
000001004
210000000
000000067
200001004
000000068
10000016c
000001005
210000000
000000068
200001005
000000074
10000016c
000001006
210000000
000000074
200001006
00000005f
10000016c
000001007
210000000
00000005f
200001007
000000063
10000016c
000001008
210000000
000000063
200001008
000000066
10000016c
000001009
210000000
000000066
200001009
000000067
10000016c
00000100a
210000000
000000067
20000100a
00000005f
10000016c
00000100b
210000000
00000005f
20000100b
000000043
10000016c
00000100c
210000000
000000043
20000100c
00000005f
10000016c
00000100d
210000000
00000005f
20000100d
000000072
10000016c
00000100e
210000000
000000072
20000100e
000000065
10000016c
00000100f
210000000
000000065
20000100f
000000067
10000016c
000001010
210000000
000000067
200001010
00000003a
10000016c
000001011
210000000
00000003a
200001011
000000020
10000016c
000001012
210000000
000000020
200001012
000000020
10000016c
000001013
210000000
000000020
200001013
000000020
10000016c
000001014
210000000
000000020
200001014
000000020
10000016c
000001015
210000000
000000020
200001015
000000020
10000016c
000001016
210000000
000000020
200001016
000000000
00000016c
100000b66
2000010e0
010001000
000000004
210001048
000000008
0fffffb6e
1000001ae
000000003
00000000c
00000000c
0000001de
000001000
0fffffffc
000000e00
010000000
000000000
000000000
000000e00
200000e00
000000030
000000008
210000000
000000030
1000001ca
000000000
000000000
000000e00
200000e00
000000030
000000004
210000000
000000030
1000001ca
000000000
000000000
000000e00
200000e00
000000030
000000000
210000000
000000030
1000001ca
000000008
000000008
000000e08
200000e08
000000038
0fffffffc
210000000
000000038
0000001ca
100000b76
0000010a4
0fffffb7a
100000162
2000010a4
00000000a
000000176
010000000
0000010a5
210000000
00000000a
2000010a5
000000000
00000016c
100000b82
000001000
000001018
0fffffb8a
100000162
200001018
000000077
000000176
010000000
000001019
210000000
000000077
200001019
000000065
10000016c
00000101a
210000000
000000065
20000101a
000000069
10000016c
00000101b
210000000
000000069
20000101b
000000067
10000016c
00000101c
210000000
000000067
20000101c
000000068
10000016c
00000101d
210000000
000000068
20000101d
000000074
10000016c
00000101e
210000000
000000074
20000101e
00000005f
10000016c
00000101f
210000000
00000005f
20000101f
000000061
10000016c
000001020
210000000
000000061
200001020
000000064
10000016c
000001021
210000000
000000064
200001021
000000064
10000016c
000001022
210000000
000000064
200001022
000000072
10000016c
000001023
210000000
000000072
200001023
000000065
10000016c
000001024
210000000
000000065
200001024
000000073
10000016c
000001025
210000000
000000073
200001025
000000073
10000016c
000001026
210000000
000000073
200001026
00000005f
10000016c
000001027
210000000
00000005f
200001027
000000072
10000016c
000001028
210000000
000000072
200001028
000000065
10000016c
000001029
210000000
000000065
200001029
000000067
10000016c
00000102a
210000000
000000067
20000102a
00000003a
10000016c
00000102b
210000000
00000003a
20000102b
000000020
10000016c
00000102c
210000000
000000020
20000102c
000000020
10000016c
00000102d
210000000
000000020
20000102d
000000020
10000016c
00000102e
210000000
000000020
20000102e
000000000
00000016c
100000b92
2000010e0
010001000
000000008
21000104c
000040000
0fffffb9a
1000001ae
000000007
00000001c
00000001c
0000001de
000001000
0fffffffc
000000e00
010000000
000000000
000000000
000000e00
200000e00
000000030
000000018
210000000
000000030
1000001ca
000000000
000000000
000000e00
200000e00
000000030
000000014
210000000
000000030
1000001ca
000000000
000000000
000000e00
200000e00
000000030
000000010
210000000
000000030
1000001ca
000000004
000000004
000000e04
200000e04
000000034
00000000c
210000000
000000034
1000001ca
000000040
000000000
000000e00
200000e00
000000030
000000008
210000000
000000030
1000001ca
000000400
000000000
000000e00
200000e00
000000030
000000004
210000000
000000030
1000001ca
000004000
000000000
000000e00
200000e00
000000030
000000000
210000000
000000030
1000001ca
000040000
000000000
000000e00
200000e00
000000030
0fffffffc
210000000
000000030
0000001ca
100000ba2
0000010a4
0fffffba6
100000162
2000010a4
00000000a
000000176
010000000
0000010a5
210000000
00000000a
2000010a5
000000000
00000016c
100000bae
000001000
000001030
0fffffbb6
100000162
200001030
000000073
000000176
010000000
000001031
210000000
000000073
200001031
000000074
10000016c
000001032
210000000
000000074
200001032
000000061
10000016c
000001033
210000000
000000061
200001033
000000074
10000016c
000001034
210000000
000000074
200001034
000000075
10000016c
000001035
210000000
000000075
200001035
000000073
10000016c
000001036
210000000
000000073
200001036
00000005f
10000016c
000001037
210000000
00000005f
200001037
000000072
10000016c
000001038
210000000
000000072
200001038
000000065
10000016c
000001039
210000000
000000065
200001039
000000067
10000016c
00000103a
210000000
000000067
20000103a
00000003a
10000016c
00000103b
210000000
00000003a
20000103b
000000020
10000016c
00000103c
210000000
000000020
20000103c
000000020
10000016c
00000103d
210000000
000000020
20000103d
000000020
10000016c
00000103e
210000000
000000020
20000103e
000000020
10000016c
00000103f
210000000
000000020
20000103f
000000020
10000016c
000001040
210000000
000000020
200001040
000000020
10000016c
000001041
210000000
000000020
200001041
000000020
10000016c
000001042
210000000
000000020
200001042
000000020
10000016c
000001043
210000000
000000020
200001043
000000020
10000016c
000001044
210000000
000000020
200001044
000000020
10000016c
000001045
210000000
000000020
200001045
000000020
10000016c
000001046
210000000
000000020
200001046
000000000
00000016c
100000bbe
2000010e0
010001000
000000004
210001050
00000001c
0fffffbc6
1000001ae
000000003
00000000c
00000000c
0000001de
000001000
0fffffffc
000000e00
010000000
000000000
000000000
000000e00
200000e00
000000030
000000008
210000000
000000030
1000001ca
000000000
000000000
000000e00
200000e00
000000030
000000004
210000000
000000030
1000001ca
000000001
000000001
000000e01
200000e01
000000031
000000000
210000000
000000031
1000001ca
00000001c
00000000c
000000e0c
200000e0c
000000043
0fffffffc
210000000
000000043
0000001ca
100000bce
0000010a4
2000fffa8
000002000
2000fffac
000000d6e
2000fffa4
000000004
0000fffb0
0fffffbda
100000162
2000010a4
00000000a
000000176
010000000
0000010a5
210000000
00000000a
2000010a5
000000000
00000016c
100000d6e
000000005
000000008
100000c18
000001048
0fffffc1c
100000162
200001048
00000002d
000000176
010000000
000001049
210000000
00000002d
200001049
00000002d
10000016c
00000104a
210000000
00000002d
20000104a
00000002d
10000016c
00000104b
210000000
00000002d
20000104b
000000020
10000016c
00000104c
210000000
000000020
20000104c
000000053
10000016c
00000104d
210000000
000000053
20000104d
000000074
10000016c
00000104e
210000000
000000074
20000104e
000000061
10000016c
00000104f
210000000
000000061
20000104f
000000072
10000016c
000001050
210000000
000000072
200001050
000000074
10000016c
000001051
210000000
000000074
200001051
000000069
10000016c
000001052
210000000
000000069
200001052
00000006e
10000016c
000001053
210000000
00000006e
200001053
000000067
10000016c
000001054
210000000
000000067
200001054
000000020
10000016c
000001055
210000000
000000020
200001055
000000054
10000016c
000001056
210000000
000000054
200001056
000000065
10000016c
000001057
210000000
000000065
200001057
000000073
10000016c
000001058
210000000
000000073
200001058
000000074
10000016c
000001059
210000000
000000074
200001059
000000020
10000016c
00000105a
210000000
000000020
20000105a
000000000
00000016c
100000c24
000000005
0fffffc26
100000178
0000fffa0
0000fffa4
0000fffa4
00000000a
100000186
000000005
0000fffa5
000000000
2000fffa4
000000005
100000180
000000186
100000196
010000000
2000fffa4
000000005
0000fffa4
000000035
210000000
000000035
00000019a
0000fffb0
100000c2e
00000105c
0fffffc32
100000162
20000105c
000000020
000000176
010000000
00000105d
210000000
000000020
20000105d
00000002d
10000016c
00000105e
210000000
00000002d
20000105e
00000002d
10000016c
00000105f
210000000
00000002d
20000105f
00000002d
10000016c
000001060
210000000
00000002d
200001060
00000000a
10000016c
000001061
210000000
00000000a
200001061
000000000
00000016c
100000c3a
230000000
000000005
200002000
000000040
200002004
000000003
200002008
000000003
20000200c
000000008
200002010
000000001
000001064
0fffffc54
100000162
200001064
000000050
000000176
010000000
000001065
210000000
000000050
200001065
000000061
10000016c
000001066
210000000
000000061
200001066
000000072
10000016c
000001067
210000000
000000072
200001067
000000073
10000016c
000001068
210000000
000000073
200001068
000000065
10000016c
000001069
210000000
000000065
200001069
000000064
10000016c
00000106a
210000000
000000064
20000106a
000000020
10000016c
00000106b
210000000
000000020
20000106b
000000043
10000016c
00000106c
210000000
000000043
20000106c
00000006f
10000016c
00000106d
210000000
00000006f
20000106d
00000006e
10000016c
00000106e
210000000
00000006e
20000106e
000000066
10000016c
00000106f
210000000
000000066
20000106f
000000069
10000016c
000001070
210000000
000000069
200001070
000000067
10000016c
000001071
210000000
000000067
200001071
000000020
10000016c
000001072
210000000
000000020
200001072
00000002d
10000016c
000001073
210000000
00000002d
200001073
00000003e
10000016c
000001074
210000000
00000003e
200001074
000000020
10000016c
000001075
210000000
000000020
200001075
00000004e
10000016c
000001076
210000000
00000004e
200001076
00000003a
10000016c
000001077
210000000
00000003a
200001077
000000000
00000016c
100000c5c
000000040
0fffffc5e
100000178
0000fffa0
0000fffa4
0000fffa4
00000000a
100000186
000000004
0000fffa5
000000006
2000fffa4
000000004
100000180
100000186
000000006
0000fffa6
000000000
2000fffa5
000000006
100000180
000000186
100000196
010000000
2000fffa5
000000006
0000fffa5
000000036
210000000
000000036
10000019a
2000fffa4
000000004
0000fffa4
000000034
210000000
000000034
00000019a
0000fffb0
100000c66
000001078
0fffffc6a
100000162
200001078
000000020
000000176
010000000
000001079
210000000
000000020
200001079
000000048
10000016c
00000107a
210000000
000000048
20000107a
00000003a
10000016c
00000107b
210000000
00000003a
20000107b
000000000
00000016c
100000c72
000000003
0fffffc74
100000178
0000fffa0
0000fffa4
0000fffa4
00000000a
100000186
000000003
0000fffa5
000000000
2000fffa4
000000003
100000180
000000186
100000196
010000000
2000fffa4
000000003
0000fffa4
000000033
210000000
000000033
00000019a
0000fffb0
100000c7c
000001000
00000107c
0fffffc84
100000162
20000107c
000000020
000000176
010000000
00000107d
210000000
000000020
20000107d
000000057
10000016c
00000107e
210000000
000000057
20000107e
00000003a
10000016c
00000107f
210000000
00000003a
20000107f
000000000
00000016c
100000c8c
000000003
0fffffc8e
100000178
0000fffa0
0000fffa4
0000fffa4
00000000a
100000186
000000003
0000fffa5
000000000
2000fffa4
000000003
100000180
000000186
100000196
010000000
2000fffa4
000000003
0000fffa4
000000033
210000000
000000033
00000019a
0000fffb0
100000c96
000001000
000001080
0fffffc9e
100000162
200001080
000000020
000000176
010000000
000001081
210000000
000000020
200001081
000000043
10000016c
000001082
210000000
000000043
200001082
00000003a
10000016c
000001083
210000000
00000003a
200001083
000000000
00000016c
100000ca6
000000008
0fffffca8
100000178
0000fffa0
0000fffa4
0000fffa4
00000000a
100000186
000000008
0000fffa5
000000000
2000fffa4
000000008
100000180
000000186
100000196
010000000
2000fffa4
000000008
0000fffa4
000000038
210000000
000000038
00000019a
0000fffb0
100000cb0
000001000
0000010a4
0fffffcb8
100000162
2000010a4
00000000a
000000176
010000000
0000010a5
210000000
00000000a
2000010a5
000000000
00000016c
100000cc0
000001000
000001084
0fffffcc8
100000162
200001084
00000004c
000000176
010000000
000001085
210000000
00000004c
200001085
00000006f
10000016c
000001086
210000000
00000006f
200001086
000000061
10000016c
000001087
210000000
000000061
200001087
000000064
10000016c
000001088
210000000
000000064
200001088
000000069
10000016c
000001089
210000000
000000069
200001089
00000006e
10000016c
00000108a
210000000
00000006e
20000108a
000000067
10000016c
00000108b
210000000
000000067
20000108b
000000020
10000016c
00000108c
210000000
000000020
20000108c
000000074
10000016c
00000108d
210000000
000000074
20000108d
000000069
10000016c
00000108e
210000000
000000069
20000108e
00000006c
10000016c
00000108f
210000000
00000006c
20000108f
000000065
10000016c
000001090
210000000
000000065
200001090
000000021
10000016c
000001091
210000000
000000021
200001091
00000000a
10000016c
000001092
210000000
00000000a
200001092
000000000
00000016c
100000cd0
000000003
000080000
000000008
000000002
000000002
000000cdc
10000073e
000001000
2000010e0
010001000
210001014
000000002
210001018
000000002
21000101c
000000008
210001020
000080000
210001024
000000003
000000002
210001000
000000002
100000ce4
000000ce4
1000007ee
000001000
2000010e0
010001000
210001050
00000001c
000000007
000000001
100000cec
000000ce4
000001000
000001094
230000008
000000001
0fffffcfa
100000162
200001094
00000004c
000000176
010000000
000001095
210000000
00000004c
200001095
00000006f
10000016c
000001096
210000000
00000006f
200001096
000000061
10000016c
000001097
210000000
000000061
200001097
000000064
10000016c
000001098
210000000
000000064
200001098
000000069
10000016c
000001099
210000000
000000069
200001099
00000006e
10000016c
00000109a
210000000
00000006e
20000109a
000000067
10000016c
00000109b
210000000
000000067
20000109b
000000020
10000016c
00000109c
210000000
000000020
20000109c
000000077
10000016c
00000109d
210000000
000000077
20000109d
000000065
10000016c
00000109e
210000000
000000065
20000109e
000000069
10000016c
00000109f
210000000
000000069
20000109f
000000067
10000016c
0000010a0
210000000
000000067
2000010a0
000000068
10000016c
0000010a1
210000000
000000068
2000010a1
000000074
10000016c
0000010a2
210000000
000000074
2000010a2
000000073
10000016c
0000010a3
210000000
000000073
2000010a3
000000021
10000016c
0000010a4
210000000
000000021
2000010a4
00000000a
10000016c
0000010a5
210000000
00000000a
2000010a5
000000000
00000016c
100000d02
000040000
000000008
000000003
000000003
000000040
000000d0e
10000076e
000001000
2000010e0
010001000
21000103c
000000040
210001040
000000003
210001044
000000003
210001048
000000008
21000104c
000040000
000000004
210001000
000000004
100000d16
000000d16
10000080e
000001000
2000010e0
010001000
210001050
00000000c
000000000
000000000
100000d1e
100000d16
000000d16
10000080e
000001000
2000010e0
010001000
210001050
00000000c
000000000
000000000
100000d1e
100000d16
000000d16
10000080e
000001000
2000010e0
010001000
210001050
00000000c
000000000
000000000
100000d1e
100000d16
000000d16
10000080e
000001000
2000010e0
010001000
210001050
00000000c
000000000
000000000
100000d1e
100000d16
000000d16
10000080e
000001000
2000010e0
010001000
210001050
00000000c
000000000
000000000
100000d1e
100000d16
000000d16
10000080e
000001000
2000010e0
010001000
210001050
00000000c
000000000
000000000
100000d1e
100000d16
000000d16
10000080e
000001000
2000010e0
010001000
210001050
00000001c
000000001
000000001
100000d1e
000000d16
000001000
0000010a8
230000004
000000001
0fffffd2c
100000162
2000010a8
000000053
000000176
010000000
0000010a9
210000000
000000053
2000010a9
000000074
10000016c
0000010aa
210000000
000000074
2000010aa
00000006f
10000016c
0000010ab
210000000
00000006f
2000010ab
000000072
10000016c
0000010ac
210000000
000000072
2000010ac
000000069
10000016c
0000010ad
210000000
000000069
2000010ad
00000006e
10000016c
0000010ae
210000000
00000006e
2000010ae
000000067
10000016c
0000010af
210000000
000000067
2000010af
000000020
10000016c
0000010b0
210000000
000000020
2000010b0
000000074
10000016c
0000010b1
210000000
000000074
2000010b1
000000069
10000016c
0000010b2
210000000
000000069
2000010b2
00000006c
10000016c
0000010b3
210000000
00000006c
2000010b3
000000065
10000016c
0000010b4
210000000
000000065
2000010b4
000000021
10000016c
0000010b5
210000000
000000021
2000010b5
00000000a
10000016c
0000010b6
210000000
00000000a
2000010b6
000000000
00000016c
100000d34
000000003
0000c0000
000000008
000000002
000000002
000000d40
100000756
000001000
2000010e0
010001000
210001028
000000002
21000102c
000000002
210001030
000000008
210001034
0000c0000
210001038
000000003
000000003
210001000
000000003
100000d48
000000d48
1000007fe
000001000
2000010e0
010001000
210001050
00000001c
000000003
000000001
100000d50
000000d48
000001000
0000010b8
23000000c
000000001
0fffffd5e
100000162
2000010b8
000000052
000000176
010000000
0000010b9
210000000
000000052
2000010b9
000000065
10000016c
0000010ba
210000000
000000065
2000010ba
000000067
10000016c
0000010bb
210000000
000000067
2000010bb
000000020
10000016c
0000010bc
210000000
000000020
2000010bc
000000056
10000016c
0000010bd
210000000
000000056
2000010bd
000000061
10000016c
0000010be
210000000
000000061
2000010be
00000006c
10000016c
0000010bf
210000000
00000006c
2000010bf
000000073
10000016c
0000010c0
210000000
000000073
2000010c0
000000021
10000016c
0000010c1
210000000
000000021
2000010c1
00000000a
10000016c
0000010c2
210000000
00000000a
2000010c2
000000000
00000016c
100000d66
000000d66
10000082e
000001000
0000fffa0
000000e50
2000fffac
000000d6e
2000fffa8
000002000
2000fffa4
000000005
000001000
000000842
100000162
200000e50
000000063
000000176
010000000
000000e51
210000000
000000063
200000e51
00000006f
10000016c
000000e52
210000000
00000006f
200000e52
00000006d
10000016c
000000e53
210000000
00000006d
200000e53
00000006d
10000016c
000000e54
210000000
00000006d
200000e54
000000061
10000016c
000000e55
210000000
000000061
200000e55
00000006e
10000016c
000000e56
210000000
00000006e
200000e56
000000064
10000016c
000000e57
210000000
000000064
200000e57
00000005f
10000016c
000000e58
210000000
00000005f
200000e58
000000072
10000016c
000000e59
210000000
000000072
200000e59
000000065
10000016c
000000e5a
210000000
000000065
200000e5a
000000067
10000016c
000000e5b
210000000
000000067
200000e5b
00000003a
10000016c
000000e5c
210000000
00000003a
200000e5c
000000020
10000016c
000000e5d
210000000
000000020
200000e5d
000000020
10000016c
000000e5e
210000000
000000020
200000e5e
000000020
10000016c
000000e5f
210000000
000000020
200000e5f
000000020
10000016c
000000e60
210000000
000000020
200000e60
000000020
10000016c
000000e61
210000000
000000020
200000e61
000000020
10000016c
000000e62
210000000
000000020
200000e62
000000020
10000016c
000000e63
210000000
000000020
200000e63
000000020
10000016c
000000e64
210000000
000000020
200000e64
000000020
10000016c
000000e65
210000000
000000020
200000e65
000000020
10000016c
000000e66
210000000
000000020
200000e66
000000000
00000016c
10000084a
2000010e0
010001000
000000004
000001000
210001000
000000003
000000856
1000001ae
000000003
00000000c
00000000c
0000001de
000001000
0fffffffc
000000e00
010000000
000000000
000000000
000000e00
200000e00
000000030
000000008
210000000
000000030
1000001ca
000000000
000000000
000000e00
200000e00
000000030
000000004
210000000
000000030
1000001ca
000000000
000000000
000000e00
200000e00
000000030
000000000
210000000
000000030
1000001ca
000000003
000000003
000000e03
200000e03
000000033
0fffffffc
210000000
000000033
0000001ca
10000085e
0000010a4
000000862
100000162
2000010a4
00000000a
000000176
010000000
0000010a5
210000000
00000000a
2000010a5
000000000
00000016c
10000086a
000001000
000000e68
000000872
100000162
200000e68
000000063
000000176
010000000
000000e69
210000000
000000063
200000e69
00000006f
10000016c
000000e6a
210000000
00000006f
200000e6a
00000006d
10000016c
000000e6b
210000000
00000006d
200000e6b
000000070
10000016c
000000e6c
210000000
000000070
200000e6c
00000005f
10000016c
000000e6d
210000000
00000005f
200000e6d
000000063
10000016c
000000e6e
210000000
000000063
200000e6e
000000066
10000016c
000000e6f
210000000
000000066
200000e6f
000000067
10000016c
000000e70
210000000
000000067
200000e70
00000005f
10000016c
000000e71
210000000
00000005f
200000e71
000000072
10000016c
000000e72
210000000
000000072
200000e72
000000065
10000016c
000000e73
210000000
000000065
200000e73
000000067
10000016c
000000e74
210000000
000000067
200000e74
00000003a
10000016c
000000e75
210000000
00000003a
200000e75
000000020
10000016c
000000e76
210000000
000000020
200000e76
000000020
10000016c
000000e77
210000000
000000020
200000e77
000000020
10000016c
000000e78
210000000
000000020
200000e78
000000020
10000016c
000000e79
210000000
000000020
200000e79
000000020
10000016c
000000e7a
210000000
000000020
200000e7a
000000020
10000016c
000000e7b
210000000
000000020
200000e7b
000000020
10000016c
000000e7c
210000000
000000020
200000e7c
000000020
10000016c
000000e7d
210000000
000000020
200000e7d
000000020
10000016c
000000e7e
210000000
000000020
200000e7e
000000000
00000016c
10000087a
2000010e0
010001000
000000004
210001004
000000000
000000882
1000001ae
000000003
00000000c
00000000c
0000001de
000001000
0fffffffc
000000e00
010000000
000000000
000000000
000000e00
200000e00
000000030
000000008
210000000
000000030
1000001ca
000000000
000000000
000000e00
200000e00
000000030
000000004
210000000
000000030
1000001ca
000000000
000000000
000000e00
200000e00
000000030
000000000
210000000
000000030
1000001ca
000000000
000000000
000000e00
200000e00
000000030
0fffffffc
210000000
000000030
0000001ca
10000088a
0000010a4
00000088e
100000162
2000010a4
00000000a
000000176
010000000
0000010a5
210000000
00000000a
2000010a5
000000000
00000016c
100000896
000001000
000000e80
00000089e
100000162
200000e80
000000063
000000176
010000000
000000e81
210000000
000000063
200000e81
00000006f
10000016c
000000e82
210000000
00000006f
200000e82
00000006d
10000016c
000000e83
210000000
00000006d
200000e83
000000070
10000016c
000000e84
210000000
000000070
200000e84
00000005f
10000016c
000000e85
210000000
00000005f
200000e85
000000063
10000016c
000000e86
210000000
000000063
200000e86
000000066
10000016c
000000e87
210000000
000000066
200000e87
000000067
10000016c
000000e88
210000000
000000067
200000e88
00000005f
10000016c
000000e89
210000000
00000005f
200000e89
000000048
10000016c
000000e8a
210000000
000000048
200000e8a
00000005f
10000016c
000000e8b
210000000
00000005f
200000e8b
000000072
10000016c
000000e8c
210000000
000000072
200000e8c
000000065
10000016c
000000e8d
210000000
000000065
200000e8d
000000067
10000016c
000000e8e
210000000
000000067
200000e8e
00000003a
10000016c
000000e8f
210000000
00000003a
200000e8f
000000020
10000016c
000000e90
210000000
000000020
200000e90
000000020
10000016c
000000e91
210000000
000000020
200000e91
000000020
10000016c
000000e92
210000000
000000020
200000e92
000000020
10000016c
000000e93
210000000
000000020
200000e93
000000020
10000016c
000000e94
210000000
000000020
200000e94
000000020
10000016c
000000e95
210000000
000000020
200000e95
000000020
10000016c
000000e96
210000000
000000020
200000e96
000000000
00000016c
1000008a6
2000010e0
010001000
000000004
210001008
000000000
0000008ae
1000001ae
000000003
00000000c
00000000c
0000001de
000001000
0fffffffc
000000e00
010000000
000000000
000000000
000000e00
200000e00
000000030
000000008
210000000
000000030
1000001ca
000000000
000000000
000000e00
200000e00
000000030
000000004
210000000
000000030
1000001ca
000000000
000000000
000000e00
200000e00
000000030
000000000
210000000
000000030
1000001ca
000000000
000000000
000000e00
200000e00
000000030
0fffffffc
210000000
000000030
0000001ca
1000008b6
0000010a4
0000008ba
100000162
2000010a4
00000000a
000000176
010000000
0000010a5
210000000
00000000a
2000010a5
000000000
00000016c
1000008c2
000001000
000000e98
0000008ca
100000162
200000e98
000000063
000000176
010000000
000000e99
210000000
000000063
200000e99
00000006f
10000016c
000000e9a
210000000
00000006f
200000e9a
00000006d
10000016c
000000e9b
210000000
00000006d
200000e9b
000000070
10000016c
000000e9c
210000000
000000070
200000e9c
00000005f
10000016c
000000e9d
210000000
00000005f
200000e9d
000000063
10000016c
000000e9e
210000000
000000063
200000e9e
000000066
10000016c
000000e9f
210000000
000000066
200000e9f
000000067
10000016c
000000ea0
210000000
000000067
200000ea0
00000005f
10000016c
000000ea1
210000000
00000005f
200000ea1
000000057
10000016c
000000ea2
210000000
000000057
200000ea2
00000005f
10000016c
000000ea3
210000000
00000005f
200000ea3
000000072
10000016c
000000ea4
210000000
000000072
200000ea4
000000065
10000016c
000000ea5
210000000
000000065
200000ea5
000000067
10000016c
000000ea6
210000000
000000067
200000ea6
00000003a
10000016c
000000ea7
210000000
00000003a
200000ea7
000000020
10000016c
000000ea8
210000000
000000020
200000ea8
000000020
10000016c
000000ea9
210000000
000000020
200000ea9
000000020
10000016c
000000eaa
210000000
000000020
200000eaa
000000020
10000016c
000000eab
210000000
000000020
200000eab
000000020
10000016c
000000eac
210000000
000000020
200000eac
000000020
10000016c
000000ead
210000000
000000020
200000ead
000000020
10000016c
000000eae
210000000
000000020
200000eae
000000000
00000016c
1000008d2
2000010e0
010001000
000000004
21000100c
000000000
0000008da
1000001ae
000000003
00000000c
00000000c
0000001de
000001000
0fffffffc
000000e00
010000000
000000000
000000000
000000e00
200000e00
000000030
000000008
210000000
000000030
1000001ca
000000000
000000000
000000e00
200000e00
000000030
000000004
210000000
000000030
1000001ca
000000000
000000000
000000e00
200000e00
000000030
000000000
210000000
000000030
1000001ca
000000000
000000000
000000e00
200000e00
000000030
0fffffffc
210000000
000000030
0000001ca
1000008e2
0000010a4
0000008e6
100000162
2000010a4
00000000a
000000176
010000000
0000010a5
210000000
00000000a
2000010a5
000000000
00000016c
1000008ee
000001000
000000eb0
0000008f6
100000162
200000eb0
000000063
000000176
010000000
000000eb1
210000000
000000063
200000eb1
00000006f
10000016c
000000eb2
210000000
00000006f
200000eb2
00000006d
10000016c
000000eb3
210000000
00000006d
200000eb3
000000070
10000016c
000000eb4
210000000
000000070
200000eb4
00000005f
10000016c
000000eb5
210000000
00000005f
200000eb5
000000063
10000016c
000000eb6
210000000
000000063
200000eb6
000000066
10000016c
000000eb7
210000000
000000066
200000eb7
000000067
10000016c
000000eb8
210000000
000000067
200000eb8
00000005f
10000016c
000000eb9
210000000
00000005f
200000eb9
000000043
10000016c
000000eba
210000000
000000043
200000eba
00000005f
10000016c
000000ebb
210000000
00000005f
200000ebb
000000072
10000016c
000000ebc
210000000
000000072
200000ebc
000000065
10000016c
000000ebd
210000000
000000065
200000ebd
000000067
10000016c
000000ebe
210000000
000000067
200000ebe
00000003a
10000016c
000000ebf
210000000
00000003a
200000ebf
000000020
10000016c
000000ec0
210000000
000000020
200000ec0
000000020
10000016c
000000ec1
210000000
000000020
200000ec1
000000020
10000016c
000000ec2
210000000
000000020
200000ec2
000000020
10000016c
000000ec3
210000000
000000020
200000ec3
000000020
10000016c
000000ec4
210000000
000000020
200000ec4
000000020
10000016c
000000ec5
210000000
000000020
200000ec5
000000020
10000016c
000000ec6
210000000
000000020
200000ec6
000000000
00000016c
1000008fe
2000010e0
010001000
000000004
210001010
000000000
000000906
1000001ae
000000003
00000000c
00000000c
0000001de
000001000
0fffffffc
000000e00
010000000
000000000
000000000
000000e00
200000e00
000000030
000000008
210000000
000000030
1000001ca
000000000
000000000
000000e00
200000e00
000000030
000000004
210000000
000000030
1000001ca
000000000
000000000
000000e00
200000e00
000000030
000000000
210000000
000000030
1000001ca
000000000
000000000
000000e00
200000e00
000000030
0fffffffc
210000000
000000030
0000001ca
10000090e
0000010a4
000000912
100000162
2000010a4
00000000a
000000176
010000000
0000010a5
210000000
00000000a
2000010a5
000000000
00000016c
10000091a
000001000
000000ec8
000000922
100000162
200000ec8
000000069
000000176
010000000
000000ec9
210000000
000000069
200000ec9
00000006e
10000016c
000000eca
210000000
00000006e
200000eca
000000070
10000016c
000000ecb
210000000
000000070
200000ecb
000000075
10000016c
000000ecc
210000000
000000075
200000ecc
000000074
10000016c
000000ecd
210000000
000000074
200000ecd
00000005f
10000016c
000000ece
210000000
00000005f
200000ece
000000074
10000016c
000000ecf
210000000
000000074
200000ecf
000000069
10000016c
000000ed0
210000000
000000069
200000ed0
00000006c
10000016c
000000ed1
210000000
00000006c
200000ed1
000000065
10000016c
000000ed2
210000000
000000065
200000ed2
00000005f
10000016c
000000ed3
210000000
00000005f
200000ed3
000000063
10000016c
000000ed4
210000000
000000063
200000ed4
000000066
10000016c
000000ed5
210000000
000000066
200000ed5
000000067
10000016c
000000ed6
210000000
000000067
200000ed6
00000005f
10000016c
000000ed7
210000000
00000005f
200000ed7
000000048
10000016c
000000ed8
210000000
000000048
200000ed8
00000005f
10000016c
000000ed9
210000000
00000005f
200000ed9
000000072
10000016c
000000eda
210000000
000000072
200000eda
000000065
10000016c
000000edb
210000000
000000065
200000edb
000000067
10000016c
000000edc
210000000
000000067
200000edc
00000003a
10000016c
000000edd
210000000
00000003a
200000edd
000000020
10000016c
000000ede
210000000
000000020
200000ede
000000000
00000016c
10000092a
2000010e0
010001000
000000004
210001014
000000002
000000932
1000001ae
000000003
00000000c
00000000c
0000001de
000001000
0fffffffc
000000e00
010000000
000000000
000000000
000000e00
200000e00
000000030
000000008
210000000
000000030
1000001ca
000000000
000000000
000000e00
200000e00
000000030
000000004
210000000
000000030
1000001ca
000000000
000000000
000000e00
200000e00
000000030
000000000
210000000
000000030
1000001ca
000000002
000000002
000000e02
200000e02
000000032
0fffffffc
210000000
000000032
0000001ca
10000093a
0000010a4
00000093e
100000162
2000010a4
00000000a
000000176
010000000
0000010a5
210000000
00000000a
2000010a5
000000000
00000016c
100000946
000001000
000000ee0
00000094e
100000162
200000ee0
000000069
000000176
010000000
000000ee1
210000000
000000069
200000ee1
00000006e
10000016c
000000ee2
210000000
00000006e
200000ee2
000000070
10000016c
000000ee3
210000000
000000070
200000ee3
000000075
10000016c
000000ee4
210000000
000000075
200000ee4
000000074
10000016c
000000ee5
210000000
000000074
200000ee5
00000005f
10000016c
000000ee6
210000000
00000005f
200000ee6
000000074
10000016c
000000ee7
210000000
000000074
200000ee7
000000069
10000016c
000000ee8
210000000
000000069
200000ee8
00000006c
10000016c
000000ee9
210000000
00000006c
200000ee9
000000065
10000016c
000000eea
210000000
000000065
200000eea
00000005f
10000016c
000000eeb
210000000
00000005f
200000eeb
000000063
10000016c
000000eec
210000000
000000063
200000eec
000000066
10000016c
000000eed
210000000
000000066
200000eed
000000067
10000016c
000000eee
210000000
000000067
200000eee
00000005f
10000016c
000000eef
210000000
00000005f
200000eef
000000057
10000016c
000000ef0
210000000
000000057
200000ef0
00000005f
10000016c
000000ef1
210000000
00000005f
200000ef1
000000072
10000016c
000000ef2
210000000
000000072
200000ef2
000000065
10000016c
000000ef3
210000000
000000065
200000ef3
000000067
10000016c
000000ef4
210000000
000000067
200000ef4
00000003a
10000016c
000000ef5
210000000
00000003a
200000ef5
000000020
10000016c
000000ef6
210000000
000000020
200000ef6
000000000
00000016c
100000956
2000010e0
010001000
000000004
210001018
000000002
00000095e
1000001ae
000000003
00000000c
00000000c
0000001de
000001000
0fffffffc
000000e00
010000000
000000000
000000000
000000e00
200000e00
000000030
000000008
210000000
000000030
1000001ca
000000000
000000000
000000e00
200000e00
000000030
000000004
210000000
000000030
1000001ca
000000000
000000000
000000e00
200000e00
000000030
000000000
210000000
000000030
1000001ca
000000002
000000002
000000e02
200000e02
000000032
0fffffffc
210000000
000000032
0000001ca
100000966
0000010a4
0fffff96a
100000162
2000010a4
00000000a
000000176
010000000
0000010a5
210000000
00000000a
2000010a5
000000000
00000016c
100000972
000001000
000000ef8
0fffff97a
100000162
200000ef8
000000069
000000176
010000000
000000ef9
210000000
000000069
200000ef9
00000006e
10000016c
000000efa
210000000
00000006e
200000efa
000000070
10000016c
000000efb
210000000
000000070
200000efb
000000075
10000016c
000000efc
210000000
000000075
200000efc
000000074
10000016c
000000efd
210000000
000000074
200000efd
00000005f
10000016c
000000efe
210000000
00000005f
200000efe
000000074
10000016c
000000eff
210000000
000000074
200000eff
000000069
10000016c
000000f00
210000000
000000069
200000f00
00000006c
10000016c
000000f01
210000000
00000006c
200000f01
000000065
10000016c
000000f02
210000000
000000065
200000f02
00000005f
10000016c
000000f03
210000000
00000005f
200000f03
000000063
10000016c
000000f04
210000000
000000063
200000f04
000000066
10000016c
000000f05
210000000
000000066
200000f05
000000067
10000016c
000000f06
210000000
000000067
200000f06
00000005f
10000016c
000000f07
210000000
00000005f
200000f07
000000043
10000016c
000000f08
210000000
000000043
200000f08
00000005f
10000016c
000000f09
210000000
00000005f
200000f09
000000072
10000016c
000000f0a
210000000
000000072
200000f0a
000000065
10000016c
000000f0b
210000000
000000065
200000f0b
000000067
10000016c
000000f0c
210000000
000000067
200000f0c
00000003a
10000016c
000000f0d
210000000
00000003a
200000f0d
000000020
10000016c
000000f0e
210000000
000000020
200000f0e
000000000
00000016c
100000982
2000010e0
010001000
000000004
21000101c
000000008
00000098a
1000001ae
000000003
00000000c
00000000c
0000001de
000001000
0fffffffc
000000e00
010000000
000000000
000000000
000000e00
200000e00
000000030
000000008
210000000
000000030
1000001ca
000000000
000000000
000000e00
200000e00
000000030
000000004
210000000
000000030
1000001ca
000000000
000000000
000000e00
200000e00
000000030
000000000
210000000
000000030
1000001ca
000000008
000000008
000000e08
200000e08
000000038
0fffffffc
210000000
000000038
0000001ca
100000992
0000010a4
0fffff996
100000162
2000010a4
00000000a
000000176
010000000
0000010a5
210000000
00000000a
2000010a5
000000000
00000016c
10000099e
000001000
000000f10
0fffff9a6
100000162
200000f10
000000069
000000176
010000000
000000f11
210000000
000000069
200000f11
00000006e
10000016c
000000f12
210000000
00000006e
200000f12
000000070
10000016c
000000f13
210000000
000000070
200000f13
000000075
10000016c
000000f14
210000000
000000075
200000f14
000000074
10000016c
000000f15
210000000
000000074
200000f15
00000005f
10000016c
000000f16
210000000
00000005f
200000f16
000000074
10000016c
000000f17
210000000
000000074
200000f17
000000069
10000016c
000000f18
210000000
000000069
200000f18
00000006c
10000016c
000000f19
210000000
00000006c
200000f19
000000065
10000016c
000000f1a
210000000
000000065
200000f1a
00000005f
10000016c
000000f1b
210000000
00000005f
200000f1b
000000061
10000016c
000000f1c
210000000
000000061
200000f1c
000000064
10000016c
000000f1d
210000000
000000064
200000f1d
000000064
10000016c
000000f1e
210000000
000000064
200000f1e
000000072
10000016c
000000f1f
210000000
000000072
200000f1f
00000005f
10000016c
000000f20
210000000
00000005f
200000f20
000000072
10000016c
000000f21
210000000
000000072
200000f21
000000065
10000016c
000000f22
210000000
000000065
200000f22
000000067
10000016c
000000f23
210000000
000000067
200000f23
00000003a
10000016c
000000f24
210000000
00000003a
200000f24
000000020
10000016c
000000f25
210000000
000000020
200000f25
000000020
10000016c
000000f26
210000000
000000020
200000f26
000000000
00000016c
1000009ae
2000010e0
010001000
000000008
210001020
000080000
0fffff9b6
1000001ae
000000007
00000001c
00000001c
0000001de
000001000
0fffffffc
000000e00
010000000
000000000
000000000
000000e00
200000e00
000000030
000000018
210000000
000000030
1000001ca
000000000
000000000
000000e00
200000e00
000000030
000000014
210000000
000000030
1000001ca
000000000
000000000
000000e00
200000e00
000000030
000000010
210000000
000000030
1000001ca
000000008
000000008
000000e08
200000e08
000000038
00000000c
210000000
000000038
1000001ca
000000080
000000000
000000e00
200000e00
000000030
000000008
210000000
000000030
1000001ca
000000800
000000000
000000e00
200000e00
000000030
000000004
210000000
000000030
1000001ca
000008000
000000000
000000e00
200000e00
000000030
000000000
210000000
000000030
1000001ca
000080000
000000000
000000e00
200000e00
000000030
0fffffffc
210000000
000000030
0000001ca
1000009be
0000010a4
0fffff9c2
100000162
2000010a4
00000000a
000000176
010000000
0000010a5
210000000
00000000a
2000010a5
000000000
00000016c
1000009ca
000001000
000000f28
0fffff9d2
100000162
200000f28
000000069
000000176
010000000
000000f29
210000000
000000069
200000f29
00000006e
10000016c
000000f2a
210000000
00000006e
200000f2a
000000070
10000016c
000000f2b
210000000
000000070
200000f2b
000000075
10000016c
000000f2c
210000000
000000075
200000f2c
000000074
10000016c
000000f2d
210000000
000000074
200000f2d
00000005f
10000016c
000000f2e
210000000
00000005f
200000f2e
000000074
10000016c
000000f2f
210000000
000000074
200000f2f
000000069
10000016c
000000f30
210000000
000000069
200000f30
00000006c
10000016c
000000f31
210000000
00000006c
200000f31
000000065
10000016c
000000f32
210000000
000000065
200000f32
00000005f
10000016c
000000f33
210000000
00000005f
200000f33
00000006d
10000016c
000000f34
210000000
00000006d
200000f34
000000061
10000016c
000000f35
210000000
000000061
200000f35
000000074
10000016c
000000f36
210000000
000000074
200000f36
00000005f
10000016c
000000f37
210000000
00000005f
200000f37
000000057
10000016c
000000f38
210000000
000000057
200000f38
00000005f
10000016c
000000f39
210000000
00000005f
200000f39
000000072
10000016c
000000f3a
210000000
000000072
200000f3a
000000065
10000016c
000000f3b
210000000
000000065
200000f3b
000000067
10000016c
000000f3c
210000000
000000067
200000f3c
00000003a
10000016c
000000f3d
210000000
00000003a
200000f3d
000000020
10000016c
000000f3e
210000000
000000020
200000f3e
000000000
00000016c
1000009da
2000010e0
010001000
000000004
210001024
000000003
0fffff9e2
1000001ae
000000003
00000000c
00000000c
0000001de
000001000
0fffffffc
000000e00
010000000
000000000
000000000
000000e00
200000e00
000000030
000000008
210000000
000000030
1000001ca
000000000
000000000
000000e00
200000e00
000000030
000000004
210000000
000000030
1000001ca
000000000
000000000
000000e00
200000e00
000000030
000000000
210000000
000000030
1000001ca
000000003
000000003
000000e03
200000e03
000000033
0fffffffc
210000000
000000033
0000001ca
1000009ea
0000010a4
0fffff9ee
100000162
2000010a4
00000000a
000000176
010000000
0000010a5
210000000
00000000a
2000010a5
000000000
00000016c
1000009f6
000001000
000000f40
0fffff9fe
100000162
200000f40
00000006f
000000176
010000000
000000f41
210000000
00000006f
200000f41
000000075
10000016c
000000f42
210000000
000000075
200000f42
000000074
10000016c
000000f43
210000000
000000074
200000f43
000000070
10000016c
000000f44
210000000
000000070
200000f44
000000075
10000016c
000000f45
210000000
000000075
200000f45
000000074
10000016c
000000f46
210000000
000000074
200000f46
00000005f
10000016c
000000f47
210000000
00000005f
200000f47
000000074
10000016c
000000f48
210000000
000000074
200000f48
000000069
10000016c
000000f49
210000000
000000069
200000f49
00000006c
10000016c
000000f4a
210000000
00000006c
200000f4a
000000065
10000016c
000000f4b
210000000
000000065
200000f4b
00000005f
10000016c
000000f4c
210000000
00000005f
200000f4c
000000063
10000016c
000000f4d
210000000
000000063
200000f4d
000000066
10000016c
000000f4e
210000000
000000066
200000f4e
000000067
10000016c
000000f4f
210000000
000000067
200000f4f
00000005f
10000016c
000000f50
210000000
00000005f
200000f50
000000048
10000016c
000000f51
210000000
000000048
200000f51
00000005f
10000016c
000000f52
210000000
00000005f
200000f52
000000072
10000016c
000000f53
210000000
000000072
200000f53
000000065
10000016c
000000f54
210000000
000000065
200000f54
000000067
10000016c
000000f55
210000000
000000067
200000f55
00000003a
10000016c
000000f56
210000000
00000003a
200000f56
000000000
00000016c
100000a06
2000010e0
010001000
000000004
210001028
000000002
0fffffa0e
1000001ae
000000003
00000000c
00000000c
0000001de
000001000
0fffffffc
000000e00
010000000
000000000
000000000
000000e00
200000e00
000000030
000000008
210000000
000000030
1000001ca
000000000
000000000
000000e00
200000e00
000000030
000000004
210000000
000000030
1000001ca
000000000
000000000
000000e00
200000e00
000000030
000000000
210000000
000000030
1000001ca
000000002
000000002
000000e02
200000e02
000000032
0fffffffc
210000000
000000032
0000001ca
100000a16
0000010a4
0fffffa1a
100000162
2000010a4
00000000a
000000176
010000000
0000010a5
210000000
00000000a
2000010a5
000000000
00000016c
100000a22
000001000
000000f58
0fffffa2a
100000162
200000f58
00000006f
000000176
010000000
000000f59
210000000
00000006f
200000f59
000000075
10000016c
000000f5a
210000000
000000075
200000f5a
000000074
10000016c
000000f5b
210000000
000000074
200000f5b
000000070
10000016c
000000f5c
210000000
000000070
200000f5c
000000075
10000016c
000000f5d
210000000
000000075
200000f5d
000000074
10000016c
000000f5e
210000000
000000074
200000f5e
00000005f
10000016c
000000f5f
210000000
00000005f
200000f5f
000000074
10000016c
000000f60
210000000
000000074
200000f60
000000069
10000016c
000000f61
210000000
000000069
200000f61
00000006c
10000016c
000000f62
210000000
00000006c
200000f62
000000065
10000016c
000000f63
210000000
000000065
200000f63
00000005f
10000016c
000000f64
210000000
00000005f
200000f64
000000063
10000016c
000000f65
210000000
000000063
200000f65
000000066
10000016c
000000f66
210000000
000000066
200000f66
000000067
10000016c
000000f67
210000000
000000067
200000f67
00000005f
10000016c
000000f68
210000000
00000005f
200000f68
000000057
10000016c
000000f69
210000000
000000057
200000f69
00000005f
10000016c
000000f6a
210000000
00000005f
200000f6a
000000072
10000016c
000000f6b
210000000
000000072
200000f6b
000000065
10000016c
000000f6c
210000000
000000065
200000f6c
000000067
10000016c
000000f6d
210000000
000000067
200000f6d
00000003a
10000016c
000000f6e
210000000
00000003a
200000f6e
000000000
00000016c
100000a32
2000010e0
010001000
000000004
21000102c
000000002
0fffffa3a
1000001ae
000000003
00000000c
00000000c
0000001de
000001000
0fffffffc
000000e00
010000000
000000000
000000000
000000e00
200000e00
000000030
000000008
210000000
000000030
1000001ca
000000000
000000000
000000e00
200000e00
000000030
000000004
210000000
000000030
1000001ca
000000000
000000000
000000e00
200000e00
000000030
000000000
210000000
000000030
1000001ca
000000002
000000002
000000e02
200000e02
000000032
0fffffffc
210000000
000000032
0000001ca
100000a42
0000010a4
0fffffa46
100000162
2000010a4
00000000a
000000176
010000000
0000010a5
210000000
00000000a
2000010a5
000000000
00000016c
100000a4e
000001000
000000f70
0fffffa56
100000162
200000f70
00000006f
000000176
010000000
000000f71
210000000
00000006f
200000f71
000000075
10000016c
000000f72
210000000
000000075
200000f72
000000074
10000016c
000000f73
210000000
000000074
200000f73
000000070
10000016c
000000f74
210000000
000000070
200000f74
000000075
10000016c
000000f75
210000000
000000075
200000f75
000000074
10000016c
000000f76
210000000
000000074
200000f76
00000005f
10000016c
000000f77
210000000
00000005f
200000f77
000000074
10000016c
000000f78
210000000
000000074
200000f78
000000069
10000016c
000000f79
210000000
000000069
200000f79
00000006c
10000016c
000000f7a
210000000
00000006c
200000f7a
000000065
10000016c
000000f7b
210000000
000000065
200000f7b
00000005f
10000016c
000000f7c
210000000
00000005f
200000f7c
000000063
10000016c
000000f7d
210000000
000000063
200000f7d
000000066
10000016c
000000f7e
210000000
000000066
200000f7e
000000067
10000016c
000000f7f
210000000
000000067
200000f7f
00000005f
10000016c
000000f80
210000000
00000005f
200000f80
000000043
10000016c
000000f81
210000000
000000043
200000f81
00000005f
10000016c
000000f82
210000000
00000005f
200000f82
000000072
10000016c
000000f83
210000000
000000072
200000f83
000000065
10000016c
000000f84
210000000
000000065
200000f84
000000067
10000016c
000000f85
210000000
000000067
200000f85
00000003a
10000016c
000000f86
210000000
00000003a
200000f86
000000000
00000016c
100000a5e
2000010e0
010001000
000000004
210001030
000000008
0fffffa66
1000001ae
000000003
00000000c
00000000c
0000001de
000001000
0fffffffc
000000e00
010000000
000000000
000000000
000000e00
200000e00
000000030
000000008
210000000
000000030
1000001ca
000000000
000000000
000000e00
200000e00
000000030
000000004
210000000
000000030
1000001ca
000000000
000000000
000000e00
200000e00
000000030
000000000
210000000
000000030
1000001ca
000000008
000000008
000000e08
200000e08
000000038
0fffffffc
210000000
000000038
0000001ca
100000a6e
0000010a4
0fffffa72
100000162
2000010a4
00000000a
000000176
010000000
0000010a5
210000000
00000000a
2000010a5
000000000
00000016c
100000a7a
000001000
000000f88
0fffffa82
100000162
200000f88
00000006f
000000176
010000000
000000f89
210000000
00000006f
200000f89
000000075
10000016c
000000f8a
210000000
000000075
200000f8a
000000074
10000016c
000000f8b
210000000
000000074
200000f8b
000000070
10000016c
000000f8c
210000000
000000070
200000f8c
000000075
10000016c
000000f8d
210000000
000000075
200000f8d
000000074
10000016c
000000f8e
210000000
000000074
200000f8e
00000005f
10000016c
000000f8f
210000000
00000005f
200000f8f
000000074
10000016c
000000f90
210000000
000000074
200000f90
000000069
10000016c
000000f91
210000000
000000069
200000f91
00000006c
10000016c
000000f92
210000000
00000006c
200000f92
000000065
10000016c
000000f93
210000000
000000065
200000f93
00000005f
10000016c
000000f94
210000000
00000005f
200000f94
000000061
10000016c
000000f95
210000000
000000061
200000f95
000000064
10000016c
000000f96
210000000
000000064
200000f96
000000064
10000016c
000000f97
210000000
000000064
200000f97
000000072
10000016c
000000f98
210000000
000000072
200000f98
00000005f
10000016c
000000f99
210000000
00000005f
200000f99
000000072
10000016c
000000f9a
210000000
000000072
200000f9a
000000065
10000016c
000000f9b
210000000
000000065
200000f9b
000000067
10000016c
000000f9c
210000000
000000067
200000f9c
00000003a
10000016c
000000f9d
210000000
00000003a
200000f9d
000000020
10000016c
000000f9e
210000000
000000020
200000f9e
000000000
00000016c
100000a8a
2000010e0
010001000
000000008
210001034
0000c0000
0fffffa92
1000001ae
000000007
00000001c
00000001c
0000001de
000001000
0fffffffc
000000e00
010000000
000000000
000000000
000000e00
200000e00
000000030
000000018
210000000
000000030
1000001ca
000000000
000000000
000000e00
200000e00
000000030
000000014
210000000
000000030
1000001ca
000000000
000000000
000000e00
200000e00
000000030
000000010
210000000
000000030
1000001ca
00000000c
00000000c
000000e0c
200000e0c
000000043
00000000c
210000000
000000043
1000001ca
0000000c0
000000000
000000e00
200000e00
000000030
000000008
210000000
000000030
1000001ca
000000c00
000000000
000000e00
200000e00
000000030
000000004
210000000
000000030
1000001ca
00000c000
000000000
000000e00
200000e00
000000030
000000000
210000000
000000030
1000001ca
0000c0000
000000000
000000e00
200000e00
000000030
0fffffffc
210000000
000000030
0000001ca
100000a9a
0000010a4
0fffffa9e
100000162
2000010a4
00000000a
000000176
010000000
0000010a5
210000000
00000000a
2000010a5
000000000
00000016c
100000aa6
000001000
000000fa0
0fffffaae
100000162
200000fa0
00000006f
000000176
010000000
000000fa1
210000000
00000006f
200000fa1
000000075
10000016c
000000fa2
210000000
000000075
200000fa2
000000074
10000016c
000000fa3
210000000
000000074
200000fa3
000000070
10000016c
000000fa4
210000000
000000070
200000fa4
000000075
10000016c
000000fa5
210000000
000000075
200000fa5
000000074
10000016c
000000fa6
210000000
000000074
200000fa6
00000005f
10000016c
000000fa7
210000000
00000005f
200000fa7
000000074
10000016c
000000fa8
210000000
000000074
200000fa8
000000069
10000016c
000000fa9
210000000
000000069
200000fa9
00000006c
10000016c
000000faa
210000000
00000006c
200000faa
000000065
10000016c
000000fab
210000000
000000065
200000fab
00000005f
10000016c
000000fac
210000000
00000005f
200000fac
00000006d
10000016c
000000fad
210000000
00000006d
200000fad
000000061
10000016c
000000fae
210000000
000000061
200000fae
000000074
10000016c
000000faf
210000000
000000074
200000faf
00000005f
10000016c
000000fb0
210000000
00000005f
200000fb0
000000057
10000016c
000000fb1
210000000
000000057
200000fb1
00000005f
10000016c
000000fb2
210000000
00000005f
200000fb2
000000072
10000016c
000000fb3
210000000
000000072
200000fb3
000000065
10000016c
000000fb4
210000000
000000065
200000fb4
000000067
10000016c
000000fb5
210000000
000000067
200000fb5
00000003a
10000016c
000000fb6
210000000
00000003a
200000fb6
000000000
00000016c
100000ab6
2000010e0
010001000
000000004
210001038
000000003
0fffffabe
1000001ae
000000003
00000000c
00000000c
0000001de
000001000
0fffffffc
000000e00
010000000
000000000
000000000
000000e00
200000e00
000000030
000000008
210000000
000000030
1000001ca
000000000
000000000
000000e00
200000e00
000000030
000000004
210000000
000000030
1000001ca
000000000
000000000
000000e00
200000e00
000000030
000000000
210000000
000000030
1000001ca
000000003
000000003
000000e03
200000e03
000000033
0fffffffc
210000000
000000033
0000001ca
100000ac6
0000010a4
0fffffaca
100000162
2000010a4
00000000a
000000176
010000000
0000010a5
210000000
00000000a
2000010a5
000000000
00000016c
100000ad2
000001000
000000fb8
0fffffada
100000162
200000fb8
000000077
000000176
010000000
000000fb9
210000000
000000077
200000fb9
000000065
10000016c
000000fba
210000000
000000065
200000fba
000000069
10000016c
000000fbb
210000000
000000069
200000fbb
000000067
10000016c
000000fbc
210000000
000000067
200000fbc
000000068
10000016c
000000fbd
210000000
000000068
200000fbd
000000074
10000016c
000000fbe
210000000
000000074
200000fbe
00000005f
10000016c
000000fbf
210000000
00000005f
200000fbf
000000063
10000016c
000000fc0
210000000
000000063
200000fc0
000000066
10000016c
000000fc1
210000000
000000066
200000fc1
000000067
10000016c
000000fc2
210000000
000000067
200000fc2
00000005f
10000016c
000000fc3
210000000
00000005f
200000fc3
00000004e
10000016c
000000fc4
210000000
00000004e
200000fc4
00000005f
10000016c
000000fc5
210000000
00000005f
200000fc5
000000072
10000016c
000000fc6
210000000
000000072
200000fc6
000000065
10000016c
000000fc7
210000000
000000065
200000fc7
000000067
10000016c
000000fc8
210000000
000000067
200000fc8
00000003a
10000016c
000000fc9
210000000
00000003a
200000fc9
000000020
10000016c
000000fca
210000000
000000020
200000fca
000000020
10000016c
000000fcb
210000000
000000020
200000fcb
000000020
10000016c
000000fcc
210000000
000000020
200000fcc
000000020
10000016c
000000fcd
210000000
000000020
200000fcd
000000020
10000016c
000000fce
210000000
000000020
200000fce
000000000
00000016c
100000ae2
2000010e0
010001000
000000004
21000103c
000000040
0fffffaea
1000001ae
000000003
00000000c
00000000c
0000001de
000001000
0fffffffc
000000e00
010000000
000000000
000000000
000000e00
200000e00
000000030
000000008
210000000
000000030
1000001ca
000000000
000000000
000000e00
200000e00
000000030
000000004
210000000
000000030
1000001ca
000000004
000000004
000000e04
200000e04
000000034
000000000
210000000
000000034
1000001ca
000000040
000000000
000000e00
200000e00
000000030
0fffffffc
210000000
000000030
0000001ca
100000af2
0000010a4
0fffffaf6
100000162
2000010a4
00000000a
000000176
010000000
0000010a5
210000000
00000000a
2000010a5
000000000
00000016c
100000afe
000001000
000000fd0
0fffffb06
100000162
200000fd0
000000077
000000176
010000000
000000fd1
210000000
000000077
200000fd1
000000065
10000016c
000000fd2
210000000
000000065
200000fd2
000000069
10000016c
000000fd3
210000000
000000069
200000fd3
000000067
10000016c
000000fd4
210000000
000000067
200000fd4
000000068
10000016c
000000fd5
210000000
000000068
200000fd5
000000074
10000016c
000000fd6
210000000
000000074
200000fd6
00000005f
10000016c
000000fd7
210000000
00000005f
200000fd7
000000063
10000016c
000000fd8
210000000
000000063
200000fd8
000000066
10000016c
000000fd9
210000000
000000066
200000fd9
000000067
10000016c
000000fda
210000000
000000067
200000fda
00000005f
10000016c
000000fdb
210000000
00000005f
200000fdb
000000048
10000016c
000000fdc
210000000
000000048
200000fdc
00000005f
10000016c
000000fdd
210000000
00000005f
200000fdd
000000072
10000016c
000000fde
210000000
000000072
200000fde
000000065
10000016c
000000fdf
210000000
000000065
200000fdf
000000067
10000016c
000000fe0
210000000
000000067
200000fe0
00000003a
10000016c
000000fe1
210000000
00000003a
200000fe1
000000020
10000016c
000000fe2
210000000
000000020
200000fe2
000000020
10000016c
000000fe3
210000000
000000020
200000fe3
000000020
10000016c
000000fe4
210000000
000000020
200000fe4
000000020
10000016c
000000fe5
210000000
000000020
200000fe5
000000020
10000016c
000000fe6
210000000
000000020
200000fe6
000000000
00000016c
100000b0e
2000010e0
010001000
000000004
210001040
000000003
0fffffb16
1000001ae
000000003
00000000c
00000000c
0000001de
000001000
0fffffffc
000000e00
010000000
000000000
000000000
000000e00
200000e00
000000030
000000008
210000000
000000030
1000001ca
000000000
000000000
000000e00
200000e00
000000030
000000004
210000000
000000030
1000001ca
000000000
000000000
000000e00
200000e00
000000030
000000000
210000000
000000030
1000001ca
000000003
000000003
000000e03
200000e03
000000033
0fffffffc
210000000
000000033
0000001ca
100000b1e
0000010a4
0fffffb22
100000162
2000010a4
00000000a
000000176
010000000
0000010a5
210000000
00000000a
2000010a5
000000000
00000016c
100000b2a
000001000
000000fe8
0fffffb32
100000162
200000fe8
000000077
000000176
010000000
000000fe9
210000000
000000077
200000fe9
000000065
10000016c
000000fea
210000000
000000065
200000fea
000000069
10000016c
000000feb
210000000
000000069
200000feb
000000067
10000016c
000000fec
210000000
000000067
200000fec
000000068
10000016c
000000fed
210000000
000000068
200000fed
000000074
10000016c
000000fee
210000000
000000074
200000fee
00000005f
10000016c
000000fef
210000000
00000005f
200000fef
000000063
10000016c
000000ff0
210000000
000000063
200000ff0
000000066
10000016c
000000ff1
210000000
000000066
200000ff1
000000067
10000016c
000000ff2
210000000
000000067
200000ff2
00000005f
10000016c
000000ff3
210000000
00000005f
200000ff3
000000057
10000016c
000000ff4
210000000
000000057
200000ff4
00000005f
10000016c
000000ff5
210000000
00000005f
200000ff5
000000072
10000016c
000000ff6
210000000
000000072
200000ff6
000000065
10000016c
000000ff7
210000000
000000065
200000ff7
000000067
10000016c
000000ff8
210000000
000000067
200000ff8
00000003a
10000016c
000000ff9
210000000
00000003a
200000ff9
000000020
10000016c
000000ffa
210000000
000000020
200000ffa
000000020
10000016c
000000ffb
210000000
000000020
200000ffb
000000020
10000016c
000000ffc
210000000
000000020
200000ffc
000000020
10000016c
000000ffd
210000000
000000020
200000ffd
000000020
10000016c
000000ffe
210000000
000000020
200000ffe
000000000
00000016c
100000b3a
2000010e0
010001000
000000004
210001044
000000003
0fffffb42
1000001ae
000000003
00000000c
00000000c
0000001de
000001000
0fffffffc
000000e00
010000000
000000000
000000000
000000e00
200000e00
000000030
000000008
210000000
000000030
1000001ca
000000000
000000000
000000e00
200000e00
000000030
000000004
210000000
000000030
1000001ca
000000000
000000000
000000e00
200000e00
000000030
000000000
210000000
000000030
1000001ca
000000003
000000003
000000e03
200000e03
000000033
0fffffffc
210000000
000000033
0000001ca
100000b4a
0000010a4
0fffffb4e
100000162
2000010a4
00000000a
000000176
010000000
0000010a5
210000000
00000000a
2000010a5
000000000
00000016c
100000b56
000001000
000001000
0fffffb5e
100000162
200001000
000000077
000000176
010000000
000001001
210000000
000000077
200001001
000000065
10000016c
000001002
210000000
000000065
200001002
000000069
10000016c
000001003
210000000
000000069
200001003
000000067
10000016c
000001004
210000000
000000067
200001004
000000068
10000016c
000001005
210000000
000000068
200001005
000000074
10000016c
000001006
210000000
000000074
200001006
00000005f
10000016c
000001007
210000000
00000005f
200001007
000000063
10000016c
000001008
210000000
000000063
200001008
000000066
10000016c
000001009
210000000
000000066
200001009
000000067
10000016c
00000100a
210000000
000000067
20000100a
00000005f
10000016c
00000100b
210000000
00000005f
20000100b
000000043
10000016c
00000100c
210000000
000000043
20000100c
00000005f
10000016c
00000100d
210000000
00000005f
20000100d
000000072
10000016c
00000100e
210000000
000000072
20000100e
000000065
10000016c
00000100f
210000000
000000065
20000100f
000000067
10000016c
000001010
210000000
000000067
200001010
00000003a
10000016c
000001011
210000000
00000003a
200001011
000000020
10000016c
000001012
210000000
000000020
200001012
000000020
10000016c
000001013
210000000
000000020
200001013
000000020
10000016c
000001014
210000000
000000020
200001014
000000020
10000016c
000001015
210000000
000000020
200001015
000000020
10000016c
000001016
210000000
000000020
200001016
000000000
00000016c
100000b66
2000010e0
010001000
000000004
210001048
000000008
0fffffb6e
1000001ae
000000003
00000000c
00000000c
0000001de
000001000
0fffffffc
000000e00
010000000
000000000
000000000
000000e00
200000e00
000000030
000000008
210000000
000000030
1000001ca
000000000
000000000
000000e00
200000e00
000000030
000000004
210000000
000000030
1000001ca
000000000
000000000
000000e00
200000e00
000000030
000000000
210000000
000000030
1000001ca
000000008
000000008
000000e08
200000e08
000000038
0fffffffc
210000000
000000038
0000001ca
100000b76
0000010a4
0fffffb7a
100000162
2000010a4
00000000a
000000176
010000000
0000010a5
210000000
00000000a
2000010a5
000000000
00000016c
100000b82
000001000
000001018
0fffffb8a
100000162
200001018
000000077
000000176
010000000
000001019
210000000
000000077
200001019
000000065
10000016c
00000101a
210000000
000000065
20000101a
000000069
10000016c
00000101b
210000000
000000069
20000101b
000000067
10000016c
00000101c
210000000
000000067
20000101c
000000068
10000016c
00000101d
210000000
000000068
20000101d
000000074
10000016c
00000101e
210000000
000000074
20000101e
00000005f
10000016c
00000101f
210000000
00000005f
20000101f
000000061
10000016c
000001020
210000000
000000061
200001020
000000064
10000016c
000001021
210000000
000000064
200001021
000000064
10000016c
000001022
210000000
000000064
200001022
000000072
10000016c
000001023
210000000
000000072
200001023
000000065
10000016c
000001024
210000000
000000065
200001024
000000073
10000016c
000001025
210000000
000000073
200001025
000000073
10000016c
000001026
210000000
000000073
200001026
00000005f
10000016c
000001027
210000000
00000005f
200001027
000000072
10000016c
000001028
210000000
000000072
200001028
000000065
10000016c
000001029
210000000
000000065
200001029
000000067
10000016c
00000102a
210000000
000000067
20000102a
00000003a
10000016c
00000102b
210000000
00000003a
20000102b
000000020
10000016c
00000102c
210000000
000000020
20000102c
000000020
10000016c
00000102d
210000000
000000020
20000102d
000000020
10000016c
00000102e
210000000
000000020
20000102e
000000000
00000016c
100000b92
2000010e0
010001000
000000008
21000104c
000040000
0fffffb9a
1000001ae
000000007
00000001c
00000001c
0000001de
000001000
0fffffffc
000000e00
010000000
000000000
000000000
000000e00
200000e00
000000030
000000018
210000000
000000030
1000001ca
000000000
000000000
000000e00
200000e00
000000030
000000014
210000000
000000030
1000001ca
000000000
000000000
000000e00
200000e00
000000030
000000010
210000000
000000030
1000001ca
000000004
000000004
000000e04
200000e04
000000034
00000000c
210000000
000000034
1000001ca
000000040
000000000
000000e00
200000e00
000000030
000000008
210000000
000000030
1000001ca
000000400
000000000
000000e00
200000e00
000000030
000000004
210000000
000000030
1000001ca
000004000
000000000
000000e00
200000e00
000000030
000000000
210000000
000000030
1000001ca
000040000
000000000
000000e00
200000e00
000000030
0fffffffc
210000000
000000030
0000001ca
100000ba2
0000010a4
0fffffba6
100000162
2000010a4
00000000a
000000176
010000000
0000010a5
210000000
00000000a
2000010a5
000000000
00000016c
100000bae
000001000
000001030
0fffffbb6
100000162
200001030
000000073
000000176
010000000
000001031
210000000
000000073
200001031
000000074
10000016c
000001032
210000000
000000074
200001032
000000061
10000016c
000001033
210000000
000000061
200001033
000000074
10000016c
000001034
210000000
000000074
200001034
000000075
10000016c
000001035
210000000
000000075
200001035
000000073
10000016c
000001036
210000000
000000073
200001036
00000005f
10000016c
000001037
210000000
00000005f
200001037
000000072
10000016c
000001038
210000000
000000072
200001038
000000065
10000016c
000001039
210000000
000000065
200001039
000000067
10000016c
00000103a
210000000
000000067
20000103a
00000003a
10000016c
00000103b
210000000
00000003a
20000103b
000000020
10000016c
00000103c
210000000
000000020
20000103c
000000020
10000016c
00000103d
210000000
000000020
20000103d
000000020
10000016c
00000103e
210000000
000000020
20000103e
000000020
10000016c
00000103f
210000000
000000020
20000103f
000000020
10000016c
000001040
210000000
000000020
200001040
000000020
10000016c
000001041
210000000
000000020
200001041
000000020
10000016c
000001042
210000000
000000020
200001042
000000020
10000016c
000001043
210000000
000000020
200001043
000000020
10000016c
000001044
210000000
000000020
200001044
000000020
10000016c
000001045
210000000
000000020
200001045
000000020
10000016c
000001046
210000000
000000020
200001046
000000000
00000016c
100000bbe
2000010e0
010001000
000000004
210001050
00000001c
0fffffbc6
1000001ae
000000003
00000000c
00000000c
0000001de
000001000
0fffffffc
000000e00
010000000
000000000
000000000
000000e00
200000e00
000000030
000000008
210000000
000000030
1000001ca
000000000
000000000
000000e00
200000e00
000000030
000000004
210000000
000000030
1000001ca
000000001
000000001
000000e01
200000e01
000000031
000000000
210000000
000000031
1000001ca
00000001c
00000000c
000000e0c
200000e0c
000000043
0fffffffc
210000000
000000043
0000001ca
100000bce
0000010a4
2000fffa8
000002000
2000fffac
000000d6e
2000fffa4
000000005
0000fffb0
0fffffbda
100000162
2000010a4
00000000a
000000176
010000000
0000010a5
210000000
00000000a
2000010a5
000000000
00000016c
100000d6e
000000006
000000008
100000c18
000001048
0fffffc1c
100000162
200001048
00000002d
000000176
010000000
000001049
210000000
00000002d
200001049
00000002d
10000016c
00000104a
210000000
00000002d
20000104a
00000002d
10000016c
00000104b
210000000
00000002d
20000104b
000000020
10000016c
00000104c
210000000
000000020
20000104c
000000053
10000016c
00000104d
210000000
000000053
20000104d
000000074
10000016c
00000104e
210000000
000000074
20000104e
000000061
10000016c
00000104f
210000000
000000061
20000104f
000000072
10000016c
000001050
210000000
000000072
200001050
000000074
10000016c
000001051
210000000
000000074
200001051
000000069
10000016c
000001052
210000000
000000069
200001052
00000006e
10000016c
000001053
210000000
00000006e
200001053
000000067
10000016c
000001054
210000000
000000067
200001054
000000020
10000016c
000001055
210000000
000000020
200001055
000000054
10000016c
000001056
210000000
000000054
200001056
000000065
10000016c
000001057
210000000
000000065
200001057
000000073
10000016c
000001058
210000000
000000073
200001058
000000074
10000016c
000001059
210000000
000000074
200001059
000000020
10000016c
00000105a
210000000
000000020
20000105a
000000000
00000016c
100000c24
000000006
0fffffc26
100000178
0000fffa0
0000fffa4
0000fffa4
00000000a
100000186
000000006
0000fffa5
000000000
2000fffa4
000000006
100000180
000000186
100000196
010000000
2000fffa4
000000006
0000fffa4
000000036
210000000
000000036
00000019a
0000fffb0
100000c2e
00000105c
0fffffc32
100000162
20000105c
000000020
000000176
010000000
00000105d
210000000
000000020
20000105d
00000002d
10000016c
00000105e
210000000
00000002d
20000105e
00000002d
10000016c
00000105f
210000000
00000002d
20000105f
00000002d
10000016c
000001060
210000000
00000002d
200001060
00000000a
10000016c
000001061
210000000
00000000a
200001061
000000000
00000016c
100000c3a
230000000
000000006
200002000
000000002
200002004
000000002
200002008
000000080
20000200c
000000009
200002010
000000002
000001064
0fffffc54
100000162
200001064
000000050
000000176
010000000
000001065
210000000
000000050
200001065
000000061
10000016c
000001066
210000000
000000061
200001066
000000072
10000016c
000001067
210000000
000000072
200001067
000000073
10000016c
000001068
210000000
000000073
200001068
000000065
10000016c
000001069
210000000
000000065
200001069
000000064
10000016c
00000106a
210000000
000000064
20000106a
000000020
10000016c
00000106b
210000000
000000020
20000106b
000000043
10000016c
00000106c
210000000
000000043
20000106c
00000006f
10000016c
00000106d
210000000
00000006f
20000106d
00000006e
10000016c
00000106e
210000000
00000006e
20000106e
000000066
10000016c
00000106f
210000000
000000066
20000106f
000000069
10000016c
000001070
210000000
000000069
200001070
000000067
10000016c
000001071
210000000
000000067
200001071
000000020
10000016c
000001072
210000000
000000020
200001072
00000002d
10000016c
000001073
210000000
00000002d
200001073
00000003e
10000016c
000001074
210000000
00000003e
200001074
000000020
10000016c
000001075
210000000
000000020
200001075
00000004e
10000016c
000001076
210000000
00000004e
200001076
00000003a
10000016c
000001077
210000000
00000003a
200001077
000000000
00000016c
100000c5c
000000002
0fffffc5e
100000178
0000fffa0
0000fffa4
0000fffa4
00000000a
100000186
000000002
0000fffa5
000000000
2000fffa4
000000002
100000180
000000186
100000196
010000000
2000fffa4
000000002
0000fffa4
000000032
210000000
000000032
00000019a
0000fffb0
100000c66
000001078
0fffffc6a
100000162
200001078
000000020
000000176
010000000
000001079
210000000
000000020
200001079
000000048
10000016c
00000107a
210000000
000000048
20000107a
00000003a
10000016c
00000107b
210000000
00000003a
20000107b
000000000
00000016c
100000c72
000000002
0fffffc74
100000178
0000fffa0
0000fffa4
0000fffa4
00000000a
100000186
000000002
0000fffa5
000000000
2000fffa4
000000002
100000180
000000186
100000196
010000000
2000fffa4
000000002
0000fffa4
000000032
210000000
000000032
00000019a
0000fffb0
100000c7c
000001000
00000107c
0fffffc84
100000162
20000107c
000000020
000000176
010000000
00000107d
210000000
000000020
20000107d
000000057
10000016c
00000107e
210000000
000000057
20000107e
00000003a
10000016c
00000107f
210000000
00000003a
20000107f
000000000
00000016c
100000c8c
000000080
0fffffc8e
100000178
0000fffa0
0000fffa4
0000fffa4
00000000a
100000186
000000008
0000fffa5
00000000c
2000fffa4
000000008
100000180
100000186
000000002
0000fffa6
000000001
2000fffa5
000000002
100000180
100000186
000000001
0000fffa7
000000000
2000fffa6
000000001
100000180
000000186
100000196
010000000
2000fffa6
000000001
0000fffa6
000000031
210000000
000000031
10000019a
2000fffa5
000000002
0000fffa5
000000032
210000000
000000032
10000019a
2000fffa4
000000008
0000fffa4
000000038
210000000
000000038
00000019a
0000fffb0
100000c96
000001000
000001080
0fffffc9e
100000162
200001080
000000020
000000176
010000000
000001081
210000000
000000020
200001081
000000043
10000016c
000001082
210000000
000000043
200001082
00000003a
10000016c
000001083
210000000
00000003a
200001083
000000000
00000016c
100000ca6
000000009
0fffffca8
100000178
0000fffa0
0000fffa4
0000fffa4
00000000a
100000186
000000009
0000fffa5
000000000
2000fffa4
000000009
100000180
000000186
100000196
010000000
2000fffa4
000000009
0000fffa4
000000039
210000000
000000039
00000019a
0000fffb0
100000cb0
000001000
0000010a4
0fffffcb8
100000162
2000010a4
00000000a
000000176
010000000
0000010a5
210000000
00000000a
2000010a5
000000000
00000016c
100000cc0
000001000
000001084
0fffffcc8
100000162
200001084
00000004c
000000176
010000000
000001085
210000000
00000004c
200001085
00000006f
10000016c
000001086
210000000
00000006f
200001086
000000061
10000016c
000001087
210000000
000000061
200001087
000000064
10000016c
000001088
210000000
000000064
200001088
000000069
10000016c
000001089
210000000
000000069
200001089
00000006e
10000016c
00000108a
210000000
00000006e
20000108a
000000067
10000016c
00000108b
210000000
000000067
20000108b
000000020
10000016c
00000108c
210000000
000000020
20000108c
000000074
10000016c
00000108d
210000000
000000074
20000108d
000000069
10000016c
00000108e
210000000
000000069
20000108e
00000006c
10000016c
00000108f
210000000
00000006c
20000108f
000000065
10000016c
000001090
210000000
000000065
200001090
000000021
10000016c
000001091
210000000
000000021
200001091
00000000a
10000016c
000001092
210000000
00000000a
200001092
000000000
00000016c
100000cd0
000000080
000080000
000000009
000000002
000000002
000000cdc
10000073e
000001000
2000010e0
010001000
210001014
000000002
210001018
000000002
21000101c
000000009
210001020
000080000
210001024
000000080
000000002
210001000
000000002
100000ce4
000000ce4
1000007ee
000001000
2000010e0
010001000
210001050
00000001c
000000007
000000001
100000cec
000000ce4
000001000
000001094
230000008
000000001
0fffffcfa
100000162
200001094
00000004c
000000176
010000000
000001095
210000000
00000004c
200001095
00000006f
10000016c
000001096
210000000
00000006f
200001096
000000061
10000016c
000001097
210000000
000000061
200001097
000000064
10000016c
000001098
210000000
000000064
200001098
000000069
10000016c
000001099
210000000
000000069
200001099
00000006e
10000016c
00000109a
210000000
00000006e
20000109a
000000067
10000016c
00000109b
210000000
000000067
20000109b
000000020
10000016c
00000109c
210000000
000000020
20000109c
000000077
10000016c
00000109d
210000000
000000077
20000109d
000000065
10000016c
00000109e
210000000
000000065
20000109e
000000069
10000016c
00000109f
210000000
000000069
20000109f
000000067
10000016c
0000010a0
210000000
000000067
2000010a0
000000068
10000016c
0000010a1
210000000
000000068
2000010a1
000000074
10000016c
0000010a2
210000000
000000074
2000010a2
000000073
10000016c
0000010a3
210000000
000000073
2000010a3
000000021
10000016c
0000010a4
210000000
000000021
2000010a4
00000000a
10000016c
0000010a5
210000000
00000000a
2000010a5
000000000
00000016c
100000d02
000040000
000000009
000000080
000000002
000000002
000000d0e
10000076e
000001000
2000010e0
010001000
21000103c
000000002
210001040
000000002
210001044
000000080
210001048
000000009
21000104c
000040000
000000004
210001000
000000004
100000d16
000000d16
10000080e
000001000
2000010e0
010001000
210001050
00000001c
000000001
000000001
100000d1e
000000d16
000001000
0000010a8
230000004
000000001
0fffffd2c
100000162
2000010a8
000000053
000000176
010000000
0000010a9
210000000
000000053
2000010a9
000000074
10000016c
0000010aa
210000000
000000074
2000010aa
00000006f
10000016c
0000010ab
210000000
00000006f
2000010ab
000000072
10000016c
0000010ac
210000000
000000072
2000010ac
000000069
10000016c
0000010ad
210000000
000000069
2000010ad
00000006e
10000016c
0000010ae
210000000
00000006e
2000010ae
000000067
10000016c
0000010af
210000000
000000067
2000010af
000000020
10000016c
0000010b0
210000000
000000020
2000010b0
000000074
10000016c
0000010b1
210000000
000000074
2000010b1
000000069
10000016c
0000010b2
210000000
000000069
2000010b2
00000006c
10000016c
0000010b3
210000000
00000006c
2000010b3
000000065
10000016c
0000010b4
210000000
000000065
2000010b4
000000021
10000016c
0000010b5
210000000
000000021
2000010b5
00000000a
10000016c
0000010b6
210000000
00000000a
2000010b6
000000000
00000016c
100000d34
000000080
0000c0000
000000009
000000002
000000002
000000d40
100000756
000001000
2000010e0
010001000
210001028
000000002
21000102c
000000002
210001030
000000009
210001034
0000c0000
210001038
000000080
000000003
210001000
000000003
100000d48
000000d48
1000007fe
000001000
2000010e0
010001000
210001050
00000001c
000000003
000000001
100000d50
000000d48
000001000
0000010b8
23000000c
000000001
0fffffd5e
100000162
2000010b8
000000052
000000176
010000000
0000010b9
210000000
000000052
2000010b9
000000065
10000016c
0000010ba
210000000
000000065
2000010ba
000000067
10000016c
0000010bb
210000000
000000067
2000010bb
000000020
10000016c
0000010bc
210000000
000000020
2000010bc
000000056
10000016c
0000010bd
210000000
000000056
2000010bd
000000061
10000016c
0000010be
210000000
000000061
2000010be
00000006c
10000016c
0000010bf
210000000
00000006c
2000010bf
000000073
10000016c
0000010c0
210000000
000000073
2000010c0
000000021
10000016c
0000010c1
210000000
000000021
2000010c1
00000000a
10000016c
0000010c2
210000000
00000000a
2000010c2
000000000
00000016c
100000d66
000000d66
10000082e
000001000
0000fffa0
000000e50
2000fffac
000000d6e
2000fffa8
000002000
2000fffa4
000000006
000001000
000000842
100000162
200000e50
000000063
000000176
010000000
000000e51
210000000
000000063
200000e51
00000006f
10000016c
000000e52
210000000
00000006f
200000e52
00000006d
10000016c
000000e53
210000000
00000006d
200000e53
00000006d
10000016c
000000e54
210000000
00000006d
200000e54
000000061
10000016c
000000e55
210000000
000000061
200000e55
00000006e
10000016c
000000e56
210000000
00000006e
200000e56
000000064
10000016c
000000e57
210000000
000000064
200000e57
00000005f
10000016c
000000e58
210000000
00000005f
200000e58
000000072
10000016c
000000e59
210000000
000000072
200000e59
000000065
10000016c
000000e5a
210000000
000000065
200000e5a
000000067
10000016c
000000e5b
210000000
000000067
200000e5b
00000003a
10000016c
000000e5c
210000000
00000003a
200000e5c
000000020
10000016c
000000e5d
210000000
000000020
200000e5d
000000020
10000016c
000000e5e
210000000
000000020
200000e5e
000000020
10000016c
000000e5f
210000000
000000020
200000e5f
000000020
10000016c
000000e60
210000000
000000020
200000e60
000000020
10000016c
000000e61
210000000
000000020
200000e61
000000020
10000016c
000000e62
210000000
000000020
200000e62
000000020
10000016c
000000e63
210000000
000000020
200000e63
000000020
10000016c
000000e64
210000000
000000020
200000e64
000000020
10000016c
000000e65
210000000
000000020
200000e65
000000020
10000016c
000000e66
210000000
000000020
200000e66
000000000
00000016c
10000084a
2000010e0
010001000
000000004
000001000
210001000
000000003
000000856
1000001ae
000000003
00000000c
00000000c
0000001de
000001000
0fffffffc
000000e00
010000000
000000000
000000000
000000e00
200000e00
000000030
000000008
210000000
000000030
1000001ca
000000000
000000000
000000e00
200000e00
000000030
000000004
210000000
000000030
1000001ca
000000000
000000000
000000e00
200000e00
000000030
000000000
210000000
000000030
1000001ca
000000003
000000003
000000e03
200000e03
000000033
0fffffffc
210000000
000000033
0000001ca
10000085e
0000010a4
000000862
100000162
2000010a4
00000000a
000000176
010000000
0000010a5
210000000
00000000a
2000010a5
000000000
00000016c
10000086a
000001000
000000e68
000000872
100000162
200000e68
000000063
000000176
010000000
000000e69
210000000
000000063
200000e69
00000006f
10000016c
000000e6a
210000000
00000006f
200000e6a
00000006d
10000016c
000000e6b
210000000
00000006d
200000e6b
000000070
10000016c
000000e6c
210000000
000000070
200000e6c
00000005f
10000016c
000000e6d
210000000
00000005f
200000e6d
000000063
10000016c
000000e6e
210000000
000000063
200000e6e
000000066
10000016c
000000e6f
210000000
000000066
200000e6f
000000067
10000016c
000000e70
210000000
000000067
200000e70
00000005f
10000016c
000000e71
210000000
00000005f
200000e71
000000072
10000016c
000000e72
210000000
000000072
200000e72
000000065
10000016c
000000e73
210000000
000000065
200000e73
000000067
10000016c
000000e74
210000000
000000067
200000e74
00000003a
10000016c
000000e75
210000000
00000003a
200000e75
000000020
10000016c
000000e76
210000000
000000020
200000e76
000000020
10000016c
000000e77
210000000
000000020
200000e77
000000020
10000016c
000000e78
210000000
000000020
200000e78
000000020
10000016c
000000e79
210000000
000000020
200000e79
000000020
10000016c
000000e7a
210000000
000000020
200000e7a
000000020
10000016c
000000e7b
210000000
000000020
200000e7b
000000020
10000016c
000000e7c
210000000
000000020
200000e7c
000000020
10000016c
000000e7d
210000000
000000020
200000e7d
000000020
10000016c
000000e7e
210000000
000000020
200000e7e
000000000
00000016c
10000087a
2000010e0
010001000
000000004
210001004
000000000
000000882
1000001ae
000000003
00000000c
00000000c
0000001de
000001000
0fffffffc
000000e00
010000000
000000000
000000000
000000e00
200000e00
000000030
000000008
210000000
000000030
1000001ca
000000000
000000000
000000e00
200000e00
000000030
000000004
210000000
000000030
1000001ca
000000000
000000000
000000e00
200000e00
000000030
000000000
210000000
000000030
1000001ca
000000000
000000000
000000e00
200000e00
000000030
0fffffffc
210000000
000000030
0000001ca
10000088a
0000010a4
00000088e
100000162
2000010a4
00000000a
000000176
010000000
0000010a5
210000000
00000000a
2000010a5
000000000
00000016c
100000896
000001000
000000e80
00000089e
100000162
200000e80
000000063
000000176
010000000
000000e81
210000000
000000063
200000e81
00000006f
10000016c
000000e82
210000000
00000006f
200000e82
00000006d
10000016c
000000e83
210000000
00000006d
200000e83
000000070
10000016c
000000e84
210000000
000000070
200000e84
00000005f
10000016c
000000e85
210000000
00000005f
200000e85
000000063
10000016c
000000e86
210000000
000000063
200000e86
000000066
10000016c
000000e87
210000000
000000066
200000e87
000000067
10000016c
000000e88
210000000
000000067
200000e88
00000005f
10000016c
000000e89
210000000
00000005f
200000e89
000000048
10000016c
000000e8a
210000000
000000048
200000e8a
00000005f
10000016c
000000e8b
210000000
00000005f
200000e8b
000000072
10000016c
000000e8c
210000000
000000072
200000e8c
000000065
10000016c
000000e8d
210000000
000000065
200000e8d
000000067
10000016c
000000e8e
210000000
000000067
200000e8e
00000003a
10000016c
000000e8f
210000000
00000003a
200000e8f
000000020
10000016c
000000e90
210000000
000000020
200000e90
000000020
10000016c
000000e91
210000000
000000020
200000e91
000000020
10000016c
000000e92
210000000
000000020
200000e92
000000020
10000016c
000000e93
210000000
000000020
200000e93
000000020
10000016c
000000e94
210000000
000000020
200000e94
000000020
10000016c
000000e95
210000000
000000020
200000e95
000000020
10000016c
000000e96
210000000
000000020
200000e96
000000000
00000016c
1000008a6
2000010e0
010001000
000000004
210001008
000000000
0000008ae
1000001ae
000000003
00000000c
00000000c
0000001de
000001000
0fffffffc
000000e00
010000000
000000000
000000000
000000e00
200000e00
000000030
000000008
210000000
000000030
1000001ca
000000000
000000000
000000e00
200000e00
000000030
000000004
210000000
000000030
1000001ca
000000000
000000000
000000e00
200000e00
000000030
000000000
210000000
000000030
1000001ca
000000000
000000000
000000e00
200000e00
000000030
0fffffffc
210000000
000000030
0000001ca
1000008b6
0000010a4
0000008ba
100000162
2000010a4
00000000a
000000176
010000000
0000010a5
210000000
00000000a
2000010a5
000000000
00000016c
1000008c2
000001000
000000e98
0000008ca
100000162
200000e98
000000063
000000176
010000000
000000e99
210000000
000000063
200000e99
00000006f
10000016c
000000e9a
210000000
00000006f
200000e9a
00000006d
10000016c
000000e9b
210000000
00000006d
200000e9b
000000070
10000016c
000000e9c
210000000
000000070
200000e9c
00000005f
10000016c
000000e9d
210000000
00000005f
200000e9d
000000063
10000016c
000000e9e
210000000
000000063
200000e9e
000000066
10000016c
000000e9f
210000000
000000066
200000e9f
000000067
10000016c
000000ea0
210000000
000000067
200000ea0
00000005f
10000016c
000000ea1
210000000
00000005f
200000ea1
000000057
10000016c
000000ea2
210000000
000000057
200000ea2
00000005f
10000016c
000000ea3
210000000
00000005f
200000ea3
000000072
10000016c
000000ea4
210000000
000000072
200000ea4
000000065
10000016c
000000ea5
210000000
000000065
200000ea5
000000067
10000016c
000000ea6
210000000
000000067
200000ea6
00000003a
10000016c
000000ea7
210000000
00000003a
200000ea7
000000020
10000016c
000000ea8
210000000
000000020
200000ea8
000000020
10000016c
000000ea9
210000000
000000020
200000ea9
000000020
10000016c
000000eaa
210000000
000000020
200000eaa
000000020
10000016c
000000eab
210000000
000000020
200000eab
000000020
10000016c
000000eac
210000000
000000020
200000eac
000000020
10000016c
000000ead
210000000
000000020
200000ead
000000020
10000016c
000000eae
210000000
000000020
200000eae
000000000
00000016c
1000008d2
2000010e0
010001000
000000004
21000100c
000000000
0000008da
1000001ae
000000003
00000000c
00000000c
0000001de
000001000
0fffffffc
000000e00
010000000
000000000
000000000
000000e00
200000e00
000000030
000000008
210000000
000000030
1000001ca
000000000
000000000
000000e00
200000e00
000000030
000000004
210000000
000000030
1000001ca
000000000
000000000
000000e00
200000e00
000000030
000000000
210000000
000000030
1000001ca
000000000
000000000
000000e00
200000e00
000000030
0fffffffc
210000000
000000030
0000001ca
1000008e2
0000010a4
0000008e6
100000162
2000010a4
00000000a
000000176
010000000
0000010a5
210000000
00000000a
2000010a5
000000000
00000016c
1000008ee
000001000
000000eb0
0000008f6
100000162
200000eb0
000000063
000000176
010000000
000000eb1
210000000
000000063
200000eb1
00000006f
10000016c
000000eb2
210000000
00000006f
200000eb2
00000006d
10000016c
000000eb3
210000000
00000006d
200000eb3
000000070
10000016c
000000eb4
210000000
000000070
200000eb4
00000005f
10000016c
000000eb5
210000000
00000005f
200000eb5
000000063
10000016c
000000eb6
210000000
000000063
200000eb6
000000066
10000016c
000000eb7
210000000
000000066
200000eb7
000000067
10000016c
000000eb8
210000000
000000067
200000eb8
00000005f
10000016c
000000eb9
210000000
00000005f
200000eb9
000000043
10000016c
000000eba
210000000
000000043
200000eba
00000005f
10000016c
000000ebb
210000000
00000005f
200000ebb
000000072
10000016c
000000ebc
210000000
000000072
200000ebc
000000065
10000016c
000000ebd
210000000
000000065
200000ebd
000000067
10000016c
000000ebe
210000000
000000067
200000ebe
00000003a
10000016c
000000ebf
210000000
00000003a
200000ebf
000000020
10000016c
000000ec0
210000000
000000020
200000ec0
000000020
10000016c
000000ec1
210000000
000000020
200000ec1
000000020
10000016c
000000ec2
210000000
000000020
200000ec2
000000020
10000016c
000000ec3
210000000
000000020
200000ec3
000000020
10000016c
000000ec4
210000000
000000020
200000ec4
000000020
10000016c
000000ec5
210000000
000000020
200000ec5
000000020
10000016c
000000ec6
210000000
000000020
200000ec6
000000000
00000016c
1000008fe
2000010e0
010001000
000000004
210001010
000000000
000000906
1000001ae
000000003
00000000c
00000000c
0000001de
000001000
0fffffffc
000000e00
010000000
000000000
000000000
000000e00
200000e00
000000030
000000008
210000000
000000030
1000001ca
000000000
000000000
000000e00
200000e00
000000030
000000004
210000000
000000030
1000001ca
000000000
000000000
000000e00
200000e00
000000030
000000000
210000000
000000030
1000001ca
000000000
000000000
000000e00
200000e00
000000030
0fffffffc
210000000
000000030
0000001ca
10000090e
0000010a4
000000912
100000162
2000010a4
00000000a
000000176
010000000
0000010a5
210000000
00000000a
2000010a5
000000000
00000016c
10000091a
000001000
000000ec8
000000922
100000162
200000ec8
000000069
000000176
010000000
000000ec9
210000000
000000069
200000ec9
00000006e
10000016c
000000eca
210000000
00000006e
200000eca
000000070
10000016c
000000ecb
210000000
000000070
200000ecb
000000075
10000016c
000000ecc
210000000
000000075
200000ecc
000000074
10000016c
000000ecd
210000000
000000074
200000ecd
00000005f
10000016c
000000ece
210000000
00000005f
200000ece
000000074
10000016c
000000ecf
210000000
000000074
200000ecf
000000069
10000016c
000000ed0
210000000
000000069
200000ed0
00000006c
10000016c
000000ed1
210000000
00000006c
200000ed1
000000065
10000016c
000000ed2
210000000
000000065
200000ed2
00000005f
10000016c
000000ed3
210000000
00000005f
200000ed3
000000063
10000016c
000000ed4
210000000
000000063
200000ed4
000000066
10000016c
000000ed5
210000000
000000066
200000ed5
000000067
10000016c
000000ed6
210000000
000000067
200000ed6
00000005f
10000016c
000000ed7
210000000
00000005f
200000ed7
000000048
10000016c
000000ed8
210000000
000000048
200000ed8
00000005f
10000016c
000000ed9
210000000
00000005f
200000ed9
000000072
10000016c
000000eda
210000000
000000072
200000eda
000000065
10000016c
000000edb
210000000
000000065
200000edb
000000067
10000016c
000000edc
210000000
000000067
200000edc
00000003a
10000016c
000000edd
210000000
00000003a
200000edd
000000020
10000016c
000000ede
210000000
000000020
200000ede
000000000
00000016c
10000092a
2000010e0
010001000
000000004
210001014
000000002
000000932
1000001ae
000000003
00000000c
00000000c
0000001de
000001000
0fffffffc
000000e00
010000000
000000000
000000000
000000e00
200000e00
000000030
000000008
210000000
000000030
1000001ca
000000000
000000000
000000e00
200000e00
000000030
000000004
210000000
000000030
1000001ca
000000000
000000000
000000e00
200000e00
000000030
000000000
210000000
000000030
1000001ca
000000002
000000002
000000e02
200000e02
000000032
0fffffffc
210000000
000000032
0000001ca
10000093a
0000010a4
00000093e
100000162
2000010a4
00000000a
000000176
010000000
0000010a5
210000000
00000000a
2000010a5
000000000
00000016c
100000946
000001000
000000ee0
00000094e
100000162
200000ee0
000000069
000000176
010000000
000000ee1
210000000
000000069
200000ee1
00000006e
10000016c
000000ee2
210000000
00000006e
200000ee2
000000070
10000016c
000000ee3
210000000
000000070
200000ee3
000000075
10000016c
000000ee4
210000000
000000075
200000ee4
000000074
10000016c
000000ee5
210000000
000000074
200000ee5
00000005f
10000016c
000000ee6
210000000
00000005f
200000ee6
000000074
10000016c
000000ee7
210000000
000000074
200000ee7
000000069
10000016c
000000ee8
210000000
000000069
200000ee8
00000006c
10000016c
000000ee9
210000000
00000006c
200000ee9
000000065
10000016c
000000eea
210000000
000000065
200000eea
00000005f
10000016c
000000eeb
210000000
00000005f
200000eeb
000000063
10000016c
000000eec
210000000
000000063
200000eec
000000066
10000016c
000000eed
210000000
000000066
200000eed
000000067
10000016c
000000eee
210000000
000000067
200000eee
00000005f
10000016c
000000eef
210000000
00000005f
200000eef
000000057
10000016c
000000ef0
210000000
000000057
200000ef0
00000005f
10000016c
000000ef1
210000000
00000005f
200000ef1
000000072
10000016c
000000ef2
210000000
000000072
200000ef2
000000065
10000016c
000000ef3
210000000
000000065
200000ef3
000000067
10000016c
000000ef4
210000000
000000067
200000ef4
00000003a
10000016c
000000ef5
210000000
00000003a
200000ef5
000000020
10000016c
000000ef6
210000000
000000020
200000ef6
000000000
00000016c
100000956
2000010e0
010001000
000000004
210001018
000000002
00000095e
1000001ae
000000003
00000000c
00000000c
0000001de
000001000
0fffffffc
000000e00
010000000
000000000
000000000
000000e00
200000e00
000000030
000000008
210000000
000000030
1000001ca
000000000
000000000
000000e00
200000e00
000000030
000000004
210000000
000000030
1000001ca
000000000
000000000
000000e00
200000e00
000000030
000000000
210000000
000000030
1000001ca
000000002
000000002
000000e02
200000e02
000000032
0fffffffc
210000000
000000032
0000001ca
100000966
0000010a4
0fffff96a
100000162
2000010a4
00000000a
000000176
010000000
0000010a5
210000000
00000000a
2000010a5
000000000
00000016c
100000972
000001000
000000ef8
0fffff97a
100000162
200000ef8
000000069
000000176
010000000
000000ef9
210000000
000000069
200000ef9
00000006e
10000016c
000000efa
210000000
00000006e
200000efa
000000070
10000016c
000000efb
210000000
000000070
200000efb
000000075
10000016c
000000efc
210000000
000000075
200000efc
000000074
10000016c
000000efd
210000000
000000074
200000efd
00000005f
10000016c
000000efe
210000000
00000005f
200000efe
000000074
10000016c
000000eff
210000000
000000074
200000eff
000000069
10000016c
000000f00
210000000
000000069
200000f00
00000006c
10000016c
000000f01
210000000
00000006c
200000f01
000000065
10000016c
000000f02
210000000
000000065
200000f02
00000005f
10000016c
000000f03
210000000
00000005f
200000f03
000000063
10000016c
000000f04
210000000
000000063
200000f04
000000066
10000016c
000000f05
210000000
000000066
200000f05
000000067
10000016c
000000f06
210000000
000000067
200000f06
00000005f
10000016c
000000f07
210000000
00000005f
200000f07
000000043
10000016c
000000f08
210000000
000000043
200000f08
00000005f
10000016c
000000f09
210000000
00000005f
200000f09
000000072
10000016c
000000f0a
210000000
000000072
200000f0a
000000065
10000016c
000000f0b
210000000
000000065
200000f0b
000000067
10000016c
000000f0c
210000000
000000067
200000f0c
00000003a
10000016c
000000f0d
210000000
00000003a
200000f0d
000000020
10000016c
000000f0e
210000000
000000020
200000f0e
000000000
00000016c
100000982
2000010e0
010001000
000000004
21000101c
000000009
00000098a
1000001ae
000000003
00000000c
00000000c
0000001de
000001000
0fffffffc
000000e00
010000000
000000000
000000000
000000e00
200000e00
000000030
000000008
210000000
000000030
1000001ca
000000000
000000000
000000e00
200000e00
000000030
000000004
210000000
000000030
1000001ca
000000000
000000000
000000e00
200000e00
000000030
000000000
210000000
000000030
1000001ca
000000009
000000009
000000e09
200000e09
000000039
0fffffffc
210000000
000000039
0000001ca
100000992
0000010a4
0fffff996
100000162
2000010a4
00000000a
000000176
010000000
0000010a5
210000000
00000000a
2000010a5
000000000
00000016c
10000099e
000001000
000000f10
0fffff9a6
100000162
200000f10
000000069
000000176
010000000
000000f11
210000000
000000069
200000f11
00000006e
10000016c
000000f12
210000000
00000006e
200000f12
000000070
10000016c
000000f13
210000000
000000070
200000f13
000000075
10000016c
000000f14
210000000
000000075
200000f14
000000074
10000016c
000000f15
210000000
000000074
200000f15
00000005f
10000016c
000000f16
210000000
00000005f
200000f16
000000074
10000016c
000000f17
210000000
000000074
200000f17
000000069
10000016c
000000f18
210000000
000000069
200000f18
00000006c
10000016c
000000f19
210000000
00000006c
200000f19
000000065
10000016c
000000f1a
210000000
000000065
200000f1a
00000005f
10000016c
000000f1b
210000000
00000005f
200000f1b
000000061
10000016c
000000f1c
210000000
000000061
200000f1c
000000064
10000016c
000000f1d
210000000
000000064
200000f1d
000000064
10000016c
000000f1e
210000000
000000064
200000f1e
000000072
10000016c
000000f1f
210000000
000000072
200000f1f
00000005f
10000016c
000000f20
210000000
00000005f
200000f20
000000072
10000016c
000000f21
210000000
000000072
200000f21
000000065
10000016c
000000f22
210000000
000000065
200000f22
000000067
10000016c
000000f23
210000000
000000067
200000f23
00000003a
10000016c
000000f24
210000000
00000003a
200000f24
000000020
10000016c
000000f25
210000000
000000020
200000f25
000000020
10000016c
000000f26
210000000
000000020
200000f26
000000000
00000016c
1000009ae
2000010e0
010001000
000000008
210001020
000080000
0fffff9b6
1000001ae
000000007
00000001c
00000001c
0000001de
000001000
0fffffffc
000000e00
010000000
000000000
000000000
000000e00
200000e00
000000030
000000018
210000000
000000030
1000001ca
000000000
000000000
000000e00
200000e00
000000030
000000014
210000000
000000030
1000001ca
000000000
000000000
000000e00
200000e00
000000030
000000010
210000000
000000030
1000001ca
000000008
000000008
000000e08
200000e08
000000038
00000000c
210000000
000000038
1000001ca
000000080
000000000
000000e00
200000e00
000000030
000000008
210000000
000000030
1000001ca
000000800
000000000
000000e00
200000e00
000000030
000000004
210000000
000000030
1000001ca
000008000
000000000
000000e00
200000e00
000000030
000000000
210000000
000000030
1000001ca
000080000
000000000
000000e00
200000e00
000000030
0fffffffc
210000000
000000030
0000001ca
1000009be
0000010a4
0fffff9c2
100000162
2000010a4
00000000a
000000176
010000000
0000010a5
210000000
00000000a
2000010a5
000000000
00000016c
1000009ca
000001000
000000f28
0fffff9d2
100000162
200000f28
000000069
000000176
010000000
000000f29
210000000
000000069
200000f29
00000006e
10000016c
000000f2a
210000000
00000006e
200000f2a
000000070
10000016c
000000f2b
210000000
000000070
200000f2b
000000075
10000016c
000000f2c
210000000
000000075
200000f2c
000000074
10000016c
000000f2d
210000000
000000074
200000f2d
00000005f
10000016c
000000f2e
210000000
00000005f
200000f2e
000000074
10000016c
000000f2f
210000000
000000074
200000f2f
000000069
10000016c
000000f30
210000000
000000069
200000f30
00000006c
10000016c
000000f31
210000000
00000006c
200000f31
000000065
10000016c
000000f32
210000000
000000065
200000f32
00000005f
10000016c
000000f33
210000000
00000005f
200000f33
00000006d
10000016c
000000f34
210000000
00000006d
200000f34
000000061
10000016c
000000f35
210000000
000000061
200000f35
000000074
10000016c
000000f36
210000000
000000074
200000f36
00000005f
10000016c
000000f37
210000000
00000005f
200000f37
000000057
10000016c
000000f38
210000000
000000057
200000f38
00000005f
10000016c
000000f39
210000000
00000005f
200000f39
000000072
10000016c
000000f3a
210000000
000000072
200000f3a
000000065
10000016c
000000f3b
210000000
000000065
200000f3b
000000067
10000016c
000000f3c
210000000
000000067
200000f3c
00000003a
10000016c
000000f3d
210000000
00000003a
200000f3d
000000020
10000016c
000000f3e
210000000
000000020
200000f3e
000000000
00000016c
1000009da
2000010e0
010001000
000000004
210001024
000000080
0fffff9e2
1000001ae
000000003
00000000c
00000000c
0000001de
000001000
0fffffffc
000000e00
010000000
000000000
000000000
000000e00
200000e00
000000030
000000008
210000000
000000030
1000001ca
000000000
000000000
000000e00
200000e00
000000030
000000004
210000000
000000030
1000001ca
000000008
000000008
000000e08
200000e08
000000038
000000000
210000000
000000038
1000001ca
000000080
000000000
000000e00
200000e00
000000030
0fffffffc
210000000
000000030
0000001ca
1000009ea
0000010a4
0fffff9ee
100000162
2000010a4
00000000a
000000176
010000000
0000010a5
210000000
00000000a
2000010a5
000000000
00000016c
1000009f6
000001000
000000f40
0fffff9fe
100000162
200000f40
00000006f
000000176
010000000
000000f41
210000000
00000006f
200000f41
000000075
10000016c
000000f42
210000000
000000075
200000f42
000000074
10000016c
000000f43
210000000
000000074
200000f43
000000070
10000016c
000000f44
210000000
000000070
200000f44
000000075
10000016c
000000f45
210000000
000000075
200000f45
000000074
10000016c
000000f46
210000000
000000074
200000f46
00000005f
10000016c
000000f47
210000000
00000005f
200000f47
000000074
10000016c
000000f48
210000000
000000074
200000f48
000000069
10000016c
000000f49
210000000
000000069
200000f49
00000006c
10000016c
000000f4a
210000000
00000006c
200000f4a
000000065
10000016c
000000f4b
210000000
000000065
200000f4b
00000005f
10000016c
000000f4c
210000000
00000005f
200000f4c
000000063
10000016c
000000f4d
210000000
000000063
200000f4d
000000066
10000016c
000000f4e
210000000
000000066
200000f4e
000000067
10000016c
000000f4f
210000000
000000067
200000f4f
00000005f
10000016c
000000f50
210000000
00000005f
200000f50
000000048
10000016c
000000f51
210000000
000000048
200000f51
00000005f
10000016c
000000f52
210000000
00000005f
200000f52
000000072
10000016c
000000f53
210000000
000000072
200000f53
000000065
10000016c
000000f54
210000000
000000065
200000f54
000000067
10000016c
000000f55
210000000
000000067
200000f55
00000003a
10000016c
000000f56
210000000
00000003a
200000f56
000000000
00000016c
100000a06
2000010e0
010001000
000000004
210001028
000000002
0fffffa0e
1000001ae
000000003
00000000c
00000000c
0000001de
000001000
0fffffffc
000000e00
010000000
000000000
000000000
000000e00
200000e00
000000030
000000008
210000000
000000030
1000001ca
000000000
000000000
000000e00
200000e00
000000030
000000004
210000000
000000030
1000001ca
000000000
000000000
000000e00
200000e00
000000030
000000000
210000000
000000030
1000001ca
000000002
000000002
000000e02
200000e02
000000032
0fffffffc
210000000
000000032
0000001ca
100000a16
0000010a4
0fffffa1a
100000162
2000010a4
00000000a
000000176
010000000
0000010a5
210000000
00000000a
2000010a5
000000000
00000016c
100000a22
000001000
000000f58
0fffffa2a
100000162
200000f58
00000006f
000000176
010000000
000000f59
210000000
00000006f
200000f59
000000075
10000016c
000000f5a
210000000
000000075
200000f5a
000000074
10000016c
000000f5b
210000000
000000074
200000f5b
000000070
10000016c
000000f5c
210000000
000000070
200000f5c
000000075
10000016c
000000f5d
210000000
000000075
200000f5d
000000074
10000016c
000000f5e
210000000
000000074
200000f5e
00000005f
10000016c
000000f5f
210000000
00000005f
200000f5f
000000074
10000016c
000000f60
210000000
000000074
200000f60
000000069
10000016c
000000f61
210000000
000000069
200000f61
00000006c
10000016c
000000f62
210000000
00000006c
200000f62
000000065
10000016c
000000f63
210000000
000000065
200000f63
00000005f
10000016c
000000f64
210000000
00000005f
200000f64
000000063
10000016c
000000f65
210000000
000000063
200000f65
000000066
10000016c
000000f66
210000000
000000066
200000f66
000000067
10000016c
000000f67
210000000
000000067
200000f67
00000005f
10000016c
000000f68
210000000
00000005f
200000f68
000000057
10000016c
000000f69
210000000
000000057
200000f69
00000005f
10000016c
000000f6a
210000000
00000005f
200000f6a
000000072
10000016c
000000f6b
210000000
000000072
200000f6b
000000065
10000016c
000000f6c
210000000
000000065
200000f6c
000000067
10000016c
000000f6d
210000000
000000067
200000f6d
00000003a
10000016c
000000f6e
210000000
00000003a
200000f6e
000000000
00000016c
100000a32
2000010e0
010001000
000000004
21000102c
000000002
0fffffa3a
1000001ae
000000003
00000000c
00000000c
0000001de
000001000
0fffffffc
000000e00
010000000
000000000
000000000
000000e00
200000e00
000000030
000000008
210000000
000000030
1000001ca
000000000
000000000
000000e00
200000e00
000000030
000000004
210000000
000000030
1000001ca
000000000
000000000
000000e00
200000e00
000000030
000000000
210000000
000000030
1000001ca
000000002
000000002
000000e02
200000e02
000000032
0fffffffc
210000000
000000032
0000001ca
100000a42
0000010a4
0fffffa46
100000162
2000010a4
00000000a
000000176
010000000
0000010a5
210000000
00000000a
2000010a5
000000000
00000016c
100000a4e
000001000
000000f70
0fffffa56
100000162
200000f70
00000006f
000000176
010000000
000000f71
210000000
00000006f
200000f71
000000075
10000016c
000000f72
210000000
000000075
200000f72
000000074
10000016c
000000f73
210000000
000000074
200000f73
000000070
10000016c
000000f74
210000000
000000070
200000f74
000000075
10000016c
000000f75
210000000
000000075
200000f75
000000074
10000016c
000000f76
210000000
000000074
200000f76
00000005f
10000016c
000000f77
210000000
00000005f
200000f77
000000074
10000016c
000000f78
210000000
000000074
200000f78
000000069
10000016c
000000f79
210000000
000000069
200000f79
00000006c
10000016c
000000f7a
210000000
00000006c
200000f7a
000000065
10000016c
000000f7b
210000000
000000065
200000f7b
00000005f
10000016c
000000f7c
210000000
00000005f
200000f7c
000000063
10000016c
000000f7d
210000000
000000063
200000f7d
000000066
10000016c
000000f7e
210000000
000000066
200000f7e
000000067
10000016c
000000f7f
210000000
000000067
200000f7f
00000005f
10000016c
000000f80
210000000
00000005f
200000f80
000000043
10000016c
000000f81
210000000
000000043
200000f81
00000005f
10000016c
000000f82
210000000
00000005f
200000f82
000000072
10000016c
000000f83
210000000
000000072
200000f83
000000065
10000016c
000000f84
210000000
000000065
200000f84
000000067
10000016c
000000f85
210000000
000000067
200000f85
00000003a
10000016c
000000f86
210000000
00000003a
200000f86
000000000
00000016c
100000a5e
2000010e0
010001000
000000004
210001030
000000009
0fffffa66
1000001ae
000000003
00000000c
00000000c
0000001de
000001000
0fffffffc
000000e00
010000000
000000000
000000000
000000e00
200000e00
000000030
000000008
210000000
000000030
1000001ca
000000000
000000000
000000e00
200000e00
000000030
000000004
210000000
000000030
1000001ca
000000000
000000000
000000e00
200000e00
000000030
000000000
210000000
000000030
1000001ca
000000009
000000009
000000e09
200000e09
000000039
0fffffffc
210000000
000000039
0000001ca
100000a6e
0000010a4
0fffffa72
100000162
2000010a4
00000000a
000000176
010000000
0000010a5
210000000
00000000a
2000010a5
000000000
00000016c
100000a7a
000001000
000000f88
0fffffa82
100000162
200000f88
00000006f
000000176
010000000
000000f89
210000000
00000006f
200000f89
000000075
10000016c
000000f8a
210000000
000000075
200000f8a
000000074
10000016c
000000f8b
210000000
000000074
200000f8b
000000070
10000016c
000000f8c
210000000
000000070
200000f8c
000000075
10000016c
000000f8d
210000000
000000075
200000f8d
000000074
10000016c
000000f8e
210000000
000000074
200000f8e
00000005f
10000016c
000000f8f
210000000
00000005f
200000f8f
000000074
10000016c
000000f90
210000000
000000074
200000f90
000000069
10000016c
000000f91
210000000
000000069
200000f91
00000006c
10000016c
000000f92
210000000
00000006c
200000f92
000000065
10000016c
000000f93
210000000
000000065
200000f93
00000005f
10000016c
000000f94
210000000
00000005f
200000f94
000000061
10000016c
000000f95
210000000
000000061
200000f95
000000064
10000016c
000000f96
210000000
000000064
200000f96
000000064
10000016c
000000f97
210000000
000000064
200000f97
000000072
10000016c
000000f98
210000000
000000072
200000f98
00000005f
10000016c
000000f99
210000000
00000005f
200000f99
000000072
10000016c
000000f9a
210000000
000000072
200000f9a
000000065
10000016c
000000f9b
210000000
000000065
200000f9b
000000067
10000016c
000000f9c
210000000
000000067
200000f9c
00000003a
10000016c
000000f9d
210000000
00000003a
200000f9d
000000020
10000016c
000000f9e
210000000
000000020
200000f9e
000000000
00000016c
100000a8a
2000010e0
010001000
000000008
210001034
0000c0000
0fffffa92
1000001ae
000000007
00000001c
00000001c
0000001de
000001000
0fffffffc
000000e00
010000000
000000000
000000000
000000e00
200000e00
000000030
000000018
210000000
000000030
1000001ca
000000000
000000000
000000e00
200000e00
000000030
000000014
210000000
000000030
1000001ca
000000000
000000000
000000e00
200000e00
000000030
000000010
210000000
000000030
1000001ca
00000000c
00000000c
000000e0c
200000e0c
000000043
00000000c
210000000
000000043
1000001ca
0000000c0
000000000
000000e00
200000e00
000000030
000000008
210000000
000000030
1000001ca
000000c00
000000000
000000e00
200000e00
000000030
000000004
210000000
000000030
1000001ca
00000c000
000000000
000000e00
200000e00
000000030
000000000
210000000
000000030
1000001ca
0000c0000
000000000
000000e00
200000e00
000000030
0fffffffc
210000000
000000030
0000001ca
100000a9a
0000010a4
0fffffa9e
100000162
2000010a4
00000000a
000000176
010000000
0000010a5
210000000
00000000a
2000010a5
000000000
00000016c
100000aa6
000001000
000000fa0
0fffffaae
100000162
200000fa0
00000006f
000000176
010000000
000000fa1
210000000
00000006f
200000fa1
000000075
10000016c
000000fa2
210000000
000000075
200000fa2
000000074
10000016c
000000fa3
210000000
000000074
200000fa3
000000070
10000016c
000000fa4
210000000
000000070
200000fa4
000000075
10000016c
000000fa5
210000000
000000075
200000fa5
000000074
10000016c
000000fa6
210000000
000000074
200000fa6
00000005f
10000016c
000000fa7
210000000
00000005f
200000fa7
000000074
10000016c
000000fa8
210000000
000000074
200000fa8
000000069
10000016c
000000fa9
210000000
000000069
200000fa9
00000006c
10000016c
000000faa
210000000
00000006c
200000faa
000000065
10000016c
000000fab
210000000
000000065
200000fab
00000005f
10000016c
000000fac
210000000
00000005f
200000fac
00000006d
10000016c
000000fad
210000000
00000006d
200000fad
000000061
10000016c
000000fae
210000000
000000061
200000fae
000000074
10000016c
000000faf
210000000
000000074
200000faf
00000005f
10000016c
000000fb0
210000000
00000005f
200000fb0
000000057
10000016c
000000fb1
210000000
000000057
200000fb1
00000005f
10000016c
000000fb2
210000000
00000005f
200000fb2
000000072
10000016c
000000fb3
210000000
000000072
200000fb3
000000065
10000016c
000000fb4
210000000
000000065
200000fb4
000000067
10000016c
000000fb5
210000000
000000067
200000fb5
00000003a
10000016c
000000fb6
210000000
00000003a
200000fb6
000000000
00000016c
100000ab6
2000010e0
010001000
000000004
210001038
000000080
0fffffabe
1000001ae
000000003
00000000c
00000000c
0000001de
000001000
0fffffffc
000000e00
010000000
000000000
000000000
000000e00
200000e00
000000030
000000008
210000000
000000030
1000001ca
000000000
000000000
000000e00
200000e00
000000030
000000004
210000000
000000030
1000001ca
000000008
000000008
000000e08
200000e08
000000038
000000000
210000000
000000038
1000001ca
000000080
000000000
000000e00
200000e00
000000030
0fffffffc
210000000
000000030
0000001ca
100000ac6
0000010a4
0fffffaca
100000162
2000010a4
00000000a
000000176
010000000
0000010a5
210000000
00000000a
2000010a5
000000000
00000016c
100000ad2
000001000
000000fb8
0fffffada
100000162
200000fb8
000000077
000000176
010000000
000000fb9
210000000
000000077
200000fb9
000000065
10000016c
000000fba
210000000
000000065
200000fba
000000069
10000016c
000000fbb
210000000
000000069
200000fbb
000000067
10000016c
000000fbc
210000000
000000067
200000fbc
000000068
10000016c
000000fbd
210000000
000000068
200000fbd
000000074
10000016c
000000fbe
210000000
000000074
200000fbe
00000005f
10000016c
000000fbf
210000000
00000005f
200000fbf
000000063
10000016c
000000fc0
210000000
000000063
200000fc0
000000066
10000016c
000000fc1
210000000
000000066
200000fc1
000000067
10000016c
000000fc2
210000000
000000067
200000fc2
00000005f
10000016c
000000fc3
210000000
00000005f
200000fc3
00000004e
10000016c
000000fc4
210000000
00000004e
200000fc4
00000005f
10000016c
000000fc5
210000000
00000005f
200000fc5
000000072
10000016c
000000fc6
210000000
000000072
200000fc6
000000065
10000016c
000000fc7
210000000
000000065
200000fc7
000000067
10000016c
000000fc8
210000000
000000067
200000fc8
00000003a
10000016c
000000fc9
210000000
00000003a
200000fc9
000000020
10000016c
000000fca
210000000
000000020
200000fca
000000020
10000016c
000000fcb
210000000
000000020
200000fcb
000000020
10000016c
000000fcc
210000000
000000020
200000fcc
000000020
10000016c
000000fcd
210000000
000000020
200000fcd
000000020
10000016c
000000fce
210000000
000000020
200000fce
000000000
00000016c
100000ae2
2000010e0
010001000
000000004
21000103c
000000002
0fffffaea
1000001ae
000000003
00000000c
00000000c
0000001de
000001000
0fffffffc
000000e00
010000000
000000000
000000000
000000e00
200000e00
000000030
000000008
210000000
000000030
1000001ca
000000000
000000000
000000e00
200000e00
000000030
000000004
210000000
000000030
1000001ca
000000000
000000000
000000e00
200000e00
000000030
000000000
210000000
000000030
1000001ca
000000002
000000002
000000e02
200000e02
000000032
0fffffffc
210000000
000000032
0000001ca
100000af2
0000010a4
0fffffaf6
100000162
2000010a4
00000000a
000000176
010000000
0000010a5
210000000
00000000a
2000010a5
000000000
00000016c
100000afe
000001000
000000fd0
0fffffb06
100000162
200000fd0
000000077
000000176
010000000
000000fd1
210000000
000000077
200000fd1
000000065
10000016c
000000fd2
210000000
000000065
200000fd2
000000069
10000016c
000000fd3
210000000
000000069
200000fd3
000000067
10000016c
000000fd4
210000000
000000067
200000fd4
000000068
10000016c
000000fd5
210000000
000000068
200000fd5
000000074
10000016c
000000fd6
210000000
000000074
200000fd6
00000005f
10000016c
000000fd7
210000000
00000005f
200000fd7
000000063
10000016c
000000fd8
210000000
000000063
200000fd8
000000066
10000016c
000000fd9
210000000
000000066
200000fd9
000000067
10000016c
000000fda
210000000
000000067
200000fda
00000005f
10000016c
000000fdb
210000000
00000005f
200000fdb
000000048
10000016c
000000fdc
210000000
000000048
200000fdc
00000005f
10000016c
000000fdd
210000000
00000005f
200000fdd
000000072
10000016c
000000fde
210000000
000000072
200000fde
000000065
10000016c
000000fdf
210000000
000000065
200000fdf
000000067
10000016c
000000fe0
210000000
000000067
200000fe0
00000003a
10000016c
000000fe1
210000000
00000003a
200000fe1
000000020
10000016c
000000fe2
210000000
000000020
200000fe2
000000020
10000016c
000000fe3
210000000
000000020
200000fe3
000000020
10000016c
000000fe4
210000000
000000020
200000fe4
000000020
10000016c
000000fe5
210000000
000000020
200000fe5
000000020
10000016c
000000fe6
210000000
000000020
200000fe6
000000000
00000016c
100000b0e
2000010e0
010001000
000000004
210001040
000000002
0fffffb16
1000001ae
000000003
00000000c
00000000c
0000001de
000001000
0fffffffc
000000e00
010000000
000000000
000000000
000000e00
200000e00
000000030
000000008
210000000
000000030
1000001ca
000000000
000000000
000000e00
200000e00
000000030
000000004
210000000
000000030
1000001ca
000000000
000000000
000000e00
200000e00
000000030
000000000
210000000
000000030
1000001ca
000000002
000000002
000000e02
200000e02
000000032
0fffffffc
210000000
000000032
0000001ca
100000b1e
0000010a4
0fffffb22
100000162
2000010a4
00000000a
000000176
010000000
0000010a5
210000000
00000000a
2000010a5
000000000
00000016c
100000b2a
000001000
000000fe8
0fffffb32
100000162
200000fe8
000000077
000000176
010000000
000000fe9
210000000
000000077
200000fe9
000000065
10000016c
000000fea
210000000
000000065
200000fea
000000069
10000016c
000000feb
210000000
000000069
200000feb
000000067
10000016c
000000fec
210000000
000000067
200000fec
000000068
10000016c
000000fed
210000000
000000068
200000fed
000000074
10000016c
000000fee
210000000
000000074
200000fee
00000005f
10000016c
000000fef
210000000
00000005f
200000fef
000000063
10000016c
000000ff0
210000000
000000063
200000ff0
000000066
10000016c
000000ff1
210000000
000000066
200000ff1
000000067
10000016c
000000ff2
210000000
000000067
200000ff2
00000005f
10000016c
000000ff3
210000000
00000005f
200000ff3
000000057
10000016c
000000ff4
210000000
000000057
200000ff4
00000005f
10000016c
000000ff5
210000000
00000005f
200000ff5
000000072
10000016c
000000ff6
210000000
000000072
200000ff6
000000065
10000016c
000000ff7
210000000
000000065
200000ff7
000000067
10000016c
000000ff8
210000000
000000067
200000ff8
00000003a
10000016c
000000ff9
210000000
00000003a
200000ff9
000000020
10000016c
000000ffa
210000000
000000020
200000ffa
000000020
10000016c
000000ffb
210000000
000000020
200000ffb
000000020
10000016c
000000ffc
210000000
000000020
200000ffc
000000020
10000016c
000000ffd
210000000
000000020
200000ffd
000000020
10000016c
000000ffe
210000000
000000020
200000ffe
000000000
00000016c
100000b3a
2000010e0
010001000
000000004
210001044
000000080
0fffffb42
1000001ae
000000003
00000000c
00000000c
0000001de
000001000
0fffffffc
000000e00
010000000
000000000
000000000
000000e00
200000e00
000000030
000000008
210000000
000000030
1000001ca
000000000
000000000
000000e00
200000e00
000000030
000000004
210000000
000000030
1000001ca
000000008
000000008
000000e08
200000e08
000000038
000000000
210000000
000000038
1000001ca
000000080
000000000
000000e00
200000e00
000000030
0fffffffc
210000000
000000030
0000001ca
100000b4a
0000010a4
0fffffb4e
100000162
2000010a4
00000000a
000000176
010000000
0000010a5
210000000
00000000a
2000010a5
000000000
00000016c
100000b56
000001000
000001000
0fffffb5e
100000162
200001000
000000077
000000176
010000000
000001001
210000000
000000077
200001001
000000065
10000016c
000001002
210000000
000000065
200001002
000000069
10000016c
000001003
210000000
000000069
200001003
000000067
10000016c
000001004
210000000
000000067
200001004
000000068
10000016c
000001005
210000000
000000068
200001005
000000074
10000016c
000001006
210000000
000000074
200001006
00000005f
10000016c
000001007
210000000
00000005f
200001007
000000063
10000016c
000001008
210000000
000000063
200001008
000000066
10000016c
000001009
210000000
000000066
200001009
000000067
10000016c
00000100a
210000000
000000067
20000100a
00000005f
10000016c
00000100b
210000000
00000005f
20000100b
000000043
10000016c
00000100c
210000000
000000043
20000100c
00000005f
10000016c
00000100d
210000000
00000005f
20000100d
000000072
10000016c
00000100e
210000000
000000072
20000100e
000000065
10000016c
00000100f
210000000
000000065
20000100f
000000067
10000016c
000001010
210000000
000000067
200001010
00000003a
10000016c
000001011
210000000
00000003a
200001011
000000020
10000016c
000001012
210000000
000000020
200001012
000000020
10000016c
000001013
210000000
000000020
200001013
000000020
10000016c
000001014
210000000
000000020
200001014
000000020
10000016c
000001015
210000000
000000020
200001015
000000020
10000016c
000001016
210000000
000000020
200001016
000000000
00000016c
100000b66
2000010e0
010001000
000000004
210001048
000000009
0fffffb6e
1000001ae
000000003
00000000c
00000000c
0000001de
000001000
0fffffffc
000000e00
010000000
000000000
000000000
000000e00
200000e00
000000030
000000008
210000000
000000030
1000001ca
000000000
000000000
000000e00
200000e00
000000030
000000004
210000000
000000030
1000001ca
000000000
000000000
000000e00
200000e00
000000030
000000000
210000000
000000030
1000001ca
000000009
000000009
000000e09
200000e09
000000039
0fffffffc
210000000
000000039
0000001ca
100000b76
0000010a4
0fffffb7a
100000162
2000010a4
00000000a
000000176
010000000
0000010a5
210000000
00000000a
2000010a5
000000000
00000016c
100000b82
000001000
000001018
0fffffb8a
100000162
200001018
000000077
000000176
010000000
000001019
210000000
000000077
200001019
000000065
10000016c
00000101a
210000000
000000065
20000101a
000000069
10000016c
00000101b
210000000
000000069
20000101b
000000067
10000016c
00000101c
210000000
000000067
20000101c
000000068
10000016c
00000101d
210000000
000000068
20000101d
000000074
10000016c
00000101e
210000000
000000074
20000101e
00000005f
10000016c
00000101f
210000000
00000005f
20000101f
000000061
10000016c
000001020
210000000
000000061
200001020
000000064
10000016c
000001021
210000000
000000064
200001021
000000064
10000016c
000001022
210000000
000000064
200001022
000000072
10000016c
000001023
210000000
000000072
200001023
000000065
10000016c
000001024
210000000
000000065
200001024
000000073
10000016c
000001025
210000000
000000073
200001025
000000073
10000016c
000001026
210000000
000000073
200001026
00000005f
10000016c
000001027
210000000
00000005f
200001027
000000072
10000016c
000001028
210000000
000000072
200001028
000000065
10000016c
000001029
210000000
000000065
200001029
000000067
10000016c
00000102a
210000000
000000067
20000102a
00000003a
10000016c
00000102b
210000000
00000003a
20000102b
000000020
10000016c
00000102c
210000000
000000020
20000102c
000000020
10000016c
00000102d
210000000
000000020
20000102d
000000020
10000016c
00000102e
210000000
000000020
20000102e
000000000
00000016c
100000b92
2000010e0
010001000
000000008
21000104c
000040000
0fffffb9a
1000001ae
000000007
00000001c
00000001c
0000001de
000001000
0fffffffc
000000e00
010000000
000000000
000000000
000000e00
200000e00
000000030
000000018
210000000
000000030
1000001ca
000000000
000000000
000000e00
200000e00
000000030
000000014
210000000
000000030
1000001ca
000000000
000000000
000000e00
200000e00
000000030
000000010
210000000
000000030
1000001ca
000000004
000000004
000000e04
200000e04
000000034
00000000c
210000000
000000034
1000001ca
000000040
000000000
000000e00
200000e00
000000030
000000008
210000000
000000030
1000001ca
000000400
000000000
000000e00
200000e00
000000030
000000004
210000000
000000030
1000001ca
000004000
000000000
000000e00
200000e00
000000030
000000000
210000000
000000030
1000001ca
000040000
000000000
000000e00
200000e00
000000030
0fffffffc
210000000
000000030
0000001ca
100000ba2
0000010a4
0fffffba6
100000162
2000010a4
00000000a
000000176
010000000
0000010a5
210000000
00000000a
2000010a5
000000000
00000016c
100000bae
000001000
000001030
0fffffbb6
100000162
200001030
000000073
000000176
010000000
000001031
210000000
000000073
200001031
000000074
10000016c
000001032
210000000
000000074
200001032
000000061
10000016c
000001033
210000000
000000061
200001033
000000074
10000016c
000001034
210000000
000000074
200001034
000000075
10000016c
000001035
210000000
000000075
200001035
000000073
10000016c
000001036
210000000
000000073
200001036
00000005f
10000016c
000001037
210000000
00000005f
200001037
000000072
10000016c
000001038
210000000
000000072
200001038
000000065
10000016c
000001039
210000000
000000065
200001039
000000067
10000016c
00000103a
210000000
000000067
20000103a
00000003a
10000016c
00000103b
210000000
00000003a
20000103b
000000020
10000016c
00000103c
210000000
000000020
20000103c
000000020
10000016c
00000103d
210000000
000000020
20000103d
000000020
10000016c
00000103e
210000000
000000020
20000103e
000000020
10000016c
00000103f
210000000
000000020
20000103f
000000020
10000016c
000001040
210000000
000000020
200001040
000000020
10000016c
000001041
210000000
000000020
200001041
000000020
10000016c
000001042
210000000
000000020
200001042
000000020
10000016c
000001043
210000000
000000020
200001043
000000020
10000016c
000001044
210000000
000000020
200001044
000000020
10000016c
000001045
210000000
000000020
200001045
000000020
10000016c
000001046
210000000
000000020
200001046
000000000
00000016c
100000bbe
2000010e0
010001000
000000004
210001050
00000001c
0fffffbc6
1000001ae
000000003
00000000c
00000000c
0000001de
000001000
0fffffffc
000000e00
010000000
000000000
000000000
000000e00
200000e00
000000030
000000008
210000000
000000030
1000001ca
000000000
000000000
000000e00
200000e00
000000030
000000004
210000000
000000030
1000001ca
000000001
000000001
000000e01
200000e01
000000031
000000000
210000000
000000031
1000001ca
00000001c
00000000c
000000e0c
200000e0c
000000043
0fffffffc
210000000
000000043
0000001ca
100000bce
0000010a4
2000fffa8
000002000
2000fffac
000000d6e
2000fffa4
000000006
0000fffb0
0fffffbda
100000162
2000010a4
00000000a
000000176
010000000
0000010a5
210000000
00000000a
2000010a5
000000000
00000016c
100000d6e
000000007
000000008
100000c18
000001048
0fffffc1c
100000162
200001048
00000002d
000000176
010000000
000001049
210000000
00000002d
200001049
00000002d
10000016c
00000104a
210000000
00000002d
20000104a
00000002d
10000016c
00000104b
210000000
00000002d
20000104b
000000020
10000016c
00000104c
210000000
000000020
20000104c
000000053
10000016c
00000104d
210000000
000000053
20000104d
000000074
10000016c
00000104e
210000000
000000074
20000104e
000000061
10000016c
00000104f
210000000
000000061
20000104f
000000072
10000016c
000001050
210000000
000000072
200001050
000000074
10000016c
000001051
210000000
000000074
200001051
000000069
10000016c
000001052
210000000
000000069
200001052
00000006e
10000016c
000001053
210000000
00000006e
200001053
000000067
10000016c
000001054
210000000
000000067
200001054
000000020
10000016c
000001055
210000000
000000020
200001055
000000054
10000016c
000001056
210000000
000000054
200001056
000000065
10000016c
000001057
210000000
000000065
200001057
000000073
10000016c
000001058
210000000
000000073
200001058
000000074
10000016c
000001059
210000000
000000074
200001059
000000020
10000016c
00000105a
210000000
000000020
20000105a
000000000
00000016c
100000c24
000000007
0fffffc26
100000178
0000fffa0
0000fffa4
0000fffa4
00000000a
100000186
000000007
0000fffa5
000000000
2000fffa4
000000007
100000180
000000186
100000196
010000000
2000fffa4
000000007
0000fffa4
000000037
210000000
000000037
00000019a
0000fffb0
100000c2e
00000105c
0fffffc32
100000162
20000105c
000000020
000000176
010000000
00000105d
210000000
000000020
20000105d
00000002d
10000016c
00000105e
210000000
00000002d
20000105e
00000002d
10000016c
00000105f
210000000
00000002d
20000105f
00000002d
10000016c
000001060
210000000
00000002d
200001060
00000000a
10000016c
000001061
210000000
00000000a
200001061
000000000
00000016c
100000c3a
230000000
000000007
200002000
000000048
200002004
000000003
200002008
000000003
20000200c
000000008
200002010
000000001
000001064
0fffffc54
100000162
200001064
000000050
000000176
010000000
000001065
210000000
000000050
200001065
000000061
10000016c
000001066
210000000
000000061
200001066
000000072
10000016c
000001067
210000000
000000072
200001067
000000073
10000016c
000001068
210000000
000000073
200001068
000000065
10000016c
000001069
210000000
000000065
200001069
000000064
10000016c
00000106a
210000000
000000064
20000106a
000000020
10000016c
00000106b
210000000
000000020
20000106b
000000043
10000016c
00000106c
210000000
000000043
20000106c
00000006f
10000016c
00000106d
210000000
00000006f
20000106d
00000006e
10000016c
00000106e
210000000
00000006e
20000106e
000000066
10000016c
00000106f
210000000
000000066
20000106f
000000069
10000016c
000001070
210000000
000000069
200001070
000000067
10000016c
000001071
210000000
000000067
200001071
000000020
10000016c
000001072
210000000
000000020
200001072
00000002d
10000016c
000001073
210000000
00000002d
200001073
00000003e
10000016c
000001074
210000000
00000003e
200001074
000000020
10000016c
000001075
210000000
000000020
200001075
00000004e
10000016c
000001076
210000000
00000004e
200001076
00000003a
10000016c
000001077
210000000
00000003a
200001077
000000000
00000016c
100000c5c
000000048
0fffffc5e
100000178
0000fffa0
0000fffa4
0000fffa4
00000000a
100000186
000000002
0000fffa5
000000007
2000fffa4
000000002
100000180
100000186
000000007
0000fffa6
000000000
2000fffa5
000000007
100000180
000000186
100000196
010000000
2000fffa5
000000007
0000fffa5
000000037
210000000
000000037
10000019a
2000fffa4
000000002
0000fffa4
000000032
210000000
000000032
00000019a
0000fffb0
100000c66
000001078
0fffffc6a
100000162
200001078
000000020
000000176
010000000
000001079
210000000
000000020
200001079
000000048
10000016c
00000107a
210000000
000000048
20000107a
00000003a
10000016c
00000107b
210000000
00000003a
20000107b
000000000
00000016c
100000c72
000000003
0fffffc74
100000178
0000fffa0
0000fffa4
0000fffa4
00000000a
100000186
000000003
0000fffa5
000000000
2000fffa4
000000003
100000180
000000186
100000196
010000000
2000fffa4
000000003
0000fffa4
000000033
210000000
000000033
00000019a
0000fffb0
100000c7c
000001000
00000107c
0fffffc84
100000162
20000107c
000000020
000000176
010000000
00000107d
210000000
000000020
20000107d
000000057
10000016c
00000107e
210000000
000000057
20000107e
00000003a
10000016c
00000107f
210000000
00000003a
20000107f
000000000
00000016c
100000c8c
000000003
0fffffc8e
100000178
0000fffa0
0000fffa4
0000fffa4
00000000a
100000186
000000003
0000fffa5
000000000
2000fffa4
000000003
100000180
000000186
100000196
010000000
2000fffa4
000000003
0000fffa4
000000033
210000000
000000033
00000019a
0000fffb0
100000c96
000001000
000001080
0fffffc9e
100000162
200001080
000000020
000000176
010000000
000001081
210000000
000000020
200001081
000000043
10000016c
000001082
210000000
000000043
200001082
00000003a
10000016c
000001083
210000000
00000003a
200001083
000000000
00000016c
100000ca6
000000008
0fffffca8
100000178
0000fffa0
0000fffa4
0000fffa4
00000000a
100000186
000000008
0000fffa5
000000000
2000fffa4
000000008
100000180
000000186
100000196
010000000
2000fffa4
000000008
0000fffa4
000000038
210000000
000000038
00000019a
0000fffb0
100000cb0
000001000
0000010a4
0fffffcb8
100000162
2000010a4
00000000a
000000176
010000000
0000010a5
210000000
00000000a
2000010a5
000000000
00000016c
100000cc0
000001000
000001084
0fffffcc8
100000162
200001084
00000004c
000000176
010000000
000001085
210000000
00000004c
200001085
00000006f
10000016c
000001086
210000000
00000006f
200001086
000000061
10000016c
000001087
210000000
000000061
200001087
000000064
10000016c
000001088
210000000
000000064
200001088
000000069
10000016c
000001089
210000000
000000069
200001089
00000006e
10000016c
00000108a
210000000
00000006e
20000108a
000000067
10000016c
00000108b
210000000
000000067
20000108b
000000020
10000016c
00000108c
210000000
000000020
20000108c
000000074
10000016c
00000108d
210000000
000000074
20000108d
000000069
10000016c
00000108e
210000000
000000069
20000108e
00000006c
10000016c
00000108f
210000000
00000006c
20000108f
000000065
10000016c
000001090
210000000
000000065
200001090
000000021
10000016c
000001091
210000000
000000021
200001091
00000000a
10000016c
000001092
210000000
00000000a
200001092
000000000
00000016c
100000cd0
000000003
000080000
000000008
000000002
000000002
000000cdc
10000073e
000001000
2000010e0
010001000
210001014
000000002
210001018
000000002
21000101c
000000008
210001020
000080000
210001024
000000003
000000002
210001000
000000002
100000ce4
000000ce4
1000007ee
000001000
2000010e0
010001000
210001050
00000001c
000000007
000000001
100000cec
000000ce4
000001000
000001094
230000008
000000001
0fffffcfa
100000162
200001094
00000004c
000000176
010000000
000001095
210000000
00000004c
200001095
00000006f
10000016c
000001096
210000000
00000006f
200001096
000000061
10000016c
000001097
210000000
000000061
200001097
000000064
10000016c
000001098
210000000
000000064
200001098
000000069
10000016c
000001099
210000000
000000069
200001099
00000006e
10000016c
00000109a
210000000
00000006e
20000109a
000000067
10000016c
00000109b
210000000
000000067
20000109b
000000020
10000016c
00000109c
210000000
000000020
20000109c
000000077
10000016c
00000109d
210000000
000000077
20000109d
000000065
10000016c
00000109e
210000000
000000065
20000109e
000000069
10000016c
00000109f
210000000
000000069
20000109f
000000067
10000016c
0000010a0
210000000
000000067
2000010a0
000000068
10000016c
0000010a1
210000000
000000068
2000010a1
000000074
10000016c
0000010a2
210000000
000000074
2000010a2
000000073
10000016c
0000010a3
210000000
000000073
2000010a3
000000021
10000016c
0000010a4
210000000
000000021
2000010a4
00000000a
10000016c
0000010a5
210000000
00000000a
2000010a5
000000000
00000016c
100000d02
000040000
000000008
000000003
000000003
000000048
000000d0e
10000076e
000001000
2000010e0
010001000
21000103c
000000048
210001040
000000003
210001044
000000003
210001048
000000008
21000104c
000040000
000000004
210001000
000000004
100000d16
000000d16
10000080e
000001000
2000010e0
010001000
210001050
00000000c
000000000
000000000
100000d1e
100000d16
000000d16
10000080e
000001000
2000010e0
010001000
210001050
00000000c
000000000
000000000
100000d1e
100000d16
000000d16
10000080e
000001000
2000010e0
010001000
210001050
00000000c
000000000
000000000
100000d1e
100000d16
000000d16
10000080e
000001000
2000010e0
010001000
210001050
00000000c
000000000
000000000
100000d1e
100000d16
000000d16
10000080e
000001000
2000010e0
010001000
210001050
00000000c
000000000
000000000
100000d1e
100000d16
000000d16
10000080e
000001000
2000010e0
010001000
210001050
00000000c
000000000
000000000
100000d1e
100000d16
000000d16
10000080e
000001000
2000010e0
010001000
210001050
00000001c
000000001
000000001
100000d1e
000000d16
000001000
0000010a8
230000004
000000001
0fffffd2c
100000162
2000010a8
000000053
000000176
010000000
0000010a9
210000000
000000053
2000010a9
000000074
10000016c
0000010aa
210000000
000000074
2000010aa
00000006f
10000016c
0000010ab
210000000
00000006f
2000010ab
000000072
10000016c
0000010ac
210000000
000000072
2000010ac
000000069
10000016c
0000010ad
210000000
000000069
2000010ad
00000006e
10000016c
0000010ae
210000000
00000006e
2000010ae
000000067
10000016c
0000010af
210000000
000000067
2000010af
000000020
10000016c
0000010b0
210000000
000000020
2000010b0
000000074
10000016c
0000010b1
210000000
000000074
2000010b1
000000069
10000016c
0000010b2
210000000
000000069
2000010b2
00000006c
10000016c
0000010b3
210000000
00000006c
2000010b3
000000065
10000016c
0000010b4
210000000
000000065
2000010b4
000000021
10000016c
0000010b5
210000000
000000021
2000010b5
00000000a
10000016c
0000010b6
210000000
00000000a
2000010b6
000000000
00000016c
100000d34
000000003
0000c0000
000000008
000000002
000000002
000000d40
100000756
000001000
2000010e0
010001000
210001028
000000002
21000102c
000000002
210001030
000000008
210001034
0000c0000
210001038
000000003
000000003
210001000
000000003
100000d48
000000d48
1000007fe
000001000
2000010e0
010001000
210001050
00000001c
000000003
000000001
100000d50
000000d48
000001000
0000010b8
23000000c
000000001
0fffffd5e
100000162
2000010b8
000000052
000000176
010000000
0000010b9
210000000
000000052
2000010b9
000000065
10000016c
0000010ba
210000000
000000065
2000010ba
000000067
10000016c
0000010bb
210000000
000000067
2000010bb
000000020
10000016c
0000010bc
210000000
000000020
2000010bc
000000056
10000016c
0000010bd
210000000
000000056
2000010bd
000000061
10000016c
0000010be
210000000
000000061
2000010be
00000006c
10000016c
0000010bf
210000000
00000006c
2000010bf
000000073
10000016c
0000010c0
210000000
000000073
2000010c0
000000021
10000016c
0000010c1
210000000
000000021
2000010c1
00000000a
10000016c
0000010c2
210000000
00000000a
2000010c2
000000000
00000016c
100000d66
000000d66
10000082e
000001000
0000fffa0
000000e50
2000fffac
000000d6e
2000fffa8
000002000
2000fffa4
000000007
000001000
000000842
100000162
200000e50
000000063
000000176
010000000
000000e51
210000000
000000063
200000e51
00000006f
10000016c
000000e52
210000000
00000006f
200000e52
00000006d
10000016c
000000e53
210000000
00000006d
200000e53
00000006d
10000016c
000000e54
210000000
00000006d
200000e54
000000061
10000016c
000000e55
210000000
000000061
200000e55
00000006e
10000016c
000000e56
210000000
00000006e
200000e56
000000064
10000016c
000000e57
210000000
000000064
200000e57
00000005f
10000016c
000000e58
210000000
00000005f
200000e58
000000072
10000016c
000000e59
210000000
000000072
200000e59
000000065
10000016c
000000e5a
210000000
000000065
200000e5a
000000067
10000016c
000000e5b
210000000
000000067
200000e5b
00000003a
10000016c
000000e5c
210000000
00000003a
200000e5c
000000020
10000016c
000000e5d
210000000
000000020
200000e5d
000000020
10000016c
000000e5e
210000000
000000020
200000e5e
000000020
10000016c
000000e5f
210000000
000000020
200000e5f
000000020
10000016c
000000e60
210000000
000000020
200000e60
000000020
10000016c
000000e61
210000000
000000020
200000e61
000000020
10000016c
000000e62
210000000
000000020
200000e62
000000020
10000016c
000000e63
210000000
000000020
200000e63
000000020
10000016c
000000e64
210000000
000000020
200000e64
000000020
10000016c
000000e65
210000000
000000020
200000e65
000000020
10000016c
000000e66
210000000
000000020
200000e66
000000000
00000016c
10000084a
2000010e0
010001000
000000004
000001000
210001000
000000003
000000856
1000001ae
000000003
00000000c
00000000c
0000001de
000001000
0fffffffc
000000e00
010000000
000000000
000000000
000000e00
200000e00
000000030
000000008
210000000
000000030
1000001ca
000000000
000000000
000000e00
200000e00
000000030
000000004
210000000
000000030
1000001ca
000000000
000000000
000000e00
200000e00
000000030
000000000
210000000
000000030
1000001ca
000000003
000000003
000000e03
200000e03
000000033
0fffffffc
210000000
000000033
0000001ca
10000085e
0000010a4
000000862
100000162
2000010a4
00000000a
000000176
010000000
0000010a5
210000000
00000000a
2000010a5
000000000
00000016c
10000086a
000001000
000000e68
000000872
100000162
200000e68
000000063
000000176
010000000
000000e69
210000000
000000063
200000e69
00000006f
10000016c
000000e6a
210000000
00000006f
200000e6a
00000006d
10000016c
000000e6b
210000000
00000006d
200000e6b
000000070
10000016c
000000e6c
210000000
000000070
200000e6c
00000005f
10000016c
000000e6d
210000000
00000005f
200000e6d
000000063
10000016c
000000e6e
210000000
000000063
200000e6e
000000066
10000016c
000000e6f
210000000
000000066
200000e6f
000000067
10000016c
000000e70
210000000
000000067
200000e70
00000005f
10000016c
000000e71
210000000
00000005f
200000e71
000000072
10000016c
000000e72
210000000
000000072
200000e72
000000065
10000016c
000000e73
210000000
000000065
200000e73
000000067
10000016c
000000e74
210000000
000000067
200000e74
00000003a
10000016c
000000e75
210000000
00000003a
200000e75
000000020
10000016c
000000e76
210000000
000000020
200000e76
000000020
10000016c
000000e77
210000000
000000020
200000e77
000000020
10000016c
000000e78
210000000
000000020
200000e78
000000020
10000016c
000000e79
210000000
000000020
200000e79
000000020
10000016c
000000e7a
210000000
000000020
200000e7a
000000020
10000016c
000000e7b
210000000
000000020
200000e7b
000000020
10000016c
000000e7c
210000000
000000020
200000e7c
000000020
10000016c
000000e7d
210000000
000000020
200000e7d
000000020
10000016c
000000e7e
210000000
000000020
200000e7e
000000000
00000016c
10000087a
2000010e0
010001000
000000004
210001004
000000000
000000882
1000001ae
000000003
00000000c
00000000c
0000001de
000001000
0fffffffc
000000e00
010000000
000000000
000000000
000000e00
200000e00
000000030
000000008
210000000
000000030
1000001ca
000000000
000000000
000000e00
200000e00
000000030
000000004
210000000
000000030
1000001ca
000000000
000000000
000000e00
200000e00
000000030
000000000
210000000
000000030
1000001ca
000000000
000000000
000000e00
200000e00
000000030
0fffffffc
210000000
000000030
0000001ca
10000088a
0000010a4
00000088e
100000162
2000010a4
00000000a
000000176
010000000
0000010a5
210000000
00000000a
2000010a5
000000000
00000016c
100000896
000001000
000000e80
00000089e
100000162
200000e80
000000063
000000176
010000000
000000e81
210000000
000000063
200000e81
00000006f
10000016c
000000e82
210000000
00000006f
200000e82
00000006d
10000016c
000000e83
210000000
00000006d
200000e83
000000070
10000016c
000000e84
210000000
000000070
200000e84
00000005f
10000016c
000000e85
210000000
00000005f
200000e85
000000063
10000016c
000000e86
210000000
000000063
200000e86
000000066
10000016c
000000e87
210000000
000000066
200000e87
000000067
10000016c
000000e88
210000000
000000067
200000e88
00000005f
10000016c
000000e89
210000000
00000005f
200000e89
000000048
10000016c
000000e8a
210000000
000000048
200000e8a
00000005f
10000016c
000000e8b
210000000
00000005f
200000e8b
000000072
10000016c
000000e8c
210000000
000000072
200000e8c
000000065
10000016c
000000e8d
210000000
000000065
200000e8d
000000067
10000016c
000000e8e
210000000
000000067
200000e8e
00000003a
10000016c
000000e8f
210000000
00000003a
200000e8f
000000020
10000016c
000000e90
210000000
000000020
200000e90
000000020
10000016c
000000e91
210000000
000000020
200000e91
000000020
10000016c
000000e92
210000000
000000020
200000e92
000000020
10000016c
000000e93
210000000
000000020
200000e93
000000020
10000016c
000000e94
210000000
000000020
200000e94
000000020
10000016c
000000e95
210000000
000000020
200000e95
000000020
10000016c
000000e96
210000000
000000020
200000e96
000000000
00000016c
1000008a6
2000010e0
010001000
000000004
210001008
000000000
0000008ae
1000001ae
000000003
00000000c
00000000c
0000001de
000001000
0fffffffc
000000e00
010000000
000000000
000000000
000000e00
200000e00
000000030
000000008
210000000
000000030
1000001ca
000000000
000000000
000000e00
200000e00
000000030
000000004
210000000
000000030
1000001ca
000000000
000000000
000000e00
200000e00
000000030
000000000
210000000
000000030
1000001ca
000000000
000000000
000000e00
200000e00
000000030
0fffffffc
210000000
000000030
0000001ca
1000008b6
0000010a4
0000008ba
100000162
2000010a4
00000000a
000000176
010000000
0000010a5
210000000
00000000a
2000010a5
000000000
00000016c
1000008c2
000001000
000000e98
0000008ca
100000162
200000e98
000000063
000000176
010000000
000000e99
210000000
000000063
200000e99
00000006f
10000016c
000000e9a
210000000
00000006f
200000e9a
00000006d
10000016c
000000e9b
210000000
00000006d
200000e9b
000000070
10000016c
000000e9c
210000000
000000070
200000e9c
00000005f
10000016c
000000e9d
210000000
00000005f
200000e9d
000000063
10000016c
000000e9e
210000000
000000063
200000e9e
000000066
10000016c
000000e9f
210000000
000000066
200000e9f
000000067
10000016c
000000ea0
210000000
000000067
200000ea0
00000005f
10000016c
000000ea1
210000000
00000005f
200000ea1
000000057
10000016c
000000ea2
210000000
000000057
200000ea2
00000005f
10000016c
000000ea3
210000000
00000005f
200000ea3
000000072
10000016c
000000ea4
210000000
000000072
200000ea4
000000065
10000016c
000000ea5
210000000
000000065
200000ea5
000000067
10000016c
000000ea6
210000000
000000067
200000ea6
00000003a
10000016c
000000ea7
210000000
00000003a
200000ea7
000000020
10000016c
000000ea8
210000000
000000020
200000ea8
000000020
10000016c
000000ea9
210000000
000000020
200000ea9
000000020
10000016c
000000eaa
210000000
000000020
200000eaa
000000020
10000016c
000000eab
210000000
000000020
200000eab
000000020
10000016c
000000eac
210000000
000000020
200000eac
000000020
10000016c
000000ead
210000000
000000020
200000ead
000000020
10000016c
000000eae
210000000
000000020
200000eae
000000000
00000016c
1000008d2
2000010e0
010001000
000000004
21000100c
000000000
0000008da
1000001ae
000000003
00000000c
00000000c
0000001de
000001000
0fffffffc
000000e00
010000000
000000000
000000000
000000e00
200000e00
000000030
000000008
210000000
000000030
1000001ca
000000000
000000000
000000e00
200000e00
000000030
000000004
210000000
000000030
1000001ca
000000000
000000000
000000e00
200000e00
000000030
000000000
210000000
000000030
1000001ca
000000000
000000000
000000e00
200000e00
000000030
0fffffffc
210000000
000000030
0000001ca
1000008e2
0000010a4
0000008e6
100000162
2000010a4
00000000a
000000176
010000000
0000010a5
210000000
00000000a
2000010a5
000000000
00000016c
1000008ee
000001000
000000eb0
0000008f6
100000162
200000eb0
000000063
000000176
010000000
000000eb1
210000000
000000063
200000eb1
00000006f
10000016c
000000eb2
210000000
00000006f
200000eb2
00000006d
10000016c
000000eb3
210000000
00000006d
200000eb3
000000070
10000016c
000000eb4
210000000
000000070
200000eb4
00000005f
10000016c
000000eb5
210000000
00000005f
200000eb5
000000063
10000016c
000000eb6
210000000
000000063
200000eb6
000000066
10000016c
000000eb7
210000000
000000066
200000eb7
000000067
10000016c
000000eb8
210000000
000000067
200000eb8
00000005f
10000016c
000000eb9
210000000
00000005f
200000eb9
000000043
10000016c
000000eba
210000000
000000043
200000eba
00000005f
10000016c
000000ebb
210000000
00000005f
200000ebb
000000072
10000016c
000000ebc
210000000
000000072
200000ebc
000000065
10000016c
000000ebd
210000000
000000065
200000ebd
000000067
10000016c
000000ebe
210000000
000000067
200000ebe
00000003a
10000016c
000000ebf
210000000
00000003a
200000ebf
000000020
10000016c
000000ec0
210000000
000000020
200000ec0
000000020
10000016c
000000ec1
210000000
000000020
200000ec1
000000020
10000016c
000000ec2
210000000
000000020
200000ec2
000000020
10000016c
000000ec3
210000000
000000020
200000ec3
000000020
10000016c
000000ec4
210000000
000000020
200000ec4
000000020
10000016c
000000ec5
210000000
000000020
200000ec5
000000020
10000016c
000000ec6
210000000
000000020
200000ec6
000000000
00000016c
1000008fe
2000010e0
010001000
000000004
210001010
000000000
000000906
1000001ae
000000003
00000000c
00000000c
0000001de
000001000
0fffffffc
000000e00
010000000
000000000
000000000
000000e00
200000e00
000000030
000000008
210000000
000000030
1000001ca
000000000
000000000
000000e00
200000e00
000000030
000000004
210000000
000000030
1000001ca
000000000
000000000
000000e00
200000e00
000000030
000000000
210000000
000000030
1000001ca
000000000
000000000
000000e00
200000e00
000000030
0fffffffc
210000000
000000030
0000001ca
10000090e
0000010a4
000000912
100000162
2000010a4
00000000a
000000176
010000000
0000010a5
210000000
00000000a
2000010a5
000000000
00000016c
10000091a
000001000
000000ec8
000000922
100000162
200000ec8
000000069
000000176
010000000
000000ec9
210000000
000000069
200000ec9
00000006e
10000016c
000000eca
210000000
00000006e
200000eca
000000070
10000016c
000000ecb
210000000
000000070
200000ecb
000000075
10000016c
000000ecc
210000000
000000075
200000ecc
000000074
10000016c
000000ecd
210000000
000000074
200000ecd
00000005f
10000016c
000000ece
210000000
00000005f
200000ece
000000074
10000016c
000000ecf
210000000
000000074
200000ecf
000000069
10000016c
000000ed0
210000000
000000069
200000ed0
00000006c
10000016c
000000ed1
210000000
00000006c
200000ed1
000000065
10000016c
000000ed2
210000000
000000065
200000ed2
00000005f
10000016c
000000ed3
210000000
00000005f
200000ed3
000000063
10000016c
000000ed4
210000000
000000063
200000ed4
000000066
10000016c
000000ed5
210000000
000000066
200000ed5
000000067
10000016c
000000ed6
210000000
000000067
200000ed6
00000005f
10000016c
000000ed7
210000000
00000005f
200000ed7
000000048
10000016c
000000ed8
210000000
000000048
200000ed8
00000005f
10000016c
000000ed9
210000000
00000005f
200000ed9
000000072
10000016c
000000eda
210000000
000000072
200000eda
000000065
10000016c
000000edb
210000000
000000065
200000edb
000000067
10000016c
000000edc
210000000
000000067
200000edc
00000003a
10000016c
000000edd
210000000
00000003a
200000edd
000000020
10000016c
000000ede
210000000
000000020
200000ede
000000000
00000016c
10000092a
2000010e0
010001000
000000004
210001014
000000002
000000932
1000001ae
000000003
00000000c
00000000c
0000001de
000001000
0fffffffc
000000e00
010000000
000000000
000000000
000000e00
200000e00
000000030
000000008
210000000
000000030
1000001ca
000000000
000000000
000000e00
200000e00
000000030
000000004
210000000
000000030
1000001ca
000000000
000000000
000000e00
200000e00
000000030
000000000
210000000
000000030
1000001ca
000000002
000000002
000000e02
200000e02
000000032
0fffffffc
210000000
000000032
0000001ca
10000093a
0000010a4
00000093e
100000162
2000010a4
00000000a
000000176
010000000
0000010a5
210000000
00000000a
2000010a5
000000000
00000016c
100000946
000001000
000000ee0
00000094e
100000162
200000ee0
000000069
000000176
010000000
000000ee1
210000000
000000069
200000ee1
00000006e
10000016c
000000ee2
210000000
00000006e
200000ee2
000000070
10000016c
000000ee3
210000000
000000070
200000ee3
000000075
10000016c
000000ee4
210000000
000000075
200000ee4
000000074
10000016c
000000ee5
210000000
000000074
200000ee5
00000005f
10000016c
000000ee6
210000000
00000005f
200000ee6
000000074
10000016c
000000ee7
210000000
000000074
200000ee7
000000069
10000016c
000000ee8
210000000
000000069
200000ee8
00000006c
10000016c
000000ee9
210000000
00000006c
200000ee9
000000065
10000016c
000000eea
210000000
000000065
200000eea
00000005f
10000016c
000000eeb
210000000
00000005f
200000eeb
000000063
10000016c
000000eec
210000000
000000063
200000eec
000000066
10000016c
000000eed
210000000
000000066
200000eed
000000067
10000016c
000000eee
210000000
000000067
200000eee
00000005f
10000016c
000000eef
210000000
00000005f
200000eef
000000057
10000016c
000000ef0
210000000
000000057
200000ef0
00000005f
10000016c
000000ef1
210000000
00000005f
200000ef1
000000072
10000016c
000000ef2
210000000
000000072
200000ef2
000000065
10000016c
000000ef3
210000000
000000065
200000ef3
000000067
10000016c
000000ef4
210000000
000000067
200000ef4
00000003a
10000016c
000000ef5
210000000
00000003a
200000ef5
000000020
10000016c
000000ef6
210000000
000000020
200000ef6
000000000
00000016c
100000956
2000010e0
010001000
000000004
210001018
000000002
00000095e
1000001ae
000000003
00000000c
00000000c
0000001de
000001000
0fffffffc
000000e00
010000000
000000000
000000000
000000e00
200000e00
000000030
000000008
210000000
000000030
1000001ca
000000000
000000000
000000e00
200000e00
000000030
000000004
210000000
000000030
1000001ca
000000000
000000000
000000e00
200000e00
000000030
000000000
210000000
000000030
1000001ca
000000002
000000002
000000e02
200000e02
000000032
0fffffffc
210000000
000000032
0000001ca
100000966
0000010a4
0fffff96a
100000162
2000010a4
00000000a
000000176
010000000
0000010a5
210000000
00000000a
2000010a5
000000000
00000016c
100000972
000001000
000000ef8
0fffff97a
100000162
200000ef8
000000069
000000176
010000000
000000ef9
210000000
000000069
200000ef9
00000006e
10000016c
000000efa
210000000
00000006e
200000efa
000000070
10000016c
000000efb
210000000
000000070
200000efb
000000075
10000016c
000000efc
210000000
000000075
200000efc
000000074
10000016c
000000efd
210000000
000000074
200000efd
00000005f
10000016c
000000efe
210000000
00000005f
200000efe
000000074
10000016c
000000eff
210000000
000000074
200000eff
000000069
10000016c
000000f00
210000000
000000069
200000f00
00000006c
10000016c
000000f01
210000000
00000006c
200000f01
000000065
10000016c
000000f02
210000000
000000065
200000f02
00000005f
10000016c
000000f03
210000000
00000005f
200000f03
000000063
10000016c
000000f04
210000000
000000063
200000f04
000000066
10000016c
000000f05
210000000
000000066
200000f05
000000067
10000016c
000000f06
210000000
000000067
200000f06
00000005f
10000016c
000000f07
210000000
00000005f
200000f07
000000043
10000016c
000000f08
210000000
000000043
200000f08
00000005f
10000016c
000000f09
210000000
00000005f
200000f09
000000072
10000016c
000000f0a
210000000
000000072
200000f0a
000000065
10000016c
000000f0b
210000000
000000065
200000f0b
000000067
10000016c
000000f0c
210000000
000000067
200000f0c
00000003a
10000016c
000000f0d
210000000
00000003a
200000f0d
000000020
10000016c
000000f0e
210000000
000000020
200000f0e
000000000
00000016c
100000982
2000010e0
010001000
000000004
21000101c
000000008
00000098a
1000001ae
000000003
00000000c
00000000c
0000001de
000001000
0fffffffc
000000e00
010000000
000000000
000000000
000000e00
200000e00
000000030
000000008
210000000
000000030
1000001ca
000000000
000000000
000000e00
200000e00
000000030
000000004
210000000
000000030
1000001ca
000000000
000000000
000000e00
200000e00
000000030
000000000
210000000
000000030
1000001ca
000000008
000000008
000000e08
200000e08
000000038
0fffffffc
210000000
000000038
0000001ca
100000992
0000010a4
0fffff996
100000162
2000010a4
00000000a
000000176
010000000
0000010a5
210000000
00000000a
2000010a5
000000000
00000016c
10000099e
000001000
000000f10
0fffff9a6
100000162
200000f10
000000069
000000176
010000000
000000f11
210000000
000000069
200000f11
00000006e
10000016c
000000f12
210000000
00000006e
200000f12
000000070
10000016c
000000f13
210000000
000000070
200000f13
000000075
10000016c
000000f14
210000000
000000075
200000f14
000000074
10000016c
000000f15
210000000
000000074
200000f15
00000005f
10000016c
000000f16
210000000
00000005f
200000f16
000000074
10000016c
000000f17
210000000
000000074
200000f17
000000069
10000016c
000000f18
210000000
000000069
200000f18
00000006c
10000016c
000000f19
210000000
00000006c
200000f19
000000065
10000016c
000000f1a
210000000
000000065
200000f1a
00000005f
10000016c
000000f1b
210000000
00000005f
200000f1b
000000061
10000016c
000000f1c
210000000
000000061
200000f1c
000000064
10000016c
000000f1d
210000000
000000064
200000f1d
000000064
10000016c
000000f1e
210000000
000000064
200000f1e
000000072
10000016c
000000f1f
210000000
000000072
200000f1f
00000005f
10000016c
000000f20
210000000
00000005f
200000f20
000000072
10000016c
000000f21
210000000
000000072
200000f21
000000065
10000016c
000000f22
210000000
000000065
200000f22
000000067
10000016c
000000f23
210000000
000000067
200000f23
00000003a
10000016c
000000f24
210000000
00000003a
200000f24
000000020
10000016c
000000f25
210000000
000000020
200000f25
000000020
10000016c
000000f26
210000000
000000020
200000f26
000000000
00000016c
1000009ae
2000010e0
010001000
000000008
210001020
000080000
0fffff9b6
1000001ae
000000007
00000001c
00000001c
0000001de
000001000
0fffffffc
000000e00
010000000
000000000
000000000
000000e00
200000e00
000000030
000000018
210000000
000000030
1000001ca
000000000
000000000
000000e00
200000e00
000000030
000000014
210000000
000000030
1000001ca
000000000
000000000
000000e00
200000e00
000000030
000000010
210000000
000000030
1000001ca
000000008
000000008
000000e08
200000e08
000000038
00000000c
210000000
000000038
1000001ca
000000080
000000000
000000e00
200000e00
000000030
000000008
210000000
000000030
1000001ca
000000800
000000000
000000e00
200000e00
000000030
000000004
210000000
000000030
1000001ca
000008000
000000000
000000e00
200000e00
000000030
000000000
210000000
000000030
1000001ca
000080000
000000000
000000e00
200000e00
000000030
0fffffffc
210000000
000000030
0000001ca
1000009be
0000010a4
0fffff9c2
100000162
2000010a4
00000000a
000000176
010000000
0000010a5
210000000
00000000a
2000010a5
000000000
00000016c
1000009ca
000001000
000000f28
0fffff9d2
100000162
200000f28
000000069
000000176
010000000
000000f29
210000000
000000069
200000f29
00000006e
10000016c
000000f2a
210000000
00000006e
200000f2a
000000070
10000016c
000000f2b
210000000
000000070
200000f2b
000000075
10000016c
000000f2c
210000000
000000075
200000f2c
000000074
10000016c
000000f2d
210000000
000000074
200000f2d
00000005f
10000016c
000000f2e
210000000
00000005f
200000f2e
000000074
10000016c
000000f2f
210000000
000000074
200000f2f
000000069
10000016c
000000f30
210000000
000000069
200000f30
00000006c
10000016c
000000f31
210000000
00000006c
200000f31
000000065
10000016c
000000f32
210000000
000000065
200000f32
00000005f
10000016c
000000f33
210000000
00000005f
200000f33
00000006d
10000016c
000000f34
210000000
00000006d
200000f34
000000061
10000016c
000000f35
210000000
000000061
200000f35
000000074
10000016c
000000f36
210000000
000000074
200000f36
00000005f
10000016c
000000f37
210000000
00000005f
200000f37
000000057
10000016c
000000f38
210000000
000000057
200000f38
00000005f
10000016c
000000f39
210000000
00000005f
200000f39
000000072
10000016c
000000f3a
210000000
000000072
200000f3a
000000065
10000016c
000000f3b
210000000
000000065
200000f3b
000000067
10000016c
000000f3c
210000000
000000067
200000f3c
00000003a
10000016c
000000f3d
210000000
00000003a
200000f3d
000000020
10000016c
000000f3e
210000000
000000020
200000f3e
000000000
00000016c
1000009da
2000010e0
010001000
000000004
210001024
000000003
0fffff9e2
1000001ae
000000003
00000000c
00000000c
0000001de
000001000
0fffffffc
000000e00
010000000
000000000
000000000
000000e00
200000e00
000000030
000000008
210000000
000000030
1000001ca
000000000
000000000
000000e00
200000e00
000000030
000000004
210000000
000000030
1000001ca
000000000
000000000
000000e00
200000e00
000000030
000000000
210000000
000000030
1000001ca
000000003
000000003
000000e03
200000e03
000000033
0fffffffc
210000000
000000033
0000001ca
1000009ea
0000010a4
0fffff9ee
100000162
2000010a4
00000000a
000000176
010000000
0000010a5
210000000
00000000a
2000010a5
000000000
00000016c
1000009f6
000001000
000000f40
0fffff9fe
100000162
200000f40
00000006f
000000176
010000000
000000f41
210000000
00000006f
200000f41
000000075
10000016c
000000f42
210000000
000000075
200000f42
000000074
10000016c
000000f43
210000000
000000074
200000f43
000000070
10000016c
000000f44
210000000
000000070
200000f44
000000075
10000016c
000000f45
210000000
000000075
200000f45
000000074
10000016c
000000f46
210000000
000000074
200000f46
00000005f
10000016c
000000f47
210000000
00000005f
200000f47
000000074
10000016c
000000f48
210000000
000000074
200000f48
000000069
10000016c
000000f49
210000000
000000069
200000f49
00000006c
10000016c
000000f4a
210000000
00000006c
200000f4a
000000065
10000016c
000000f4b
210000000
000000065
200000f4b
00000005f
10000016c
000000f4c
210000000
00000005f
200000f4c
000000063
10000016c
000000f4d
210000000
000000063
200000f4d
000000066
10000016c
000000f4e
210000000
000000066
200000f4e
000000067
10000016c
000000f4f
210000000
000000067
200000f4f
00000005f
10000016c
000000f50
210000000
00000005f
200000f50
000000048
10000016c
000000f51
210000000
000000048
200000f51
00000005f
10000016c
000000f52
210000000
00000005f
200000f52
000000072
10000016c
000000f53
210000000
000000072
200000f53
000000065
10000016c
000000f54
210000000
000000065
200000f54
000000067
10000016c
000000f55
210000000
000000067
200000f55
00000003a
10000016c
000000f56
210000000
00000003a
200000f56
000000000
00000016c
100000a06
2000010e0
010001000
000000004
210001028
000000002
0fffffa0e
1000001ae
000000003
00000000c
00000000c
0000001de
000001000
0fffffffc
000000e00
010000000
000000000
000000000
000000e00
200000e00
000000030
000000008
210000000
000000030
1000001ca
000000000
000000000
000000e00
200000e00
000000030
000000004
210000000
000000030
1000001ca
000000000
000000000
000000e00
200000e00
000000030
000000000
210000000
000000030
1000001ca
000000002
000000002
000000e02
200000e02
000000032
0fffffffc
210000000
000000032
0000001ca
100000a16
0000010a4
0fffffa1a
100000162
2000010a4
00000000a
000000176
010000000
0000010a5
210000000
00000000a
2000010a5
000000000
00000016c
100000a22
000001000
000000f58
0fffffa2a
100000162
200000f58
00000006f
000000176
010000000
000000f59
210000000
00000006f
200000f59
000000075
10000016c
000000f5a
210000000
000000075
200000f5a
000000074
10000016c
000000f5b
210000000
000000074
200000f5b
000000070
10000016c
000000f5c
210000000
000000070
200000f5c
000000075
10000016c
000000f5d
210000000
000000075
200000f5d
000000074
10000016c
000000f5e
210000000
000000074
200000f5e
00000005f
10000016c
000000f5f
210000000
00000005f
200000f5f
000000074
10000016c
000000f60
210000000
000000074
200000f60
000000069
10000016c
000000f61
210000000
000000069
200000f61
00000006c
10000016c
000000f62
210000000
00000006c
200000f62
000000065
10000016c
000000f63
210000000
000000065
200000f63
00000005f
10000016c
000000f64
210000000
00000005f
200000f64
000000063
10000016c
000000f65
210000000
000000063
200000f65
000000066
10000016c
000000f66
210000000
000000066
200000f66
000000067
10000016c
000000f67
210000000
000000067
200000f67
00000005f
10000016c
000000f68
210000000
00000005f
200000f68
000000057
10000016c
000000f69
210000000
000000057
200000f69
00000005f
10000016c
000000f6a
210000000
00000005f
200000f6a
000000072
10000016c
000000f6b
210000000
000000072
200000f6b
000000065
10000016c
000000f6c
210000000
000000065
200000f6c
000000067
10000016c
000000f6d
210000000
000000067
200000f6d
00000003a
10000016c
000000f6e
210000000
00000003a
200000f6e
000000000
00000016c
100000a32
2000010e0
010001000
000000004
21000102c
000000002
0fffffa3a
1000001ae
000000003
00000000c
00000000c
0000001de
000001000
0fffffffc
000000e00
010000000
000000000
000000000
000000e00
200000e00
000000030
000000008
210000000
000000030
1000001ca
000000000
000000000
000000e00
200000e00
000000030
000000004
210000000
000000030
1000001ca
000000000
000000000
000000e00
200000e00
000000030
000000000
210000000
000000030
1000001ca
000000002
000000002
000000e02
200000e02
000000032
0fffffffc
210000000
000000032
0000001ca
100000a42
0000010a4
0fffffa46
100000162
2000010a4
00000000a
000000176
010000000
0000010a5
210000000
00000000a
2000010a5
000000000
00000016c
100000a4e
000001000
000000f70
0fffffa56
100000162
200000f70
00000006f
000000176
010000000
000000f71
210000000
00000006f
200000f71
000000075
10000016c
000000f72
210000000
000000075
200000f72
000000074
10000016c
000000f73
210000000
000000074
200000f73
000000070
10000016c
000000f74
210000000
000000070
200000f74
000000075
10000016c
000000f75
210000000
000000075
200000f75
000000074
10000016c
000000f76
210000000
000000074
200000f76
00000005f
10000016c
000000f77
210000000
00000005f
200000f77
000000074
10000016c
000000f78
210000000
000000074
200000f78
000000069
10000016c
000000f79
210000000
000000069
200000f79
00000006c
10000016c
000000f7a
210000000
00000006c
200000f7a
000000065
10000016c
000000f7b
210000000
000000065
200000f7b
00000005f
10000016c
000000f7c
210000000
00000005f
200000f7c
000000063
10000016c
000000f7d
210000000
000000063
200000f7d
000000066
10000016c
000000f7e
210000000
000000066
200000f7e
000000067
10000016c
000000f7f
210000000
000000067
200000f7f
00000005f
10000016c
000000f80
210000000
00000005f
200000f80
000000043
10000016c
000000f81
210000000
000000043
200000f81
00000005f
10000016c
000000f82
210000000
00000005f
200000f82
000000072
10000016c
000000f83
210000000
000000072
200000f83
000000065
10000016c
000000f84
210000000
000000065
200000f84
000000067
10000016c
000000f85
210000000
000000067
200000f85
00000003a
10000016c
000000f86
210000000
00000003a
200000f86
000000000
00000016c
100000a5e
2000010e0
010001000
000000004
210001030
000000008
0fffffa66
1000001ae
000000003
00000000c
00000000c
0000001de
000001000
0fffffffc
000000e00
010000000
000000000
000000000
000000e00
200000e00
000000030
000000008
210000000
000000030
1000001ca
000000000
000000000
000000e00
200000e00
000000030
000000004
210000000
000000030
1000001ca
000000000
000000000
000000e00
200000e00
000000030
000000000
210000000
000000030
1000001ca
000000008
000000008
000000e08
200000e08
000000038
0fffffffc
210000000
000000038
0000001ca
100000a6e
0000010a4
0fffffa72
100000162
2000010a4
00000000a
000000176
010000000
0000010a5
210000000
00000000a
2000010a5
000000000
00000016c
100000a7a
000001000
000000f88
0fffffa82
100000162
200000f88
00000006f
000000176
010000000
000000f89
210000000
00000006f
200000f89
000000075
10000016c
000000f8a
210000000
000000075
200000f8a
000000074
10000016c
000000f8b
210000000
000000074
200000f8b
000000070
10000016c
000000f8c
210000000
000000070
200000f8c
000000075
10000016c
000000f8d
210000000
000000075
200000f8d
000000074
10000016c
000000f8e
210000000
000000074
200000f8e
00000005f
10000016c
000000f8f
210000000
00000005f
200000f8f
000000074
10000016c
000000f90
210000000
000000074
200000f90
000000069
10000016c
000000f91
210000000
000000069
200000f91
00000006c
10000016c
000000f92
210000000
00000006c
200000f92
000000065
10000016c
000000f93
210000000
000000065
200000f93
00000005f
10000016c
000000f94
210000000
00000005f
200000f94
000000061
10000016c
000000f95
210000000
000000061
200000f95
000000064
10000016c
000000f96
210000000
000000064
200000f96
000000064
10000016c
000000f97
210000000
000000064
200000f97
000000072
10000016c
000000f98
210000000
000000072
200000f98
00000005f
10000016c
000000f99
210000000
00000005f
200000f99
000000072
10000016c
000000f9a
210000000
000000072
200000f9a
000000065
10000016c
000000f9b
210000000
000000065
200000f9b
000000067
10000016c
000000f9c
210000000
000000067
200000f9c
00000003a
10000016c
000000f9d
210000000
00000003a
200000f9d
000000020
10000016c
000000f9e
210000000
000000020
200000f9e
000000000
00000016c
100000a8a
2000010e0
010001000
000000008
210001034
0000c0000
0fffffa92
1000001ae
000000007
00000001c
00000001c
0000001de
000001000
0fffffffc
000000e00
010000000
000000000
000000000
000000e00
200000e00
000000030
000000018
210000000
000000030
1000001ca
000000000
000000000
000000e00
200000e00
000000030
000000014
210000000
000000030
1000001ca
000000000
000000000
000000e00
200000e00
000000030
000000010
210000000
000000030
1000001ca
00000000c
00000000c
000000e0c
200000e0c
000000043
00000000c
210000000
000000043
1000001ca
0000000c0
000000000
000000e00
200000e00
000000030
000000008
210000000
000000030
1000001ca
000000c00
000000000
000000e00
200000e00
000000030
000000004
210000000
000000030
1000001ca
00000c000
000000000
000000e00
200000e00
000000030
000000000
210000000
000000030
1000001ca
0000c0000
000000000
000000e00
200000e00
000000030
0fffffffc
210000000
000000030
0000001ca
100000a9a
0000010a4
0fffffa9e
100000162
2000010a4
00000000a
000000176
010000000
0000010a5
210000000
00000000a
2000010a5
000000000
00000016c
100000aa6
000001000
000000fa0
0fffffaae
100000162
200000fa0
00000006f
000000176
010000000
000000fa1
210000000
00000006f
200000fa1
000000075
10000016c
000000fa2
210000000
000000075
200000fa2
000000074
10000016c
000000fa3
210000000
000000074
200000fa3
000000070
10000016c
000000fa4
210000000
000000070
200000fa4
000000075
10000016c
000000fa5
210000000
000000075
200000fa5
000000074
10000016c
000000fa6
210000000
000000074
200000fa6
00000005f
10000016c
000000fa7
210000000
00000005f
200000fa7
000000074
10000016c
000000fa8
210000000
000000074
200000fa8
000000069
10000016c
000000fa9
210000000
000000069
200000fa9
00000006c
10000016c
000000faa
210000000
00000006c
200000faa
000000065
10000016c
000000fab
210000000
000000065
200000fab
00000005f
10000016c
000000fac
210000000
00000005f
200000fac
00000006d
10000016c
000000fad
210000000
00000006d
200000fad
000000061
10000016c
000000fae
210000000
000000061
200000fae
000000074
10000016c
000000faf
210000000
000000074
200000faf
00000005f
10000016c
000000fb0
210000000
00000005f
200000fb0
000000057
10000016c
000000fb1
210000000
000000057
200000fb1
00000005f
10000016c
000000fb2
210000000
00000005f
200000fb2
000000072
10000016c
000000fb3
210000000
000000072
200000fb3
000000065
10000016c
000000fb4
210000000
000000065
200000fb4
000000067
10000016c
000000fb5
210000000
000000067
200000fb5
00000003a
10000016c
000000fb6
210000000
00000003a
200000fb6
000000000
00000016c
100000ab6
2000010e0
010001000
000000004
210001038
000000003
0fffffabe
1000001ae
000000003
00000000c
00000000c
0000001de
000001000
0fffffffc
000000e00
010000000
000000000
000000000
000000e00
200000e00
000000030
000000008
210000000
000000030
1000001ca
000000000
000000000
000000e00
200000e00
000000030
000000004
210000000
000000030
1000001ca
000000000
000000000
000000e00
200000e00
000000030
000000000
210000000
000000030
1000001ca
000000003
000000003
000000e03
200000e03
000000033
0fffffffc
210000000
000000033
0000001ca
100000ac6
0000010a4
0fffffaca
100000162
2000010a4
00000000a
000000176
010000000
0000010a5
210000000
00000000a
2000010a5
000000000
00000016c
100000ad2
000001000
000000fb8
0fffffada
100000162
200000fb8
000000077
000000176
010000000
000000fb9
210000000
000000077
200000fb9
000000065
10000016c
000000fba
210000000
000000065
200000fba
000000069
10000016c
000000fbb
210000000
000000069
200000fbb
000000067
10000016c
000000fbc
210000000
000000067
200000fbc
000000068
10000016c
000000fbd
210000000
000000068
200000fbd
000000074
10000016c
000000fbe
210000000
000000074
200000fbe
00000005f
10000016c
000000fbf
210000000
00000005f
200000fbf
000000063
10000016c
000000fc0
210000000
000000063
200000fc0
000000066
10000016c
000000fc1
210000000
000000066
200000fc1
000000067
10000016c
000000fc2
210000000
000000067
200000fc2
00000005f
10000016c
000000fc3
210000000
00000005f
200000fc3
00000004e
10000016c
000000fc4
210000000
00000004e
200000fc4
00000005f
10000016c
000000fc5
210000000
00000005f
200000fc5
000000072
10000016c
000000fc6
210000000
000000072
200000fc6
000000065
10000016c
000000fc7
210000000
000000065
200000fc7
000000067
10000016c
000000fc8
210000000
000000067
200000fc8
00000003a
10000016c
000000fc9
210000000
00000003a
200000fc9
000000020
10000016c
000000fca
210000000
000000020
200000fca
000000020
10000016c
000000fcb
210000000
000000020
200000fcb
000000020
10000016c
000000fcc
210000000
000000020
200000fcc
000000020
10000016c
000000fcd
210000000
000000020
200000fcd
000000020
10000016c
000000fce
210000000
000000020
200000fce
000000000
00000016c
100000ae2
2000010e0
010001000
000000004
21000103c
000000048
0fffffaea
1000001ae
000000003
00000000c
00000000c
0000001de
000001000
0fffffffc
000000e00
010000000
000000000
000000000
000000e00
200000e00
000000030
000000008
210000000
000000030
1000001ca
000000000
000000000
000000e00
200000e00
000000030
000000004
210000000
000000030
1000001ca
000000004
000000004
000000e04
200000e04
000000034
000000000
210000000
000000034
1000001ca
000000048
000000008
000000e08
200000e08
000000038
0fffffffc
210000000
000000038
0000001ca
100000af2
0000010a4
0fffffaf6
100000162
2000010a4
00000000a
000000176
010000000
0000010a5
210000000
00000000a
2000010a5
000000000
00000016c
100000afe
000001000
000000fd0
0fffffb06
100000162
200000fd0
000000077
000000176
010000000
000000fd1
210000000
000000077
200000fd1
000000065
10000016c
000000fd2
210000000
000000065
200000fd2
000000069
10000016c
000000fd3
210000000
000000069
200000fd3
000000067
10000016c
000000fd4
210000000
000000067
200000fd4
000000068
10000016c
000000fd5
210000000
000000068
200000fd5
000000074
10000016c
000000fd6
210000000
000000074
200000fd6
00000005f
10000016c
000000fd7
210000000
00000005f
200000fd7
000000063
10000016c
000000fd8
210000000
000000063
200000fd8
000000066
10000016c
000000fd9
210000000
000000066
200000fd9
000000067
10000016c
000000fda
210000000
000000067
200000fda
00000005f
10000016c
000000fdb
210000000
00000005f
200000fdb
000000048
10000016c
000000fdc
210000000
000000048
200000fdc
00000005f
10000016c
000000fdd
210000000
00000005f
200000fdd
000000072
10000016c
000000fde
210000000
000000072
200000fde
000000065
10000016c
000000fdf
210000000
000000065
200000fdf
000000067
10000016c
000000fe0
210000000
000000067
200000fe0
00000003a
10000016c
000000fe1
210000000
00000003a
200000fe1
000000020
10000016c
000000fe2
210000000
000000020
200000fe2
000000020
10000016c
000000fe3
210000000
000000020
200000fe3
000000020
10000016c
000000fe4
210000000
000000020
200000fe4
000000020
10000016c
000000fe5
210000000
000000020
200000fe5
000000020
10000016c
000000fe6
210000000
000000020
200000fe6
000000000
00000016c
100000b0e
2000010e0
010001000
000000004
210001040
000000003
0fffffb16
1000001ae
000000003
00000000c
00000000c
0000001de
000001000
0fffffffc
000000e00
010000000
000000000
000000000
000000e00
200000e00
000000030
000000008
210000000
000000030
1000001ca
000000000
000000000
000000e00
200000e00
000000030
000000004
210000000
000000030
1000001ca
000000000
000000000
000000e00
200000e00
000000030
000000000
210000000
000000030
1000001ca
000000003
000000003
000000e03
200000e03
000000033
0fffffffc
210000000
000000033
0000001ca
100000b1e
0000010a4
0fffffb22
100000162
2000010a4
00000000a
000000176
010000000
0000010a5
210000000
00000000a
2000010a5
000000000
00000016c
100000b2a
000001000
000000fe8
0fffffb32
100000162
200000fe8
000000077
000000176
010000000
000000fe9
210000000
000000077
200000fe9
000000065
10000016c
000000fea
210000000
000000065
200000fea
000000069
10000016c
000000feb
210000000
000000069
200000feb
000000067
10000016c
000000fec
210000000
000000067
200000fec
000000068
10000016c
000000fed
210000000
000000068
200000fed
000000074
10000016c
000000fee
210000000
000000074
200000fee
00000005f
10000016c
000000fef
210000000
00000005f
200000fef
000000063
10000016c
000000ff0
210000000
000000063
200000ff0
000000066
10000016c
000000ff1
210000000
000000066
200000ff1
000000067
10000016c
000000ff2
210000000
000000067
200000ff2
00000005f
10000016c
000000ff3
210000000
00000005f
200000ff3
000000057
10000016c
000000ff4
210000000
000000057
200000ff4
00000005f
10000016c
000000ff5
210000000
00000005f
200000ff5
000000072
10000016c
000000ff6
210000000
000000072
200000ff6
000000065
10000016c
000000ff7
210000000
000000065
200000ff7
000000067
10000016c
000000ff8
210000000
000000067
200000ff8
00000003a
10000016c
000000ff9
210000000
00000003a
200000ff9
000000020
10000016c
000000ffa
210000000
000000020
200000ffa
000000020
10000016c
000000ffb
210000000
000000020
200000ffb
000000020
10000016c
000000ffc
210000000
000000020
200000ffc
000000020
10000016c
000000ffd
210000000
000000020
200000ffd
000000020
10000016c
000000ffe
210000000
000000020
200000ffe
000000000
00000016c
100000b3a
2000010e0
010001000
000000004
210001044
000000003
0fffffb42
1000001ae
000000003
00000000c
00000000c
0000001de
000001000
0fffffffc
000000e00
010000000
000000000
000000000
000000e00
200000e00
000000030
000000008
210000000
000000030
1000001ca
000000000
000000000
000000e00
200000e00
000000030
000000004
210000000
000000030
1000001ca
000000000
000000000
000000e00
200000e00
000000030
000000000
210000000
000000030
1000001ca
000000003
000000003
000000e03
200000e03
000000033
0fffffffc
210000000
000000033
0000001ca
100000b4a
0000010a4
0fffffb4e
100000162
2000010a4
00000000a
000000176
010000000
0000010a5
210000000
00000000a
2000010a5
000000000
00000016c
100000b56
000001000
000001000
0fffffb5e
100000162
200001000
000000077
000000176
010000000
000001001
210000000
000000077
200001001
000000065
10000016c
000001002
210000000
000000065
200001002
000000069
10000016c
000001003
210000000
000000069
200001003
000000067
10000016c
000001004
210000000
000000067
200001004
000000068
10000016c
000001005
210000000
000000068
200001005
000000074
10000016c
000001006
210000000
000000074
200001006
00000005f
10000016c
000001007
210000000
00000005f
200001007
000000063
10000016c
000001008
210000000
000000063
200001008
000000066
10000016c
000001009
210000000
000000066
200001009
000000067
10000016c
00000100a
210000000
000000067
20000100a
00000005f
10000016c
00000100b
210000000
00000005f
20000100b
000000043
10000016c
00000100c
210000000
000000043
20000100c
00000005f
10000016c
00000100d
210000000
00000005f
20000100d
000000072
10000016c
00000100e
210000000
000000072
20000100e
000000065
10000016c
00000100f
210000000
000000065
20000100f
000000067
10000016c
000001010
210000000
000000067
200001010
00000003a
10000016c
000001011
210000000
00000003a
200001011
000000020
10000016c
000001012
210000000
000000020
200001012
000000020
10000016c
000001013
210000000
000000020
200001013
000000020
10000016c
000001014
210000000
000000020
200001014
000000020
10000016c
000001015
210000000
000000020
200001015
000000020
10000016c
000001016
210000000
000000020
200001016
000000000
00000016c
100000b66
2000010e0
010001000
000000004
210001048
000000008
0fffffb6e
1000001ae
000000003
00000000c
00000000c
0000001de
000001000
0fffffffc
000000e00
010000000
000000000
000000000
000000e00
200000e00
000000030
000000008
210000000
000000030
1000001ca
000000000
000000000
000000e00
200000e00
000000030
000000004
210000000
000000030
1000001ca
000000000
000000000
000000e00
200000e00
000000030
000000000
210000000
000000030
1000001ca
000000008
000000008
000000e08
200000e08
000000038
0fffffffc
210000000
000000038
0000001ca
100000b76
0000010a4
0fffffb7a
100000162
2000010a4
00000000a
000000176
010000000
0000010a5
210000000
00000000a
2000010a5
000000000
00000016c
100000b82
000001000
000001018
0fffffb8a
100000162
200001018
000000077
000000176
010000000
000001019
210000000
000000077
200001019
000000065
10000016c
00000101a
210000000
000000065
20000101a
000000069
10000016c
00000101b
210000000
000000069
20000101b
000000067
10000016c
00000101c
210000000
000000067
20000101c
000000068
10000016c
00000101d
210000000
000000068
20000101d
000000074
10000016c
00000101e
210000000
000000074
20000101e
00000005f
10000016c
00000101f
210000000
00000005f
20000101f
000000061
10000016c
000001020
210000000
000000061
200001020
000000064
10000016c
000001021
210000000
000000064
200001021
000000064
10000016c
000001022
210000000
000000064
200001022
000000072
10000016c
000001023
210000000
000000072
200001023
000000065
10000016c
000001024
210000000
000000065
200001024
000000073
10000016c
000001025
210000000
000000073
200001025
000000073
10000016c
000001026
210000000
000000073
200001026
00000005f
10000016c
000001027
210000000
00000005f
200001027
000000072
10000016c
000001028
210000000
000000072
200001028
000000065
10000016c
000001029
210000000
000000065
200001029
000000067
10000016c
00000102a
210000000
000000067
20000102a
00000003a
10000016c
00000102b
210000000
00000003a
20000102b
000000020
10000016c
00000102c
210000000
000000020
20000102c
000000020
10000016c
00000102d
210000000
000000020
20000102d
000000020
10000016c
00000102e
210000000
000000020
20000102e
000000000
00000016c
100000b92
2000010e0
010001000
000000008
21000104c
000040000
0fffffb9a
1000001ae
000000007
00000001c
00000001c
0000001de
000001000
0fffffffc
000000e00
010000000
000000000
000000000
000000e00
200000e00
000000030
000000018
210000000
000000030
1000001ca
000000000
000000000
000000e00
200000e00
000000030
000000014
210000000
000000030
1000001ca
000000000
000000000
000000e00
200000e00
000000030
000000010
210000000
000000030
1000001ca
000000004
000000004
000000e04
200000e04
000000034
00000000c
210000000
000000034
1000001ca
000000040
000000000
000000e00
200000e00
000000030
000000008
210000000
000000030
1000001ca
000000400
000000000
000000e00
200000e00
000000030
000000004
210000000
000000030
1000001ca
000004000
000000000
000000e00
200000e00
000000030
000000000
210000000
000000030
1000001ca
000040000
000000000
000000e00
200000e00
000000030
0fffffffc
210000000
000000030
0000001ca
100000ba2
0000010a4
0fffffba6
100000162
2000010a4
00000000a
000000176
010000000
0000010a5
210000000
00000000a
2000010a5
000000000
00000016c
100000bae
000001000
000001030
0fffffbb6
100000162
200001030
000000073
000000176
010000000
000001031
210000000
000000073
200001031
000000074
10000016c
000001032
210000000
000000074
200001032
000000061
10000016c
000001033
210000000
000000061
200001033
000000074
10000016c
000001034
210000000
000000074
200001034
000000075
10000016c
000001035
210000000
000000075
200001035
000000073
10000016c
000001036
210000000
000000073
200001036
00000005f
10000016c
000001037
210000000
00000005f
200001037
000000072
10000016c
000001038
210000000
000000072
200001038
000000065
10000016c
000001039
210000000
000000065
200001039
000000067
10000016c
00000103a
210000000
000000067
20000103a
00000003a
10000016c
00000103b
210000000
00000003a
20000103b
000000020
10000016c
00000103c
210000000
000000020
20000103c
000000020
10000016c
00000103d
210000000
000000020
20000103d
000000020
10000016c
00000103e
210000000
000000020
20000103e
000000020
10000016c
00000103f
210000000
000000020
20000103f
000000020
10000016c
000001040
210000000
000000020
200001040
000000020
10000016c
000001041
210000000
000000020
200001041
000000020
10000016c
000001042
210000000
000000020
200001042
000000020
10000016c
000001043
210000000
000000020
200001043
000000020
10000016c
000001044
210000000
000000020
200001044
000000020
10000016c
000001045
210000000
000000020
200001045
000000020
10000016c
000001046
210000000
000000020
200001046
000000000
00000016c
100000bbe
2000010e0
010001000
000000004
210001050
00000001c
0fffffbc6
1000001ae
000000003
00000000c
00000000c
0000001de
000001000
0fffffffc
000000e00
010000000
000000000
000000000
000000e00
200000e00
000000030
000000008
210000000
000000030
1000001ca
000000000
000000000
000000e00
200000e00
000000030
000000004
210000000
000000030
1000001ca
000000001
000000001
000000e01
200000e01
000000031
000000000
210000000
000000031
1000001ca
00000001c
00000000c
000000e0c
200000e0c
000000043
0fffffffc
210000000
000000043
0000001ca
100000bce
0000010a4
2000fffa8
000002000
2000fffac
000000d6e
2000fffa4
000000007
0000fffb0
0fffffbda
100000162
2000010a4
00000000a
000000176
010000000
0000010a5
210000000
00000000a
2000010a5
000000000
00000016c
100000d6e
000000008
000000008
000000c18
000001000
0000010c4
0fffffd7e
100000162
2000010c4
000000041
000000176
010000000
0000010c5
210000000
000000041
2000010c5
00000006c
10000016c
0000010c6
210000000
00000006c
2000010c6
00000006c
10000016c
0000010c7
210000000
00000006c
2000010c7
000000020
10000016c
0000010c8
210000000
000000020
2000010c8
000000074
10000016c
0000010c9
210000000
000000074
2000010c9
000000065
10000016c
0000010ca
210000000
000000065
2000010ca
000000073
10000016c
0000010cb
210000000
000000073
2000010cb
000000074
10000016c
0000010cc
210000000
000000074
2000010cc
000000073
10000016c
0000010cd
210000000
000000073
2000010cd
000000020
10000016c
0000010ce
210000000
000000020
2000010ce
000000063
10000016c
0000010cf
210000000
000000063
2000010cf
00000006f
10000016c
0000010d0
210000000
00000006f
2000010d0
00000006d
10000016c
0000010d1
210000000
00000006d
2000010d1
000000070
10000016c
0000010d2
210000000
000000070
2000010d2
00000006c
10000016c
0000010d3
210000000
00000006c
2000010d3
000000065
10000016c
0000010d4
210000000
000000065
2000010d4
000000074
10000016c
0000010d5
210000000
000000074
2000010d5
000000065
10000016c
0000010d6
210000000
000000065
2000010d6
000000021
10000016c
0000010d7
210000000
000000021
2000010d7
00000000a
10000016c
0000010d8
210000000
00000000a
2000010d8
000000000
00000016c
100000d86
2000fffec
0000000e0
2000fffe8
000000000
2000fffe4
000000000
2000fffe0
000000000
2000fffdc
000000000
2000fffd8
000000000
2000fffd4
000000000
2000fffd0
000000000
2000fffcc
000000000
2000fffc8
000000000
2000fffc4
000000000
2000fffc0
000000000
2000fffbc
000000000
000000000
0000ffff0
1000000e0
0001000e0
000100000
2000ffff8
000000000
0100000ec
010000000
000000044
210000000
000000044
00000004f
210000000
00000004f
00000004e
210000000
00000004e
000000045
210000000
000000045
00000000a
210000000
00000000a
000000000
000000000
000000000
